warung_id,produk,kategori,omzet_peer_total,estimasi_omzet_harian,qty_peer_total
W1,Surya 16 batang,Rokok,112089000,103786.11111111111,3248
W1,Esse 16 batang,Rokok,79232500,73363.42592592593,2231
W1,Gudang Garam Filter 12 batang,Rokok,69785000,64615.74074074074,2877
W1,Pocari Sweat 350ml,Minuman,48513700,44920.09259259259,6848
W1,Djarum Super 12 batang,Rokok,48215000,44643.51851851852,1866
W1,Roma Kelapa 300g,Snack,46432300,42992.87037037037,5187
W1,Marlboro 16 batang,Rokok,43280000,40074.07407407407,1030
W1,Kratingdaeng 150ml,Minuman,42477900,39331.38888888889,5316
W1,Beras medium SPHP 5kg,Sembako,41926000,38820.37037037037,580
W1,Indomie Cup,Mi,41088500,38044.90740740741,6309
W1,Spaghetti La Fonte 225g,Mi,34877500,32293.98148148148,3405
W1,Bihun Rose Brand 320g,Mi,34584300,32022.5,4298
W1,Buavita 250ml,Minuman,34575900,32014.722222222223,4887
W1,Teh Botol Sosro 350ml,Minuman,32787000,30358.333333333332,6531
W1,Ultra Milk 250ml,Minuman,29533700,27346.01851851852,5358
W1,Sprite 390ml,Minuman,26273100,24326.944444444445,4341
W1,Oreo 119g,Snack,25762200,23853.88888888889,3205
W1,Snack kentang Qtela 60g,Snack,24569200,22749.25925925926,2997
W1,Dancow sachet,Sachet,23996000,22218.51851851852,6717
W1,Tepung terigu Segitiga Biru 1kg,Sembako,22728500,21044.90740740741,1369
W1,Gula pasir Rose Brand 1kg,Sembako,21863000,20243.51851851852,1022
W1,LPG 3kg,LPG,21079500,19518.055555555555,997
W1,Mi soto Indomie,Mi,15892800,14715.555555555555,4493
W1,Pomade Gatsby 80g,Perawatan,14495000,13421.296296296296,704
W1,Es krim Magnum,Frozen,14212500,13159.722222222223,916
W1,Minyak goreng Fortune 1L,Sembako,13920000,12888.888888888889,638
W1,Frestea 350ml,Minuman,12802000,11853.703703703704,3210
W1,Kopi Kapal Api sachet,Sachet,11305800,10468.333333333334,5365
W1,Oli motor 1L,LPG,11219000,10387.962962962964,183
W1,Aqua 1.5L,Minuman,11142200,10316.851851851852,1772
W1,Indomilk 190ml,Minuman,11088700,10267.314814814816,2125
W1,Kopi susu Torabika sachet,Sachet,9806200,9079.814814814816,4806
W1,Korek gas,Rokok,8637500,7997.685185185185,4108
W1,Saus tomat ABC 135ml,Bumbu,7971400,7380.925925925926,1062
W1,Margarin Blue Band 200g,Sembako,7547100,6988.055555555556,853
W1,Parfum Gatsby 100ml,Perawatan,6607000,6117.592592592592,266
W1,Nugget So Good 250g,Frozen,6585000,6097.222222222223,276
W1,Bakso 250g,Frozen,6482000,6001.851851851852,393
W1,Khong Guan 200g,Snack,6452800,5974.814814814815,686
W1,Regulator gas,LPG,6449000,5971.2962962962965,65
W1,Nugget Fiesta 250g,Frozen,6330500,5861.574074074074,237
W1,Wafer Tango 115g,Snack,6295500,5829.166666666667,864
W1,Saus tiram Saori 133ml,Bumbu,5838300,5405.833333333333,669
W1,Diapet strip,Obat,5692800,5271.111111111111,816
W1,Kopi ABC sachet,Sachet,4815400,4458.7037037037035,2321
W1,Deodoran Rexona 45ml,Perawatan,4378000,4053.703703703704,230
W1,Chocolatos sachet,Sachet,4233700,3920.0925925925926,2109
W1,Kecap asin ABC 135ml,Bumbu,4027900,3729.537037037037,609
W1,Paracetamol Sanmol strip,Obat,4000300,3703.9814814814813,993
W1,Pasta gigi Pepsodent 75g,Perawatan,3989300,3693.796296296296,568
W1,Mi ayam bawang Indomie,Mi,3962400,3668.8888888888887,1066
W1,Santan Kara 65ml,Sembako,3785300,3504.9074074074074,817
W1,Mi kari ayam Indomie,Mi,3277800,3035.0,895
W1,Terasi ABC 20g,Bumbu,3230600,2991.296296296296,1012
W1,Kerupuk 100g,Snack,3204200,2966.8518518518517,604
W1,Kecap manis Sedap 135ml,Bumbu,2990800,2769.259259259259,499
W1,Buku gambar,ATK,2932600,2715.3703703703704,422
W1,Klem selang,LPG,2881500,2668.0555555555557,565
W1,Plastic wrap,Plastik,2860500,2648.6111111111113,234
W1,Pembalut Softex,Tisu,2712600,2511.6666666666665,297
W1,Ember,RumahTangga,2707000,2506.4814814814813,130
W1,Deodoran Rexona sachet,Perawatan,2548400,2359.6296296296296,634
W1,Super Pell 450ml,Deterjen,2510300,2324.3518518518517,293
W1,Antangin sachet,Obat,2459400,2277.222222222222,697
W1,Mama Lemon 400ml,Deterjen,2244900,2078.6111111111113,275
W1,Attack sachet,Deterjen,2215600,2051.4814814814813,851
W1,Pulpen Pilot,ATK,2173900,2012.8703703703704,537
W1,Buku tulis Kiky,ATK,1769300,1638.2407407407406,297
W1,Sapu ijuk,RumahTangga,1739500,1610.648148148148,83
W1,Pembalut Charm,Tisu,1733500,1605.0925925925926,168
W1,Tusuk sate,Plastik,1546800,1432.2222222222222,303
W1,Spons (kebersihan),Deterjen,1253600,1160.7407407407406,420
W1,Popok Sweety isi 10,Bayi,1214500,1124.537037037037,53
W1,Gelas plastik,Plastik,1212300,1122.5,150
W1,Sabun batang Lifebuoy,Perawatan,1197600,1108.888888888889,280
W1,Kapas Selection,Tisu,1161800,1075.7407407407406,231
W1,Pengki,RumahTangga,1028500,952.3148148148148,82
W1,Buku tulis Sinar Dunia,ATK,909700,842.3148148148148,229
W1,Pel,RumahTangga,841500,779.1666666666666,41
W1,Baby powder My Baby 50g,Bayi,832100,770.4629629629629,115
W1,Plastik es,Plastik,759100,702.8703703703703,147
W1,Molto sachet,Deterjen,742800,687.7777777777778,372
W1,Hanger,RumahTangga,601400,556.8518518518518,192
W1,Lem Alteco,RumahTangga,496900,460.0925925925926,119
W1,Minyak telon My Baby 60ml,Bayi,453000,419.44444444444446,43
W1,LPG 12kg,LPG,427000,395.3703703703704,2
W1,Masker,Obat,368000,340.74074074074076,361
W1,Isolasi,RumahTangga,336900,311.94444444444446,104
W1,Map,ATK,287300,266.01851851851853,105
W1,Pensil Faber-Castell,ATK,255700,236.75925925925927,80
W1,Lilin,RumahTangga,108700,100.64814814814815,55
W2,Mi goreng Indomie,Mi,49864000,46170.37037037037,13542
W2,Nescafe 220ml,Minuman,40910400,37880.0,6616
W2,Surya 12 batang,Rokok,36152500,33474.53703703704,1380
W2,Kacang kulit Garuda 100g,Snack,35227500,32618.055555555555,4842
W2,LA Ice 16 batang,Rokok,32765500,30338.425925925927,1000
W2,Djarum Super 16 batang,Rokok,31254000,28938.88888888889,943
W2,Kuaci Rebo 100g,Snack,28676500,26552.314814814814,3958
W2,Makaroni pedas 100g,Snack,25624200,23726.11111111111,4122
W2,Makaroni 200g,Mi,24581000,22760.185185185186,3413
W2,Pocari Sweat 500ml,Minuman,23821800,22057.222222222223,2578
W2,Le Minerale 600ml,Minuman,23588400,21841.11111111111,5734
W2,Aqua 600ml,Minuman,22913400,21216.11111111111,5653
W2,Tembakau linting,Rokok,22211500,20566.203703703704,1382
W2,Kacang sukro Garuda 80g,Snack,20214000,18716.666666666668,3282
W2,Khong Guan 200g,Snack,20212200,18715.0,2188
W2,Nugget Fiesta 250g,Frozen,19842000,18372.222222222223,760
W2,Cokelat SilverQueen,Snack,19408500,17970.833333333332,1537
W2,Aqua 1.5L,Minuman,18470000,17101.85185185185,3006
W2,Minyakita 1L,Sembako,18035000,16699.074074074073,919
W2,Gula pasir curah 1kg,Sembako,17952000,16622.222222222223,872
W2,Telur ayam 1kg,Sembako,16960500,15704.166666666666,463
W2,Mi goreng Sedaap,Mi,16351100,15139.907407407407,4521
W2,Permen Kopiko,Snack,16347400,15136.481481481482,1967
W2,Indomilk 190ml,Minuman,15322600,14187.592592592593,2977
W2,Kopi susu Good Day sachet,Sachet,14407900,13340.648148148148,6917
W2,Kopi Kapal Api sachet,Sachet,14341400,13279.074074074075,6844
W2,Mi kari ayam Indomie,Mi,14258500,13202.314814814816,3941
W2,Good Day 250ml,Minuman,13691600,12677.407407407407,2649
W2,Kerupuk 100g,Snack,13688400,12674.444444444445,2661
W2,Oatmeal Quaker 35g,Mi,13441100,12445.462962962964,3699
W2,Gula pasir Gulaku 1kg,Sembako,13278500,12294.907407407407,617
W2,Deodoran Rexona 45ml,Perawatan,12383000,11465.74074074074,659
W2,Minyak rambut Gatsby 75g,Perawatan,12328500,11415.277777777777,783
W2,Kukubima sachet,Minuman,11479000,10628.703703703704,4430
W2,Teh Gelas 350ml,Minuman,10695800,9903.518518518518,4142
W2,Rinso 800g,Deterjen,10540000,9759.25925925926,563
W2,Coca-Cola 390ml,Minuman,10092200,9344.62962962963,1632
W2,Minyak goreng Sania 1L,Sembako,9490500,8787.5,401
W2,Bakso 250g,Frozen,8832000,8177.777777777777,557
W2,Djarum Super 12 batang,Rokok,8070000,7472.222222222223,322
W2,Sabun cair Lifebuoy 250ml,Perawatan,8047000,7450.925925925926,631
W2,Sikat gigi Formula,Perawatan,7138500,6609.722222222223,987
W2,Milo sachet,Sachet,6471100,5991.759259259259,1807
W2,Pengharum mobil,LPG,6378000,5905.555555555556,414
W2,Selang gas,LPG,6317000,5849.074074074074,210
W2,Saus sambal ABC 135ml,Bumbu,5977300,5534.537037037037,789
W2,Kopi Torabika sachet,Sachet,5901400,5464.259259259259,2788
W2,Tepung terigu Kompas 1kg,Sembako,5788500,5359.722222222223,401
W2,Bayclin 500ml,Deterjen,5786400,5357.777777777777,702
W2,Es krim cup Wall's,Frozen,5731800,5307.222222222223,1092
W2,Kecap manis ABC 135ml,Bumbu,5639600,5221.851851851852,876
W2,Cappuccino Good Day sachet,Sachet,5631800,5214.62962962963,2159
W2,Garam Refina 500g,Sembako,5515500,5106.944444444444,1213
W2,Aqua 330ml,Minuman,5511300,5103.055555555556,1764
W2,Hansaplast 10 pcs,Obat,5417900,5016.574074074074,655
W2,Kopi ABC sachet,Sachet,5053100,4678.7962962962965,2431
W2,Cornetto,Frozen,4873000,4512.037037037037,389
W2,Korek kayu,Rokok,4468100,4137.12962962963,2120
W2,Sabun batang Lux,Perawatan,4071900,3770.277777777778,871
W2,Better,Snack,4044600,3745.0,1584
W2,Pop Mie,Mi,3868200,3581.6666666666665,618
W2,Sabun batang Lifebuoy,Perawatan,3240400,3000.3703703703704,788
W2,Gunting Joyko,ATK,3236500,2996.759259259259,445
W2,Kantong sampah,Deterjen,3202200,2965.0,387
W2,Karbol 500ml,Deterjen,2965100,2745.462962962963,407
W2,Susu formula SGM 200g,Bayi,2368000,2192.5925925925926,92
W2,Tisu basah Mitu,Tisu,2080500,1926.388888888889,249
W2,Rautan Joyko,ATK,2077400,1923.5185185185185,667
W2,Telur ayam 1 butir,Sembako,2015600,1866.2962962962963,752
W2,Stabilo,ATK,1875700,1736.7592592592594,230
W2,Oralit sachet,Obat,1819700,1684.9074074074074,884
W2,Kecap manis Sedap 135ml,Bumbu,1818600,1683.888888888889,304
W2,Susu formula Dancow 200g,Bayi,1705000,1578.7037037037037,55
W2,Lem ban,LPG,1629500,1508.7962962962963,202
W2,Super Pell 450ml,Deterjen,1602500,1483.7962962962963,196
W2,Charger,RumahTangga,1577000,1460.1851851851852,50
W2,Tisu Tessa,Tisu,1499900,1388.7962962962963,209
W2,Keset,RumahTangga,1414000,1309.2592592592594,89
W2,Rinso sachet,Deterjen,1402100,1298.2407407407406,530
W2,Tisu Nice,Tisu,1320900,1223.0555555555557,183
W2,Sunlight sachet,Deterjen,1271500,1177.3148148148148,618
W2,Promag strip,Obat,1227000,1136.111111111111,150
W2,Kabel USB,RumahTangga,1124000,1040.7407407407406,72
W2,Sapu lidi,RumahTangga,1122000,1038.888888888889,107
W2,Tisu Paseo,Tisu,1051100,973.2407407407408,127
W2,Penghapus Faber-Castell,ATK,1044700,967.3148148148148,403
W2,Paracetamol strip,Obat,1039900,962.8703703703703,327
W2,Map,ATK,958900,887.8703703703703,364
W2,Gayung,RumahTangga,947300,877.1296296296297,131
W2,Vitamin C CDR,Obat,923400,855.0,301
W2,Correction pen Joyko,ATK,907400,840.1851851851852,174
W2,Merica bubuk Ladaku,Bumbu,879200,814.074074074074,546
W2,Plastik kresek sedang,Plastik,850300,787.3148148148148,118
W2,Plastik klip,Plastik,799200,740.0,156
W2,Penyedap Masako,Bumbu,767400,710.5555555555555,471
W2,Soklin sachet,Deterjen,766800,710.0,365
W2,Sabun batang Nuvo,Perawatan,633100,586.2037037037037,173
W2,Klem selang,LPG,568400,526.2962962962963,113
W2,Penggaris Butterfly 30cm,ATK,519500,481.01851851851853,167
W2,Tusuk gigi,Plastik,517200,478.8888888888889,167
W2,Cutter Joyko,ATK,493800,457.22222222222223,98
W2,Shampoo Pantene sachet,Perawatan,486100,450.0925925925926,313
W2,Downy sachet,Deterjen,467600,432.962962962963,226
W2,Baterai AA ABC 2pcs,RumahTangga,446000,412.962962962963,55
W2,Lakban,RumahTangga,400000,370.3703703703704,76
W2,Sedotan,Plastik,376200,348.3333333333333,72
W2,Plastik es,Plastik,360600,333.8888888888889,70
W2,Minyak telon My Baby 60ml,Bayi,285000,263.8888888888889,27
W2,Spons cuci piring,Plastik,283400,262.4074074074074,91
W2,Isolasi,RumahTangga,132500,122.68518518518519,43
W3,Gudang Garam Filter 12 batang,Rokok,46527000,43080.555555555555,1896
W3,Beras premium 5kg,Sembako,41773000,38678.7037037037,504
W3,Minyak goreng Sania 1L,Sembako,37371500,34603.24074074074,1644
W3,Gula pasir Rose Brand 1kg,Sembako,37285000,34523.148148148146,1785
W3,LA Bold 16 batang,Rokok,18912000,17511.11111111111,612
W3,Gudang Garam 16 batang,Rokok,18052000,16714.814814814814,592
W3,LA Ice 16 batang,Rokok,14955500,13847.685185185184,463
W3,Kopi Kapal Api sachet,Sachet,14804700,13708.055555555555,7017
W3,Bakso 250g,Frozen,13640000,12629.62962962963,858
W3,Dancow sachet,Sachet,12226600,11320.925925925925,3343
W3,Aqua 1.5L,Minuman,11142200,10316.851851851852,1772
W3,Santan Kara 65ml,Sembako,10480100,9703.796296296296,2314
W3,Minyak rambut Gatsby 75g,Perawatan,9649000,8934.25925925926,624
W3,Aqua 600ml,Minuman,9484300,8781.75925925926,2395
W3,Coca-Cola 390ml,Minuman,8726500,8080.092592592592,1381
W3,Bayclin 500ml,Deterjen,8317600,7701.481481481482,1021
W3,Kentang frozen 500g,Frozen,8234500,7624.537037037037,405
W3,Cuka 100ml,Bumbu,6809600,6305.185185185185,1599
W3,Makaroni 200g,Mi,6720800,6222.962962962963,923
W3,Makaroni pedas 100g,Snack,6540400,6055.925925925926,1042
W3,Regulator gas,LPG,6272000,5807.407407407408,64
W3,Garam Dolphin 500g,Sembako,6074100,5624.166666666667,1573
W3,Mi ayam bawang Indomie,Mi,6060600,5611.666666666667,1666
W3,Extra Joss sachet,Sachet,5754800,5328.518518518518,2766
W3,Mi goreng Indomie,Mi,5737000,5312.037037037037,1523
W3,Korek kayu,Rokok,5496400,5089.259259259259,2612
W3,Saus sambal ABC 135ml,Bumbu,5108100,4729.722222222223,696
W3,Mayones Maestro 100g,Bumbu,4668900,4323.055555555556,609
W3,Nescafe 220ml,Minuman,4575700,4236.759259259259,751
W3,Pasta gigi Sensodyne 40g,Perawatan,4195500,3884.722222222222,195
W3,Diapet strip,Obat,4080800,3778.5185185185187,574
W3,Kecap asin ABC 135ml,Bumbu,4027900,3729.537037037037,609
W3,Popok Sweety isi 10,Bayi,3516000,3255.5555555555557,156
W3,Better,Snack,3493800,3235.0,1317
W3,Wipol 450ml,Deterjen,3422400,3168.8888888888887,360
W3,Kerupuk 100g,Snack,3204200,2966.8518518518517,604
W3,Spaghetti La Fonte 225g,Mi,3197600,2960.740740740741,317
W3,Tisu basah Mitu,Tisu,3072700,2845.0925925925926,372
W3,Klem selang,LPG,2881500,2668.0555555555557,565
W3,Extra Joss,Minuman,2869300,2656.759259259259,1165
W3,Frestea 350ml,Minuman,2800300,2592.8703703703704,705
W3,Daia sachet,Deterjen,2415700,2236.759259259259,1145
W3,Tisu Nice,Tisu,2275900,2107.314814814815,322
W3,Plastik klip,Plastik,2039200,1888.148148148148,398
W3,Cappuccino Good Day sachet,Sachet,1976500,1830.0925925925926,789
W3,Saus sambal sachet ABC,Bumbu,1930100,1787.1296296296296,1181
W3,Kuaci Rebo 100g,Snack,1843200,1706.6666666666667,257
W3,Kukubima sachet,Minuman,1823100,1688.0555555555557,741
W3,Pengki,RumahTangga,1784000,1651.851851851852,142
W3,Sapu ijuk,RumahTangga,1739500,1610.648148148148,83
W3,Plastik kresek kecil,Plastik,1583000,1465.7407407407406,308
W3,Downy sachet,Deterjen,1510600,1398.7037037037037,721
W3,Molto sachet,Deterjen,1483000,1373.148148148148,703
W3,Kacang sukro Garuda 80g,Snack,1431300,1325.2777777777778,231
W3,Vitamin C CDR,Obat,1314400,1217.037037037037,423
W3,Baby powder My Baby 50g,Bayi,1235400,1143.888888888889,169
W3,Paracetamol Sanmol strip,Obat,1216200,1126.111111111111,292
W3,Sabun batang Dettol,Perawatan,1057500,979.1666666666666,209
W3,Sabun batang Nuvo,Perawatan,1040400,963.3333333333334,295
W3,Beng-Beng,Snack,915500,847.6851851851852,368
W3,Paracetamol strip,Obat,852500,789.3518518518518,265
W3,Plastic wrap,Plastik,813500,753.2407407407408,65
W3,Spons cuci piring,Plastik,712700,659.9074074074074,232
W3,Correction pen Joyko,ATK,527800,488.7037037037037,104
W3,Shampoo Clear sachet,Perawatan,459600,425.55555555555554,299
W3,Terminal listrik,RumahTangga,434000,401.85185185185185,22
W3,Shampoo H&S sachet,Perawatan,404600,374.6296296296296,193
W3,Teh Sariwangi 1 kantong,Sachet,391500,362.5,783
W3,Rautan Joyko,ATK,349300,323.4259259259259,110
W3,Pulpen Pilot,ATK,341200,315.9259259259259,82
W3,Stabilo,ATK,312900,289.72222222222223,39
W4,Sampoerna A 16 batang,Rokok,52230000,48361.11111111111,1401
W4,Marlboro 16 batang,Rokok,43280000,40074.07407407407,1030
W4,Surya 12 batang,Rokok,36152500,33474.53703703704,1380
W4,Spaghetti La Fonte 225g,Mi,34877500,32293.98148148148,3405
W4,Le Minerale 1.5L,Minuman,34742000,32168.51851851852,5767
W4,Bihun Rose Brand 320g,Mi,34584300,32022.5,4298
W4,LA Ice 16 batang,Rokok,32765500,30338.425925925927,1000
W4,Djarum Super 16 batang,Rokok,31254000,28938.88888888889,943
W4,Teh Pucuk 350ml,Minuman,28583500,26466.203703703704,7055
W4,Kacang atom Garuda 100g,Snack,27537600,25497.777777777777,3884
W4,Oreo 119g,Snack,25762200,23853.88888888889,3205
W4,Minyak goreng Bimoli 1L,Sembako,24194000,22401.85185185185,993
W4,Pocari Sweat 500ml,Minuman,23821800,22057.222222222223,2578
W4,Teh Botol Sosro 350ml,Minuman,23809200,22045.555555555555,4831
W4,Beng-Beng,Snack,23426400,21691.11111111111,9219
W4,Kentang frozen 500g,Frozen,23413000,21678.703703703704,1152
W4,Gudang Garam Filter 12 batang,Rokok,23258000,21535.185185185186,981
W4,Aqua 600ml,Minuman,22913400,21216.11111111111,5653
W4,Tempura 250g,Frozen,22319500,20666.203703703704,1452
W4,Tembakau linting,Rokok,22211500,20566.203703703704,1382
W4,Permen Relaxa,Snack,20669300,19138.24074074074,2949
W4,Snack kentang Qtela 60g,Snack,20381700,18871.944444444445,2507
W4,Buavita 250ml,Minuman,19842000,18372.222222222223,2835
W4,Cokelat SilverQueen,Snack,19408500,17970.833333333332,1537
W4,Bubur instan 50g,Mi,18117800,16775.74074074074,3606
W4,Extra Joss,Minuman,17382700,16095.092592592593,6913
W4,Snack jagung Cheetos,Snack,17306500,16024.537037037036,5751
W4,Telur ayam 1kg,Sembako,16960500,15704.166666666666,463
W4,Pasta gigi Sensodyne 40g,Perawatan,16548000,15322.222222222223,825
W4,Sprite 390ml,Minuman,16335200,15125.185185185184,2738
W4,Mi soto Indomie,Mi,15892800,14715.555555555555,4493
W4,Dancow sachet,Sachet,14724400,13633.703703703704,4228
W4,Astor,Snack,14321000,13260.185185185184,5620
W4,Es krim Magnum,Frozen,14212500,13159.722222222223,916
W4,Nutrisari sachet,Sachet,13956000,12922.222222222223,6882
W4,Good Day 250ml,Minuman,13691600,12677.407407407407,2649
W4,Permen karet Big Babol,Snack,12553500,11623.611111111111,6196
W4,Mi goreng Sarimi,Mi,12417200,11497.407407407407,4162
W4,Tepung terigu Segitiga Biru 1kg,Sembako,11139000,10313.888888888889,696
W4,Salonpas 10 pcs,Obat,10975500,10162.5,731
W4,Teh Gelas 350ml,Minuman,10695800,9903.518518518518,4142
W4,LPG 3kg,LPG,10695000,9902.777777777777,514
W4,Mi kuah Sedaap,Mi,10629900,9842.5,3031
W4,Coca-Cola 390ml,Minuman,10092200,9344.62962962963,1632
W4,Minyak rem 100ml,LPG,9920500,9185.648148148148,674
W4,Minyak goreng Sania 1L,Sembako,9490500,8787.5,401
W4,Pomade Gatsby 80g,Perawatan,9334500,8643.055555555555,459
W4,Margarin Blue Band 200g,Sembako,7547100,6988.055555555556,853
W4,Gula pasir Rose Brand 1kg,Sembako,7369000,6823.148148148148,351
W4,Tepung beras Rose Brand 500g,Sembako,7332200,6789.074074074074,754
W4,Es krim cone Wall's,Frozen,7125000,6597.222222222223,1405
W4,Sunlight 400ml,Deterjen,6901200,6390.0,753
W4,Minyak kayu putih Cap Lang 30ml (Obat),Obat,6665400,6171.666666666667,659
W4,Kaldu bubuk Royco 100g,Bumbu,6629400,6138.333333333333,1136
W4,Parfum Gatsby 100ml,Perawatan,6607000,6117.592592592592,266
W4,Mayones Maestro 100g,Bumbu,6563500,6077.314814814815,903
W4,Milo sachet,Sachet,6471100,5991.759259259259,1807
W4,Regulator gas,LPG,6449000,5971.2962962962965,65
W4,Wipol 450ml,Deterjen,6028200,5581.666666666667,652
W4,Body lotion Citra 100ml,Perawatan,5988600,5545.0,580
W4,Kopi Torabika sachet,Sachet,5901400,5464.259259259259,2788
W4,Cappuccino Good Day sachet,Sachet,5631800,5214.62962962963,2159
W4,Aqua 330ml,Minuman,5511300,5103.055555555556,1764
W4,Pasta gigi Close Up 65g,Perawatan,4910500,4546.759259259259,688
W4,Cornetto,Frozen,4873000,4512.037037037037,389
W4,LPG 5.5kg,LPG,4833500,4475.462962962963,46
W4,Kecap manis Bango 135ml,Bumbu,4600700,4259.907407407408,620
W4,Kopi susu Torabika sachet,Sachet,4458700,4128.425925925926,2236
W4,Garam Dolphin 500g,Sembako,4267600,3951.4814814814813,1088
W4,Better,Snack,4044600,3745.0,1584
W4,Pasta gigi Pepsodent 75g,Perawatan,3989300,3693.796296296296,568
W4,Pop Mie,Mi,3868200,3581.6666666666665,618
W4,Kantong sampah,Deterjen,3202200,2965.0,387
W4,Pembalut Laurier,Tisu,3168400,2933.703703703704,309
W4,Teh Sariwangi 1 kantong,Sachet,2998900,2776.759259259259,5896
W4,Spidol Snowman,ATK,2990200,2768.703703703704,600
W4,Karbol 500ml,Deterjen,2965100,2745.462962962963,407
W4,Tisu basah Cussons,Tisu,2927100,2710.277777777778,323
W4,Paracetamol Sanmol strip,Obat,2784100,2577.8703703703704,701
W4,Bohlam LED Hannochs 9W,RumahTangga,2515500,2329.1666666666665,164
W4,Terminal listrik,RumahTangga,2081500,1927.3148148148148,101
W4,Plastic wrap,Plastik,2047000,1895.3703703703704,169
W4,Telur ayam 1 butir,Sembako,2015600,1866.2962962962963,752
W4,Stabilo,ATK,1875700,1736.7592592592594,230
W4,Pulpen Pilot,ATK,1832700,1696.9444444444443,455
W4,Pembalut Softex,Tisu,1689900,1564.7222222222222,189
W4,Minyak kayu putih Cap Lang 30ml (Bayi),Bayi,1656000,1533.3333333333333,164
W4,Biskuit bayi Promina 100g,Bayi,1650400,1528.148148148148,161
W4,Bubur bayi Promina 120g,Bayi,1642000,1520.3703703703704,134
W4,Lem ban,LPG,1629500,1508.7962962962963,202
W4,Bohlam LED Philips 5W,RumahTangga,1542000,1427.7777777777778,98
W4,Keset,RumahTangga,1414000,1309.2592592592594,89
W4,Rinso sachet,Deterjen,1402100,1298.2407407407406,530
W4,Penyedap Royco,Bumbu,1326300,1228.0555555555557,810
W4,Sendok plastik,Plastik,1310800,1213.7037037037037,259
W4,Lem Fox 10g,ATK,1309100,1212.1296296296296,430
W4,Shampoo H&S sachet,Perawatan,1259700,1166.388888888889,620
W4,Ember,RumahTangga,1252000,1159.2592592592594,62
W4,Daia sachet,Deterjen,1240700,1148.7962962962963,620
W4,Promag strip,Obat,1227000,1136.111111111111,150
W4,Kapas Selection,Tisu,1161800,1075.7407407407406,231
W4,Attack sachet,Deterjen,1110800,1028.5185185185185,443
W4,Tisu Paseo,Tisu,1051100,973.2407407407408,127
W4,Paracetamol strip,Obat,1039900,962.8703703703703,327
W4,Saus sambal sachet ABC,Bumbu,977700,905.2777777777778,610
W4,Vitamin C CDR,Obat,923400,855.0,301
W4,Correction pen Joyko,ATK,907400,840.1851851851852,174
W4,Baby oil My Baby 50ml,Bayi,855800,792.4074074074074,122
W4,Baterai AAA ABC 2pcs,RumahTangga,852700,789.5370370370371,104
W4,Tusuk sate,Plastik,807800,747.9629629629629,163
W4,Plastik klip,Plastik,799200,740.0,156
W4,Penyedap Masako,Bumbu,767400,710.5555555555555,471
W4,Molto sachet,Deterjen,742800,687.7777777777778,372
W4,Amplop,ATK,648000,600.0,629
W4,Sabun batang Nuvo,Perawatan,633100,586.2037037037037,173
W4,Penggaris Butterfly 30cm,ATK,519500,481.01851851851853,167
W4,Tusuk gigi,Plastik,517200,478.8888888888889,167
W4,Cutter Joyko,ATK,493800,457.22222222222223,98
W4,Shampoo Pantene sachet,Perawatan,486100,450.0925925925926,313
W4,Downy sachet,Deterjen,467600,432.962962962963,226
W4,Baterai AA ABC 2pcs,RumahTangga,446000,412.962962962963,55
W4,LPG 12kg,LPG,427000,395.3703703703704,2
W4,Sedotan,Plastik,376200,348.3333333333333,72
W4,Tali per meter,RumahTangga,313800,290.55555555555554,155
W4,Spons cuci piring,Plastik,283400,262.4074074074074,91
W4,Lilin,RumahTangga,108700,100.64814814814815,55
W5,Sampoerna Mild 16 batang,Rokok,68264500,63207.87037037037,1913
W5,Surya 12 batang,Rokok,48968500,45341.2037037037,1847
W5,Gudang Garam 16 batang,Rokok,41010500,37972.68518518518,1320
W5,Beras medium 1kg,Sembako,38352500,35511.57407407407,2328
W5,Telur ayam 1kg,Sembako,37715500,34921.75925925926,1023
W5,LA Ice 16 batang,Rokok,32765500,30338.425925925927,1000
W5,Pocari Sweat 500ml,Minuman,32728200,30303.88888888889,3517
W5,Tembakau linting,Rokok,29941000,27723.14814814815,1858
W5,LA Bold 16 batang,Rokok,29135000,26976.85185185185,916
W5,Marlboro 16 batang,Rokok,26008500,24081.944444444445,565
W5,Cokelat SilverQueen,Snack,23506500,21765.277777777777,1852
W5,Aqua 600ml,Minuman,22913400,21216.11111111111,5653
W5,Teh Sariwangi 25 kantong,Sachet,18875500,17477.314814814814,2259
W5,Gula pasir Gulaku 1kg,Sembako,16772000,15529.62962962963,763
W5,Minyak goreng Fortune 1L,Sembako,16005000,14819.444444444445,680
W5,Le Minerale 600ml,Minuman,14030500,12991.203703703704,3412
W5,Teh Gelas 350ml,Minuman,13446500,12450.462962962964,5174
W5,Le Minerale 1.5L,Minuman,12895800,11940.555555555555,2050
W5,Kacang kulit Garuda 100g,Snack,11858200,10979.814814814816,1630
W5,Sosis So Nice,Frozen,11686500,10820.833333333334,730
W5,Nescafe 220ml,Minuman,11650000,10787.037037037036,1872
W5,Rinso 800g,Deterjen,11228500,10396.75925925926,594
W5,Margarin Blue Band 500g,Sembako,10923000,10113.888888888889,515
W5,Kacang atom Garuda 100g,Snack,9766600,9043.148148148148,1349
W5,Milo sachet,Sachet,9541300,8834.537037037036,2614
W5,Permen Relaxa,Snack,9343300,8651.203703703704,1292
W5,Kuaci Rebo 100g,Snack,8565900,7931.388888888889,1212
W5,Selang gas,LPG,8543000,7910.185185185185,280
W5,Kopi Torabika sachet,Sachet,8489600,7860.740740740741,3966
W5,Tepung terigu Kompas 1kg,Sembako,8487500,7858.7962962962965,568
W5,Kantong sampah,Deterjen,8363300,7743.7962962962965,998
W5,Kecap manis Bango 135ml,Bumbu,7796400,7218.888888888889,1022
W5,Parfum Gatsby 100ml,Perawatan,7767000,7191.666666666667,288
W5,Extra Joss,Minuman,7731300,7158.611111111111,2962
W5,Kentang frozen 500g,Frozen,7414000,6864.814814814815,356
W5,Sikat,Deterjen,7012300,6492.87037037037,949
W5,Margarin Blue Band 200g,Sembako,7004200,6485.37037037037,737
W5,Gula pasir curah 1kg,Sembako,6920500,6407.87037037037,333
W5,Minyak rem 100ml,LPG,6283500,5818.055555555556,409
W5,Es krim Magnum,Frozen,6257000,5793.518518518518,381
W5,Garam Refina 500g,Sembako,6016800,5571.111111111111,1301
W5,FreshCare 10ml,Obat,5964500,5522.685185185185,473
W5,Beng-Beng,Snack,5948400,5507.777777777777,2270
W5,Cappuccino Good Day sachet,Sachet,5631800,5214.62962962963,2159
W5,Bawang goreng 50g,Bumbu,5572900,5160.092592592592,727
W5,Mi goreng Sedaap,Mi,5230300,4842.87037037037,1450
W5,Kratingdaeng 150ml,Minuman,5219600,4832.962962962963,614
W5,Mi jumbo Indomie,Mi,4916400,4552.222222222223,1043
W5,LPG 5.5kg,LPG,4816500,4459.722222222223,45
W5,Sikat gigi Formula,Perawatan,4402300,4076.203703703704,601
W5,Salonpas 10 pcs,Obat,4193000,3882.4074074074074,268
W5,Kopi Good Day sachet,Sachet,4155300,3847.5,1897
W5,Sabun cair Lifebuoy 250ml,Perawatan,3881500,3593.9814814814813,298
W5,Pasta gigi Close Up 65g,Perawatan,3723700,3447.8703703703704,511
W5,Popok Merries isi 10,Bayi,3688000,3414.814814814815,124
W5,Oreo 119g,Snack,3640300,3370.6481481481483,427
W5,Saus sambal ABC 135ml,Bumbu,3628200,3359.4444444444443,479
W5,Balsem Geliga 20g,Obat,3567200,3302.962962962963,427
W5,Kukubima sachet,Minuman,3564700,3300.6481481481483,1369
W5,Susu formula SGM 200g,Bayi,3472000,3214.814814814815,130
W5,Lem ban,LPG,3453400,3197.5925925925926,423
W5,Pantyliner Laurier,Tisu,3126500,2894.9074074074074,242
W5,Es krim cone Wall's,Frozen,3099800,2870.185185185185,599
W5,Oatmeal Quaker 35g,Mi,2897200,2682.5925925925926,794
W5,Mama Lemon 400ml,Deterjen,2871700,2658.9814814814813,343
W5,Mi kuah Sedaap,Mi,2868500,2656.0185185185187,797
W5,Bihun Rose Brand 320g,Mi,2730500,2528.240740740741,323
W5,Sunlight sachet,Deterjen,2301600,2131.1111111111113,1058
W5,Lap dapur,Plastik,2268200,2100.185185185185,311
W5,Plastik kiloan,Plastik,2137500,1979.1666666666667,197
W5,Tisu Paseo,Tisu,2103700,1947.8703703703704,252
W5,Penyedap Masako,Bumbu,2046000,1894.4444444444443,1254
W5,Charger,RumahTangga,1968000,1822.2222222222222,63
W5,Stabilo,ATK,1875700,1736.7592592592594,230
W5,Gelas plastik,Plastik,1853700,1716.388888888889,219
W5,Chocolatos sachet,Sachet,1837400,1701.2962962962963,833
W5,Biskuit bayi Promina 100g,Bayi,1826000,1690.7407407407406,169
W5,Penyedap Royco,Bumbu,1618900,1498.9814814814815,1000
W5,Pasta gigi Pepsodent 75g,Perawatan,1577700,1460.8333333333333,212
W5,Merica bubuk Ladaku,Bumbu,1553600,1438.5185185185185,959
W5,Pembalut Laurier,Tisu,1538500,1424.537037037037,148
W5,Senter,RumahTangga,1538000,1424.0740740740741,74
W5,Mi soto Indomie,Mi,1496600,1385.7407407407406,402
W5,Popok MamyPoko isi 10,Bayi,1480000,1370.3703703703704,55
W5,Keset,RumahTangga,1414000,1309.2592592592594,89
W5,Spons (kebersihan),Deterjen,1403100,1299.1666666666667,428
W5,Spidol Snowman,ATK,1282200,1187.2222222222222,252
W5,Deodoran Rexona sachet,Perawatan,1265000,1171.2962962962963,298
W5,Terminal listrik,RumahTangga,1171000,1084.2592592592594,56
W5,Bohlam LED Philips 5W,RumahTangga,1153000,1067.5925925925926,72
W5,Snack jagung Chiki,Snack,1068200,989.074074074074,330
W5,Soklin sachet,Deterjen,1048000,970.3703703703703,473
W5,Teh Sariwangi 1 kantong,Sachet,971000,899.074074074074,1942
W5,Kapas Selection,Tisu,970400,898.5185185185185,181
W5,Tusuk gigi,Plastik,941300,871.574074074074,297
W5,Plastik kresek sedang,Plastik,830700,769.1666666666666,111
W5,Cotton bud Selection,Tisu,785000,726.8518518518518,147
W5,Baterai AA ABC 2pcs,RumahTangga,734700,680.2777777777778,89
W5,Sabun batang Nuvo,Perawatan,633100,586.2037037037037,173
W5,Lem Fox 10g,ATK,542800,502.5925925925926,173
W5,Pulpen Standard AE7,ATK,515900,477.68518518518516,200
W5,Antangin sachet,Obat,458400,424.44444444444446,123
W5,Hansaplast 10 pcs,Obat,440200,407.5925925925926,52
W5,Baby oil My Baby 50ml,Bayi,438500,406.01851851851853,62
W5,Tolak Angin sachet,Obat,412100,381.5740740740741,97
W5,Saus sambal sachet ABC,Bumbu,404800,374.81481481481484,251
W5,Penghapus Faber-Castell,ATK,391700,362.68518518518516,150
W5,Shampoo Clear sachet,Perawatan,294700,272.8703703703704,189
W5,Spons cuci piring,Plastik,283400,262.4074074074074,91
W5,Gunting Joyko,ATK,274200,253.88888888888889,37
W5,Amplop,ATK,268300,248.42592592592592,262
W5,Buku tulis Sinar Dunia,ATK,244100,226.0185185185185,57
W5,Tali per meter,RumahTangga,220700,204.35185185185185,104
W6,Surya 16 batang,Rokok,143344000,132725.92592592593,4165
W6,Sampoerna A 16 batang,Rokok,49015000,45384.25925925926,1274
W6,Gudang Garam Filter 12 batang,Rokok,46527000,43080.555555555555,1896
W6,Beras medium 1kg,Sembako,25553500,23660.64814814815,1536
W6,Sampoerna Mild 16 batang,Rokok,23590000,21842.59259259259,650
W6,Pocari Sweat 350ml,Minuman,20507400,18988.333333333332,2852
W6,Teh Botol Sosro 350ml,Minuman,15939800,14759.074074074075,3007
W6,Nugget So Good 250g,Frozen,14210500,13157.87037037037,597
W6,Ultra Milk 250ml,Minuman,13189900,12212.87037037037,2276
W6,Teh Pucuk 350ml,Minuman,11910000,11027.777777777777,2826
W6,Aqua 1.5L,Minuman,11142200,10316.851851851852,1772
W6,Margarin Blue Band 500g,Sembako,10923000,10113.888888888889,515
W6,Saus tomat ABC 135ml,Bumbu,9679200,8962.222222222223,1257
W6,Wafer Tango 115g,Snack,9425400,8727.222222222223,1286
W6,Tempura 250g,Frozen,9416500,8718.981481481482,572
W6,Coca-Cola 390ml,Minuman,8726500,8080.092592592592,1381
W6,Tepung terigu Kompas 1kg,Sembako,8487500,7858.7962962962965,568
W6,Khong Guan 200g,Snack,8245300,7634.537037037037,868
W6,Aqua 330ml,Minuman,8194100,7587.12962962963,2568
W6,Deodoran Rexona 45ml,Perawatan,8113500,7512.5,423
W6,Parfum Gatsby 100ml,Perawatan,7767000,7191.666666666667,288
W6,Tembakau linting,Rokok,7729500,7156.944444444444,476
W6,Telur ayam 1 butir,Sembako,7585400,7023.518518518518,2778
W6,Kopi susu Torabika sachet,Sachet,7422700,6872.87037037037,3521
W6,Sunlight 400ml,Deterjen,7038700,6517.314814814815,735
W6,Margarin Blue Band 200g,Sembako,7004200,6485.37037037037,737
W6,Snack kentang Qtela 60g,Snack,6980100,6463.055555555556,819
W6,Teh Sariwangi 25 kantong,Sachet,6813500,6308.7962962962965,800
W6,Kopi susu Good Day sachet,Sachet,6567200,6080.740740740741,3124
W6,Kecap manis Bango 135ml,Bumbu,5851200,5417.777777777777,767
W6,Extra Joss sachet,Sachet,5754800,5328.518518518518,2766
W6,Mi goreng Indomie,Mi,5737000,5312.037037037037,1523
W6,Bubur instan 50g,Mi,5683700,5262.685185185185,1073
W6,Bawang goreng 50g,Bumbu,5572900,5160.092592592592,727
W6,Kantong sampah,Deterjen,5161100,4778.7962962962965,611
W6,Mayones Maestro 100g,Bumbu,4668900,4323.055555555556,609
W6,Pasta gigi Sensodyne 40g,Perawatan,4195500,3884.722222222222,195
W6,Kecap asin ABC 135ml,Bumbu,4027900,3729.537037037037,609
W6,Oreo 119g,Snack,3640300,3370.6481481481483,427
W6,Rinso sachet,Deterjen,3533000,3271.296296296296,1296
W6,Wipol 450ml,Deterjen,3422400,3168.8888888888887,360
W6,Kerupuk 100g,Snack,3204200,2966.8518518518517,604
W6,Permen Relaxa,Snack,3046500,2820.8333333333335,412
W6,Teh Tong Tji sachet,Sachet,2891500,2677.314814814815,2737
W6,Klem selang,LPG,2881500,2668.0555555555557,565
W6,Mama Lemon 400ml,Deterjen,2871700,2658.9814814814813,343
W6,Bihun Rose Brand 320g,Mi,2730500,2528.240740740741,323
W6,Tisu Tessa,Tisu,2273600,2105.185185185185,313
W6,Pantyliner Laurier,Tisu,2205000,2041.6666666666667,168
W6,LPG 5.5kg,LPG,2163500,2003.2407407407406,20
W6,Susu formula SGM 200g,Bayi,2144000,1985.1851851851852,79
W6,Sendok plastik,Plastik,2103100,1947.3148148148148,394
W6,Lem ban,LPG,1823900,1688.7962962962963,221
W6,Sapu ijuk,RumahTangga,1739500,1610.648148148148,83
W6,Mi soto Indomie,Mi,1496600,1385.7407407407406,402
W6,Lap dapur,Plastik,1300800,1204.4444444444443,177
W6,Deodoran Rexona sachet,Perawatan,1265000,1171.2962962962963,298
W6,Paracetamol Sanmol strip,Obat,1216200,1126.111111111111,292
W6,Biskuit bayi Promina 100g,Bayi,1039000,962.0370370370371,95
W6,Paracetamol strip,Obat,852500,789.3518518518518,265
W6,Shampoo Sunsilk sachet,Perawatan,824300,763.2407407407408,525
W6,Charger,RumahTangga,822000,761.1111111111111,26
W6,Plastic wrap,Plastik,813500,753.2407407407408,65
W6,Masker,Obat,502000,464.81481481481484,495
W6,Bohlam LED Philips 5W,RumahTangga,469500,434.72222222222223,29
W6,Hansaplast 10 pcs,Obat,440200,407.5925925925926,52
W6,Tusuk gigi,Plastik,424100,392.68518518518516,130
W6,Shampoo H&S sachet,Perawatan,404600,374.6296296296296,193
W6,Pulpen Pilot,ATK,341200,315.9259259259259,82
W6,Buku tulis Sinar Dunia,ATK,244100,226.0185185185185,57
W6,Lem Fox 10g,ATK,135300,125.27777777777777,42
