warung_id,kategori_1,kategori_2,co_occurrence,tipe
W1,Minuman,Snack,2702,COMPLEMENTARY_BUNDLE
W1,Minuman,Sachet,2265,COMPLEMENTARY_BUNDLE
W1,Rokok,Sachet,1582,COMPLEMENTARY_BUNDLE
W1,Minuman,Rokok,1409,COMPLEMENTARY_BUNDLE
W1,Sachet,Snack,1023,COMPLEMENTARY_BUNDLE
W2,Minuman,Snack,4683,COMPLEMENTARY_BUNDLE
W2,Mi,Minuman,2887,COMPLEMENTARY_BUNDLE
W2,Mi,Snack,2877,COMPLEMENTARY_BUNDLE
W2,Minuman,Sachet,2495,COMPLEMENTARY_BUNDLE
W2,Sachet,Snack,2133,COMPLEMENTARY_BUNDLE
W3,Minuman,Sembako,983,COMPLEMENTARY_BUNDLE
W3,Rokok,Sachet,957,COMPLEMENTARY_BUNDLE
W3,Bumbu,Sembako,928,COMPLEMENTARY_BUNDLE
W3,Minuman,Sachet,768,COMPLEMENTARY_BUNDLE
W3,Deterjen,Sembako,766,COMPLEMENTARY_BUNDLE
W4,Minuman,Snack,3352,COMPLEMENTARY_BUNDLE
W4,Mi,Snack,2923,COMPLEMENTARY_BUNDLE
W4,Mi,Minuman,2888,COMPLEMENTARY_BUNDLE
W4,Mi,Sachet,2869,COMPLEMENTARY_BUNDLE
W4,Sachet,Snack,2601,COMPLEMENTARY_BUNDLE
W5,Rokok,Sachet,2454,COMPLEMENTARY_BUNDLE
W5,Minuman,Sachet,1736,COMPLEMENTARY_BUNDLE
W5,Minuman,Rokok,1369,COMPLEMENTARY_BUNDLE
W5,Minuman,Snack,923,COMPLEMENTARY_BUNDLE
W5,Mi,Snack,620,COMPLEMENTARY_BUNDLE
W6,Bumbu,Sembako,1117,COMPLEMENTARY_BUNDLE
W6,Minuman,Sembako,1011,COMPLEMENTARY_BUNDLE
W6,Rokok,Sachet,973,COMPLEMENTARY_BUNDLE
W6,Minuman,Sachet,850,COMPLEMENTARY_BUNDLE
W6,Deterjen,Sembako,817,COMPLEMENTARY_BUNDLE
