produk,omzet_peer,qty_peer,kategori,n_warung_peer,estimasi_omzet_harian,estimasi_qty_harian,warung_id,n_produk_saya
Surya 16 batang,112089000,3248,Rokok,1,103786.11111111111,3.0074074074074075,W1,162
Esse 16 batang,79232500,2231,Rokok,2,73363.42592592593,2.0657407407407407,W1,162
Gudang Garam Filter 12 batang,69785000,2877,Rokok,2,64615.74074074074,2.6638888888888888,W1,162
Pocari Sweat 350ml,48513700,6848,Minuman,2,44920.09259259259,6.340740740740741,W1,162
Djarum Super 12 batang,48215000,1866,Rokok,1,44643.51851851852,1.7277777777777779,W1,162
Roma Kelapa 300g,46432300,5187,Snack,2,42992.87037037037,4.802777777777778,W1,162
Marlboro 16 batang,43280000,1030,Rokok,1,40074.07407407407,0.9537037037037037,W1,162
Kratingdaeng 150ml,42477900,5316,Minuman,1,39331.38888888889,4.9222222222222225,W1,162
Beras medium SPHP 5kg,41926000,580,Sembako,2,38820.37037037037,0.5370370370370371,W1,162
Indomie Cup,41088500,6309,Mi,2,38044.90740740741,5.841666666666667,W1,162
Spaghetti La Fonte 225g,34877500,3405,Mi,1,32293.98148148148,3.1527777777777777,W1,162
Bihun Rose Brand 320g,34584300,4298,Mi,1,32022.5,3.97962962962963,W1,162
Buavita 250ml,34575900,4887,Minuman,2,32014.722222222223,4.525,W1,162
Teh Botol Sosro 350ml,32787000,6531,Minuman,2,30358.333333333332,6.0472222222222225,W1,162
Ultra Milk 250ml,29533700,5358,Minuman,2,27346.01851851852,4.961111111111111,W1,162
Sprite 390ml,26273100,4341,Minuman,2,24326.944444444445,4.019444444444445,W1,162
Oreo 119g,25762200,3205,Snack,1,23853.88888888889,2.9675925925925926,W1,162
Snack kentang Qtela 60g,24569200,2997,Snack,2,22749.25925925926,2.775,W1,162
Dancow sachet,23996000,6717,Sachet,2,22218.51851851852,6.219444444444444,W1,162
Tepung terigu Segitiga Biru 1kg,22728500,1369,Sembako,2,21044.90740740741,1.2675925925925926,W1,162
Gula pasir Rose Brand 1kg,21863000,1022,Sembako,2,20243.51851851852,0.9462962962962963,W1,162
LPG 3kg,21079500,997,LPG,2,19518.055555555555,0.9231481481481482,W1,162
Mi soto Indomie,15892800,4493,Mi,1,14715.555555555555,4.160185185185185,W1,162
Pomade Gatsby 80g,14495000,704,Perawatan,2,13421.296296296296,0.6518518518518519,W1,162
Es krim Magnum,14212500,916,Frozen,1,13159.722222222223,0.8481481481481481,W1,162
Minyak goreng Fortune 1L,13920000,638,Sembako,1,12888.888888888889,0.5907407407407408,W1,162
Frestea 350ml,12802000,3210,Minuman,1,11853.703703703704,2.9722222222222223,W1,162
Kopi Kapal Api sachet,11305800,5365,Sachet,1,10468.333333333334,4.967592592592593,W1,162
Oli motor 1L,11219000,183,LPG,1,10387.962962962964,0.16944444444444445,W1,162
Aqua 1.5L,11142200,1772,Minuman,1,10316.851851851852,1.6407407407407408,W1,162
Indomilk 190ml,11088700,2125,Minuman,1,10267.314814814816,1.9675925925925926,W1,162
Kopi susu Torabika sachet,9806200,4806,Sachet,2,9079.814814814816,4.45,W1,162
Korek gas,8637500,4108,Rokok,2,7997.685185185185,3.803703703703704,W1,162
Saus tomat ABC 135ml,7971400,1062,Bumbu,2,7380.925925925926,0.9833333333333333,W1,162
Margarin Blue Band 200g,7547100,853,Sembako,1,6988.055555555556,0.7898148148148149,W1,162
Parfum Gatsby 100ml,6607000,266,Perawatan,1,6117.592592592592,0.2462962962962963,W1,162
Nugget So Good 250g,6585000,276,Frozen,1,6097.222222222223,0.25555555555555554,W1,162
Bakso 250g,6482000,393,Frozen,1,6001.851851851852,0.3638888888888889,W1,162
Khong Guan 200g,6452800,686,Snack,1,5974.814814814815,0.6351851851851852,W1,162
Regulator gas,6449000,65,LPG,1,5971.2962962962965,0.06018518518518518,W1,162
Nugget Fiesta 250g,6330500,237,Frozen,1,5861.574074074074,0.21944444444444444,W1,162
Wafer Tango 115g,6295500,864,Snack,1,5829.166666666667,0.8,W1,162
Saus tiram Saori 133ml,5838300,669,Bumbu,1,5405.833333333333,0.6194444444444445,W1,162
Diapet strip,5692800,816,Obat,2,5271.111111111111,0.7555555555555555,W1,162
Kopi ABC sachet,4815400,2321,Sachet,1,4458.7037037037035,2.149074074074074,W1,162
Deodoran Rexona 45ml,4378000,230,Perawatan,1,4053.703703703704,0.21296296296296297,W1,162
Chocolatos sachet,4233700,2109,Sachet,1,3920.0925925925926,1.9527777777777777,W1,162
Kecap asin ABC 135ml,4027900,609,Bumbu,1,3729.537037037037,0.5638888888888889,W1,162
Paracetamol Sanmol strip,4000300,993,Obat,2,3703.9814814814813,0.9194444444444444,W1,162
Pasta gigi Pepsodent 75g,3989300,568,Perawatan,1,3693.796296296296,0.5259259259259259,W1,162
Mi ayam bawang Indomie,3962400,1066,Mi,1,3668.8888888888887,0.987037037037037,W1,162
Santan Kara 65ml,3785300,817,Sembako,1,3504.9074074074074,0.7564814814814815,W1,162
Mi kari ayam Indomie,3277800,895,Mi,1,3035.0,0.8287037037037037,W1,162
Terasi ABC 20g,3230600,1012,Bumbu,2,2991.296296296296,0.937037037037037,W1,162
Kerupuk 100g,3204200,604,Snack,1,2966.8518518518517,0.5592592592592592,W1,162
Kecap manis Sedap 135ml,2990800,499,Bumbu,1,2769.259259259259,0.462037037037037,W1,162
Buku gambar,2932600,422,ATK,2,2715.3703703703704,0.3907407407407407,W1,162
Klem selang,2881500,565,LPG,1,2668.0555555555557,0.5231481481481481,W1,162
Plastic wrap,2860500,234,Plastik,2,2648.6111111111113,0.21666666666666667,W1,162
Pembalut Softex,2712600,297,Tisu,2,2511.6666666666665,0.275,W1,162
Ember,2707000,130,RumahTangga,2,2506.4814814814813,0.12037037037037036,W1,162
Deodoran Rexona sachet,2548400,634,Perawatan,1,2359.6296296296296,0.587037037037037,W1,162
Super Pell 450ml,2510300,293,Deterjen,1,2324.3518518518517,0.2712962962962963,W1,162
Antangin sachet,2459400,697,Obat,1,2277.222222222222,0.6453703703703704,W1,162
Mama Lemon 400ml,2244900,275,Deterjen,1,2078.6111111111113,0.25462962962962965,W1,162
Attack sachet,2215600,851,Deterjen,2,2051.4814814814813,0.787962962962963,W1,162
Pulpen Pilot,2173900,537,ATK,2,2012.8703703703704,0.49722222222222223,W1,162
Buku tulis Kiky,1769300,297,ATK,2,1638.2407407407406,0.275,W1,162
Sapu ijuk,1739500,83,RumahTangga,1,1610.648148148148,0.07685185185185185,W1,162
Pembalut Charm,1733500,168,Tisu,2,1605.0925925925926,0.15555555555555556,W1,162
Tusuk sate,1546800,303,Plastik,2,1432.2222222222222,0.28055555555555556,W1,162
Spons (kebersihan),1253600,420,Deterjen,1,1160.7407407407406,0.3888888888888889,W1,162
Popok Sweety isi 10,1214500,53,Bayi,1,1124.537037037037,0.049074074074074076,W1,162
Gelas plastik,1212300,150,Plastik,1,1122.5,0.1388888888888889,W1,162
Sabun batang Lifebuoy,1197600,280,Perawatan,1,1108.888888888889,0.25925925925925924,W1,162
Kapas Selection,1161800,231,Tisu,1,1075.7407407407406,0.21388888888888888,W1,162
Pengki,1028500,82,RumahTangga,1,952.3148148148148,0.07592592592592592,W1,162
Buku tulis Sinar Dunia,909700,229,ATK,1,842.3148148148148,0.21203703703703702,W1,162
Pel,841500,41,RumahTangga,1,779.1666666666666,0.03796296296296296,W1,162
Baby powder My Baby 50g,832100,115,Bayi,2,770.4629629629629,0.10648148148148148,W1,162
Plastik es,759100,147,Plastik,1,702.8703703703703,0.1361111111111111,W1,162
Molto sachet,742800,372,Deterjen,1,687.7777777777778,0.34444444444444444,W1,162
Hanger,601400,192,RumahTangga,2,556.8518518518518,0.17777777777777778,W1,162
Lem Alteco,496900,119,RumahTangga,1,460.0925925925926,0.11018518518518519,W1,162
Minyak telon My Baby 60ml,453000,43,Bayi,1,419.44444444444446,0.03981481481481482,W1,162
LPG 12kg,427000,2,LPG,1,395.3703703703704,0.001851851851851852,W1,162
Masker,368000,361,Obat,1,340.74074074074076,0.33425925925925926,W1,162
Isolasi,336900,104,RumahTangga,1,311.94444444444446,0.0962962962962963,W1,162
Map,287300,105,ATK,1,266.01851851851853,0.09722222222222222,W1,162
Pensil Faber-Castell,255700,80,ATK,1,236.75925925925927,0.07407407407407407,W1,162
Lilin,108700,55,RumahTangga,1,100.64814814814815,0.05092592592592592,W1,162
Mi goreng Indomie,49864000,13542,Mi,2,46170.37037037037,12.53888888888889,W2,138
Nescafe 220ml,40910400,6616,Minuman,2,37880.0,6.125925925925926,W2,138
Surya 12 batang,36152500,1380,Rokok,1,33474.53703703704,1.2777777777777777,W2,138
Kacang kulit Garuda 100g,35227500,4842,Snack,2,32618.055555555555,4.483333333333333,W2,138
LA Ice 16 batang,32765500,1000,Rokok,1,30338.425925925927,0.9259259259259259,W2,138
Djarum Super 16 batang,31254000,943,Rokok,1,28938.88888888889,0.8731481481481481,W2,138
Kuaci Rebo 100g,28676500,3958,Snack,2,26552.314814814814,3.664814814814815,W2,138
Makaroni pedas 100g,25624200,4122,Snack,2,23726.11111111111,3.816666666666667,W2,138
Makaroni 200g,24581000,3413,Mi,2,22760.185185185186,3.160185185185185,W2,138
Pocari Sweat 500ml,23821800,2578,Minuman,1,22057.222222222223,2.387037037037037,W2,138
Le Minerale 600ml,23588400,5734,Minuman,2,21841.11111111111,5.309259259259259,W2,138
Aqua 600ml,22913400,5653,Minuman,1,21216.11111111111,5.234259259259259,W2,138
Tembakau linting,22211500,1382,Rokok,1,20566.203703703704,1.2796296296296297,W2,138
Kacang sukro Garuda 80g,20214000,3282,Snack,1,18716.666666666668,3.0388888888888888,W2,138
Khong Guan 200g,20212200,2188,Snack,1,18715.0,2.025925925925926,W2,138
Nugget Fiesta 250g,19842000,760,Frozen,1,18372.222222222223,0.7037037037037037,W2,138
Cokelat SilverQueen,19408500,1537,Snack,1,17970.833333333332,1.423148148148148,W2,138
Aqua 1.5L,18470000,3006,Minuman,1,17101.85185185185,2.783333333333333,W2,138
Minyakita 1L,18035000,919,Sembako,2,16699.074074074073,0.850925925925926,W2,138
Gula pasir curah 1kg,17952000,872,Sembako,2,16622.222222222223,0.8074074074074075,W2,138
Telur ayam 1kg,16960500,463,Sembako,1,15704.166666666666,0.4287037037037037,W2,138
Mi goreng Sedaap,16351100,4521,Mi,2,15139.907407407407,4.186111111111111,W2,138
Permen Kopiko,16347400,1967,Snack,1,15136.481481481482,1.8212962962962962,W2,138
Indomilk 190ml,15322600,2977,Minuman,1,14187.592592592593,2.7564814814814813,W2,138
Kopi susu Good Day sachet,14407900,6917,Sachet,2,13340.648148148148,6.404629629629629,W2,138
Kopi Kapal Api sachet,14341400,6844,Sachet,1,13279.074074074075,6.337037037037037,W2,138
Mi kari ayam Indomie,14258500,3941,Mi,1,13202.314814814816,3.649074074074074,W2,138
Good Day 250ml,13691600,2649,Minuman,1,12677.407407407407,2.452777777777778,W2,138
Kerupuk 100g,13688400,2661,Snack,1,12674.444444444445,2.463888888888889,W2,138
Oatmeal Quaker 35g,13441100,3699,Mi,2,12445.462962962964,3.425,W2,138
Gula pasir Gulaku 1kg,13278500,617,Sembako,2,12294.907407407407,0.5712962962962963,W2,138
Deodoran Rexona 45ml,12383000,659,Perawatan,1,11465.74074074074,0.6101851851851852,W2,138
Minyak rambut Gatsby 75g,12328500,783,Perawatan,2,11415.277777777777,0.725,W2,138
Kukubima sachet,11479000,4430,Minuman,2,10628.703703703704,4.101851851851852,W2,138
Teh Gelas 350ml,10695800,4142,Minuman,1,9903.518518518518,3.835185185185185,W2,138
Rinso 800g,10540000,563,Deterjen,2,9759.25925925926,0.5212962962962963,W2,138
Coca-Cola 390ml,10092200,1632,Minuman,1,9344.62962962963,1.511111111111111,W2,138
Minyak goreng Sania 1L,9490500,401,Sembako,1,8787.5,0.3712962962962963,W2,138
Bakso 250g,8832000,557,Frozen,1,8177.777777777777,0.5157407407407407,W2,138
Djarum Super 12 batang,8070000,322,Rokok,1,7472.222222222223,0.29814814814814816,W2,138
Sabun cair Lifebuoy 250ml,8047000,631,Perawatan,1,7450.925925925926,0.5842592592592593,W2,138
Sikat gigi Formula,7138500,987,Perawatan,2,6609.722222222223,0.9138888888888889,W2,138
Milo sachet,6471100,1807,Sachet,1,5991.759259259259,1.673148148148148,W2,138
Pengharum mobil,6378000,414,LPG,2,5905.555555555556,0.38333333333333336,W2,138
Selang gas,6317000,210,LPG,2,5849.074074074074,0.19444444444444445,W2,138
Saus sambal ABC 135ml,5977300,789,Bumbu,2,5534.537037037037,0.7305555555555555,W2,138
Kopi Torabika sachet,5901400,2788,Sachet,1,5464.259259259259,2.5814814814814815,W2,138
Tepung terigu Kompas 1kg,5788500,401,Sembako,1,5359.722222222223,0.3712962962962963,W2,138
Bayclin 500ml,5786400,702,Deterjen,2,5357.777777777777,0.65,W2,138
Es krim cup Wall's,5731800,1092,Frozen,2,5307.222222222223,1.011111111111111,W2,138
Kecap manis ABC 135ml,5639600,876,Bumbu,2,5221.851851851852,0.8111111111111111,W2,138
Cappuccino Good Day sachet,5631800,2159,Sachet,1,5214.62962962963,1.999074074074074,W2,138
Garam Refina 500g,5515500,1213,Sembako,2,5106.944444444444,1.1231481481481482,W2,138
Aqua 330ml,5511300,1764,Minuman,1,5103.055555555556,1.6333333333333333,W2,138
Hansaplast 10 pcs,5417900,655,Obat,1,5016.574074074074,0.6064814814814815,W2,138
Kopi ABC sachet,5053100,2431,Sachet,1,4678.7962962962965,2.2509259259259258,W2,138
Cornetto,4873000,389,Frozen,1,4512.037037037037,0.36018518518518516,W2,138
Korek kayu,4468100,2120,Rokok,2,4137.12962962963,1.962962962962963,W2,138
Sabun batang Lux,4071900,871,Perawatan,2,3770.277777777778,0.8064814814814815,W2,138
Better,4044600,1584,Snack,1,3745.0,1.4666666666666666,W2,138
Pop Mie,3868200,618,Mi,1,3581.6666666666665,0.5722222222222222,W2,138
Sabun batang Lifebuoy,3240400,788,Perawatan,1,3000.3703703703704,0.7296296296296296,W2,138
Gunting Joyko,3236500,445,ATK,1,2996.759259259259,0.41203703703703703,W2,138
Kantong sampah,3202200,387,Deterjen,1,2965.0,0.35833333333333334,W2,138
Karbol 500ml,2965100,407,Deterjen,1,2745.462962962963,0.3768518518518518,W2,138
Susu formula SGM 200g,2368000,92,Bayi,2,2192.5925925925926,0.08518518518518518,W2,138
Tisu basah Mitu,2080500,249,Tisu,2,1926.388888888889,0.23055555555555557,W2,138
Rautan Joyko,2077400,667,ATK,2,1923.5185185185185,0.6175925925925926,W2,138
Telur ayam 1 butir,2015600,752,Sembako,1,1866.2962962962963,0.6962962962962963,W2,138
Stabilo,1875700,230,ATK,1,1736.7592592592594,0.21296296296296297,W2,138
Oralit sachet,1819700,884,Obat,2,1684.9074074074074,0.8185185185185185,W2,138
Kecap manis Sedap 135ml,1818600,304,Bumbu,1,1683.888888888889,0.2814814814814815,W2,138
Susu formula Dancow 200g,1705000,55,Bayi,2,1578.7037037037037,0.05092592592592592,W2,138
Lem ban,1629500,202,LPG,1,1508.7962962962963,0.18703703703703703,W2,138
Super Pell 450ml,1602500,196,Deterjen,1,1483.7962962962963,0.1814814814814815,W2,138
Charger,1577000,50,RumahTangga,2,1460.1851851851852,0.046296296296296294,W2,138
Tisu Tessa,1499900,209,Tisu,2,1388.7962962962963,0.1935185185185185,W2,138
Keset,1414000,89,RumahTangga,1,1309.2592592592594,0.0824074074074074,W2,138
Rinso sachet,1402100,530,Deterjen,1,1298.2407407407406,0.49074074074074076,W2,138
Tisu Nice,1320900,183,Tisu,2,1223.0555555555557,0.16944444444444445,W2,138
Sunlight sachet,1271500,618,Deterjen,1,1177.3148148148148,0.5722222222222222,W2,138
Promag strip,1227000,150,Obat,1,1136.111111111111,0.1388888888888889,W2,138
Kabel USB,1124000,72,RumahTangga,2,1040.7407407407406,0.06666666666666667,W2,138
Sapu lidi,1122000,107,RumahTangga,2,1038.888888888889,0.09907407407407408,W2,138
Tisu Paseo,1051100,127,Tisu,1,973.2407407407408,0.1175925925925926,W2,138
Penghapus Faber-Castell,1044700,403,ATK,2,967.3148148148148,0.3731481481481482,W2,138
Paracetamol strip,1039900,327,Obat,1,962.8703703703703,0.30277777777777776,W2,138
Map,958900,364,ATK,1,887.8703703703703,0.337037037037037,W2,138
Gayung,947300,131,RumahTangga,2,877.1296296296297,0.12129629629629629,W2,138
Vitamin C CDR,923400,301,Obat,1,855.0,0.27870370370370373,W2,138
Correction pen Joyko,907400,174,ATK,1,840.1851851851852,0.16111111111111112,W2,138
Merica bubuk Ladaku,879200,546,Bumbu,2,814.074074074074,0.5055555555555555,W2,138
Plastik kresek sedang,850300,118,Plastik,1,787.3148148148148,0.10925925925925926,W2,138
Plastik klip,799200,156,Plastik,1,740.0,0.14444444444444443,W2,138
Penyedap Masako,767400,471,Bumbu,1,710.5555555555555,0.4361111111111111,W2,138
Soklin sachet,766800,365,Deterjen,1,710.0,0.33796296296296297,W2,138
Sabun batang Nuvo,633100,173,Perawatan,1,586.2037037037037,0.16018518518518518,W2,138
Klem selang,568400,113,LPG,1,526.2962962962963,0.10462962962962963,W2,138
Penggaris Butterfly 30cm,519500,167,ATK,1,481.01851851851853,0.15462962962962962,W2,138
Tusuk gigi,517200,167,Plastik,1,478.8888888888889,0.15462962962962962,W2,138
Cutter Joyko,493800,98,ATK,1,457.22222222222223,0.09074074074074075,W2,138
Shampoo Pantene sachet,486100,313,Perawatan,1,450.0925925925926,0.2898148148148148,W2,138
Downy sachet,467600,226,Deterjen,1,432.962962962963,0.20925925925925926,W2,138
Baterai AA ABC 2pcs,446000,55,RumahTangga,1,412.962962962963,0.05092592592592592,W2,138
Lakban,400000,76,RumahTangga,2,370.3703703703704,0.07037037037037037,W2,138
Sedotan,376200,72,Plastik,1,348.3333333333333,0.06666666666666667,W2,138
Plastik es,360600,70,Plastik,1,333.8888888888889,0.06481481481481481,W2,138
Minyak telon My Baby 60ml,285000,27,Bayi,1,263.8888888888889,0.025,W2,138
Spons cuci piring,283400,91,Plastik,1,262.4074074074074,0.08425925925925926,W2,138
Isolasi,132500,43,RumahTangga,1,122.68518518518519,0.03981481481481482,W2,138
Gudang Garam Filter 12 batang,46527000,1896,Rokok,1,43080.555555555555,1.7555555555555555,W3,189
Beras premium 5kg,41773000,504,Sembako,2,38678.7037037037,0.4666666666666667,W3,189
Minyak goreng Sania 1L,37371500,1644,Sembako,2,34603.24074074074,1.5222222222222221,W3,189
Gula pasir Rose Brand 1kg,37285000,1785,Sembako,2,34523.148148148146,1.6527777777777777,W3,189
LA Bold 16 batang,18912000,612,Rokok,1,17511.11111111111,0.5666666666666667,W3,189
Gudang Garam 16 batang,18052000,592,Rokok,1,16714.814814814814,0.5481481481481482,W3,189
LA Ice 16 batang,14955500,463,Rokok,1,13847.685185185184,0.4287037037037037,W3,189
Kopi Kapal Api sachet,14804700,7017,Sachet,2,13708.055555555555,6.497222222222222,W3,189
Bakso 250g,13640000,858,Frozen,2,12629.62962962963,0.7944444444444444,W3,189
Dancow sachet,12226600,3343,Sachet,2,11320.925925925925,3.0953703703703703,W3,189
Aqua 1.5L,11142200,1772,Minuman,1,10316.851851851852,1.6407407407407408,W3,189
Santan Kara 65ml,10480100,2314,Sembako,2,9703.796296296296,2.1425925925925924,W3,189
Minyak rambut Gatsby 75g,9649000,624,Perawatan,2,8934.25925925926,0.5777777777777777,W3,189
Aqua 600ml,9484300,2395,Minuman,1,8781.75925925926,2.2175925925925926,W3,189
Coca-Cola 390ml,8726500,1381,Minuman,1,8080.092592592592,1.2787037037037037,W3,189
Bayclin 500ml,8317600,1021,Deterjen,2,7701.481481481482,0.9453703703703704,W3,189
Kentang frozen 500g,8234500,405,Frozen,1,7624.537037037037,0.375,W3,189
Cuka 100ml,6809600,1599,Bumbu,2,6305.185185185185,1.4805555555555556,W3,189
Makaroni 200g,6720800,923,Mi,2,6222.962962962963,0.8546296296296296,W3,189
Makaroni pedas 100g,6540400,1042,Snack,2,6055.925925925926,0.9648148148148148,W3,189
Regulator gas,6272000,64,LPG,1,5807.407407407408,0.05925925925925926,W3,189
Garam Dolphin 500g,6074100,1573,Sembako,2,5624.166666666667,1.4564814814814815,W3,189
Mi ayam bawang Indomie,6060600,1666,Mi,2,5611.666666666667,1.5425925925925925,W3,189
Extra Joss sachet,5754800,2766,Sachet,1,5328.518518518518,2.561111111111111,W3,189
Mi goreng Indomie,5737000,1523,Mi,1,5312.037037037037,1.4101851851851852,W3,189
Korek kayu,5496400,2612,Rokok,2,5089.259259259259,2.4185185185185185,W3,189
Saus sambal ABC 135ml,5108100,696,Bumbu,1,4729.722222222223,0.6444444444444445,W3,189
Mayones Maestro 100g,4668900,609,Bumbu,1,4323.055555555556,0.5638888888888889,W3,189
Nescafe 220ml,4575700,751,Minuman,1,4236.759259259259,0.6953703703703704,W3,189
Pasta gigi Sensodyne 40g,4195500,195,Perawatan,1,3884.722222222222,0.18055555555555555,W3,189
Diapet strip,4080800,574,Obat,2,3778.5185185185187,0.5314814814814814,W3,189
Kecap asin ABC 135ml,4027900,609,Bumbu,1,3729.537037037037,0.5638888888888889,W3,189
Popok Sweety isi 10,3516000,156,Bayi,2,3255.5555555555557,0.14444444444444443,W3,189
Better,3493800,1317,Snack,2,3235.0,1.2194444444444446,W3,189
Wipol 450ml,3422400,360,Deterjen,1,3168.8888888888887,0.3333333333333333,W3,189
Kerupuk 100g,3204200,604,Snack,1,2966.8518518518517,0.5592592592592592,W3,189
Spaghetti La Fonte 225g,3197600,317,Mi,1,2960.740740740741,0.2935185185185185,W3,189
Tisu basah Mitu,3072700,372,Tisu,2,2845.0925925925926,0.34444444444444444,W3,189
Klem selang,2881500,565,LPG,1,2668.0555555555557,0.5231481481481481,W3,189
Extra Joss,2869300,1165,Minuman,1,2656.759259259259,1.0787037037037037,W3,189
Frestea 350ml,2800300,705,Minuman,1,2592.8703703703704,0.6527777777777778,W3,189
Daia sachet,2415700,1145,Deterjen,2,2236.759259259259,1.0601851851851851,W3,189
Tisu Nice,2275900,322,Tisu,2,2107.314814814815,0.29814814814814816,W3,189
Plastik klip,2039200,398,Plastik,2,1888.148148148148,0.3685185185185185,W3,189
Cappuccino Good Day sachet,1976500,789,Sachet,1,1830.0925925925926,0.7305555555555555,W3,189
Saus sambal sachet ABC,1930100,1181,Bumbu,1,1787.1296296296296,1.0935185185185186,W3,189
Kuaci Rebo 100g,1843200,257,Snack,1,1706.6666666666667,0.23796296296296296,W3,189
Kukubima sachet,1823100,741,Minuman,1,1688.0555555555557,0.6861111111111111,W3,189
Pengki,1784000,142,RumahTangga,2,1651.851851851852,0.13148148148148148,W3,189
Sapu ijuk,1739500,83,RumahTangga,1,1610.648148148148,0.07685185185185185,W3,189
Plastik kresek kecil,1583000,308,Plastik,2,1465.7407407407406,0.2851851851851852,W3,189
Downy sachet,1510600,721,Deterjen,2,1398.7037037037037,0.6675925925925926,W3,189
Molto sachet,1483000,703,Deterjen,1,1373.148148148148,0.6509259259259259,W3,189
Kacang sukro Garuda 80g,1431300,231,Snack,1,1325.2777777777778,0.21388888888888888,W3,189
Vitamin C CDR,1314400,423,Obat,2,1217.037037037037,0.39166666666666666,W3,189
Baby powder My Baby 50g,1235400,169,Bayi,2,1143.888888888889,0.15648148148148147,W3,189
Paracetamol Sanmol strip,1216200,292,Obat,1,1126.111111111111,0.27037037037037037,W3,189
Sabun batang Dettol,1057500,209,Perawatan,1,979.1666666666666,0.1935185185185185,W3,189
Sabun batang Nuvo,1040400,295,Perawatan,1,963.3333333333334,0.27314814814814814,W3,189
Beng-Beng,915500,368,Snack,1,847.6851851851852,0.34074074074074073,W3,189
Paracetamol strip,852500,265,Obat,1,789.3518518518518,0.24537037037037038,W3,189
Plastic wrap,813500,65,Plastik,1,753.2407407407408,0.06018518518518518,W3,189
Spons cuci piring,712700,232,Plastik,1,659.9074074074074,0.21481481481481482,W3,189
Correction pen Joyko,527800,104,ATK,2,488.7037037037037,0.0962962962962963,W3,189
Shampoo Clear sachet,459600,299,Perawatan,1,425.55555555555554,0.27685185185185185,W3,189
Terminal listrik,434000,22,RumahTangga,1,401.85185185185185,0.020370370370370372,W3,189
Shampoo H&S sachet,404600,193,Perawatan,1,374.6296296296296,0.1787037037037037,W3,189
Teh Sariwangi 1 kantong,391500,783,Sachet,1,362.5,0.725,W3,189
Rautan Joyko,349300,110,ATK,2,323.4259259259259,0.10185185185185185,W3,189
Pulpen Pilot,341200,82,ATK,1,315.9259259259259,0.07592592592592592,W3,189
Stabilo,312900,39,ATK,1,289.72222222222223,0.03611111111111111,W3,189
Sampoerna A 16 batang,52230000,1401,Rokok,2,48361.11111111111,1.2972222222222223,W4,122
Marlboro 16 batang,43280000,1030,Rokok,1,40074.07407407407,0.9537037037037037,W4,122
Surya 12 batang,36152500,1380,Rokok,1,33474.53703703704,1.2777777777777777,W4,122
Spaghetti La Fonte 225g,34877500,3405,Mi,1,32293.98148148148,3.1527777777777777,W4,122
Le Minerale 1.5L,34742000,5767,Minuman,2,32168.51851851852,5.339814814814815,W4,122
Bihun Rose Brand 320g,34584300,4298,Mi,1,32022.5,3.97962962962963,W4,122
LA Ice 16 batang,32765500,1000,Rokok,1,30338.425925925927,0.9259259259259259,W4,122
Djarum Super 16 batang,31254000,943,Rokok,1,28938.88888888889,0.8731481481481481,W4,122
Teh Pucuk 350ml,28583500,7055,Minuman,2,26466.203703703704,6.532407407407407,W4,122
Kacang atom Garuda 100g,27537600,3884,Snack,2,25497.777777777777,3.596296296296296,W4,122
Oreo 119g,25762200,3205,Snack,1,23853.88888888889,2.9675925925925926,W4,122
Minyak goreng Bimoli 1L,24194000,993,Sembako,2,22401.85185185185,0.9194444444444444,W4,122
Pocari Sweat 500ml,23821800,2578,Minuman,1,22057.222222222223,2.387037037037037,W4,122
Teh Botol Sosro 350ml,23809200,4831,Minuman,1,22045.555555555555,4.473148148148148,W4,122
Beng-Beng,23426400,9219,Snack,2,21691.11111111111,8.536111111111111,W4,122
Kentang frozen 500g,23413000,1152,Frozen,2,21678.703703703704,1.0666666666666667,W4,122
Gudang Garam Filter 12 batang,23258000,981,Rokok,1,21535.185185185186,0.9083333333333333,W4,122
Aqua 600ml,22913400,5653,Minuman,1,21216.11111111111,5.234259259259259,W4,122
Tempura 250g,22319500,1452,Frozen,2,20666.203703703704,1.3444444444444446,W4,122
Tembakau linting,22211500,1382,Rokok,1,20566.203703703704,1.2796296296296297,W4,122
Permen Relaxa,20669300,2949,Snack,2,19138.24074074074,2.7305555555555556,W4,122
Snack kentang Qtela 60g,20381700,2507,Snack,1,18871.944444444445,2.321296296296296,W4,122
Buavita 250ml,19842000,2835,Minuman,1,18372.222222222223,2.625,W4,122
Cokelat SilverQueen,19408500,1537,Snack,1,17970.833333333332,1.423148148148148,W4,122
Bubur instan 50g,18117800,3606,Mi,2,16775.74074074074,3.338888888888889,W4,122
Extra Joss,17382700,6913,Minuman,2,16095.092592592593,6.400925925925926,W4,122
Snack jagung Cheetos,17306500,5751,Snack,2,16024.537037037036,5.325,W4,122
Telur ayam 1kg,16960500,463,Sembako,1,15704.166666666666,0.4287037037037037,W4,122
Pasta gigi Sensodyne 40g,16548000,825,Perawatan,2,15322.222222222223,0.7638888888888888,W4,122
Sprite 390ml,16335200,2738,Minuman,1,15125.185185185184,2.535185185185185,W4,122
Mi soto Indomie,15892800,4493,Mi,1,14715.555555555555,4.160185185185185,W4,122
Dancow sachet,14724400,4228,Sachet,1,13633.703703703704,3.914814814814815,W4,122
Astor,14321000,5620,Snack,2,13260.185185185184,5.203703703703703,W4,122
Es krim Magnum,14212500,916,Frozen,1,13159.722222222223,0.8481481481481481,W4,122
Nutrisari sachet,13956000,6882,Sachet,2,12922.222222222223,6.372222222222222,W4,122
Good Day 250ml,13691600,2649,Minuman,1,12677.407407407407,2.452777777777778,W4,122
Permen karet Big Babol,12553500,6196,Snack,2,11623.611111111111,5.737037037037037,W4,122
Mi goreng Sarimi,12417200,4162,Mi,2,11497.407407407407,3.8537037037037036,W4,122
Tepung terigu Segitiga Biru 1kg,11139000,696,Sembako,1,10313.888888888889,0.6444444444444445,W4,122
Salonpas 10 pcs,10975500,731,Obat,2,10162.5,0.6768518518518518,W4,122
Teh Gelas 350ml,10695800,4142,Minuman,1,9903.518518518518,3.835185185185185,W4,122
LPG 3kg,10695000,514,LPG,1,9902.777777777777,0.4759259259259259,W4,122
Mi kuah Sedaap,10629900,3031,Mi,2,9842.5,2.8064814814814816,W4,122
Coca-Cola 390ml,10092200,1632,Minuman,1,9344.62962962963,1.511111111111111,W4,122
Minyak rem 100ml,9920500,674,LPG,2,9185.648148148148,0.6240740740740741,W4,122
Minyak goreng Sania 1L,9490500,401,Sembako,1,8787.5,0.3712962962962963,W4,122
Pomade Gatsby 80g,9334500,459,Perawatan,1,8643.055555555555,0.425,W4,122
Margarin Blue Band 200g,7547100,853,Sembako,1,6988.055555555556,0.7898148148148149,W4,122
Gula pasir Rose Brand 1kg,7369000,351,Sembako,1,6823.148148148148,0.325,W4,122
Tepung beras Rose Brand 500g,7332200,754,Sembako,2,6789.074074074074,0.6981481481481482,W4,122
Es krim cone Wall's,7125000,1405,Frozen,2,6597.222222222223,1.3009259259259258,W4,122
Sunlight 400ml,6901200,753,Deterjen,2,6390.0,0.6972222222222222,W4,122
Minyak kayu putih Cap Lang 30ml (Obat),6665400,659,Obat,2,6171.666666666667,0.6101851851851852,W4,122
Kaldu bubuk Royco 100g,6629400,1136,Bumbu,2,6138.333333333333,1.0518518518518518,W4,122
Parfum Gatsby 100ml,6607000,266,Perawatan,1,6117.592592592592,0.2462962962962963,W4,122
Mayones Maestro 100g,6563500,903,Bumbu,2,6077.314814814815,0.8361111111111111,W4,122
Milo sachet,6471100,1807,Sachet,1,5991.759259259259,1.673148148148148,W4,122
Regulator gas,6449000,65,LPG,1,5971.2962962962965,0.06018518518518518,W4,122
Wipol 450ml,6028200,652,Deterjen,2,5581.666666666667,0.6037037037037037,W4,122
Body lotion Citra 100ml,5988600,580,Perawatan,2,5545.0,0.5370370370370371,W4,122
Kopi Torabika sachet,5901400,2788,Sachet,1,5464.259259259259,2.5814814814814815,W4,122
Cappuccino Good Day sachet,5631800,2159,Sachet,1,5214.62962962963,1.999074074074074,W4,122
Aqua 330ml,5511300,1764,Minuman,1,5103.055555555556,1.6333333333333333,W4,122
Pasta gigi Close Up 65g,4910500,688,Perawatan,2,4546.759259259259,0.6370370370370371,W4,122
Cornetto,4873000,389,Frozen,1,4512.037037037037,0.36018518518518516,W4,122
LPG 5.5kg,4833500,46,LPG,2,4475.462962962963,0.04259259259259259,W4,122
Kecap manis Bango 135ml,4600700,620,Bumbu,2,4259.907407407408,0.5740740740740741,W4,122
Kopi susu Torabika sachet,4458700,2236,Sachet,1,4128.425925925926,2.0703703703703704,W4,122
Garam Dolphin 500g,4267600,1088,Sembako,2,3951.4814814814813,1.0074074074074073,W4,122
Better,4044600,1584,Snack,1,3745.0,1.4666666666666666,W4,122
Pasta gigi Pepsodent 75g,3989300,568,Perawatan,1,3693.796296296296,0.5259259259259259,W4,122
Pop Mie,3868200,618,Mi,1,3581.6666666666665,0.5722222222222222,W4,122
Kantong sampah,3202200,387,Deterjen,1,2965.0,0.35833333333333334,W4,122
Pembalut Laurier,3168400,309,Tisu,2,2933.703703703704,0.2861111111111111,W4,122
Teh Sariwangi 1 kantong,2998900,5896,Sachet,2,2776.759259259259,5.45925925925926,W4,122
Spidol Snowman,2990200,600,ATK,2,2768.703703703704,0.5555555555555556,W4,122
Karbol 500ml,2965100,407,Deterjen,1,2745.462962962963,0.3768518518518518,W4,122
Tisu basah Cussons,2927100,323,Tisu,2,2710.277777777778,0.29907407407407405,W4,122
Paracetamol Sanmol strip,2784100,701,Obat,1,2577.8703703703704,0.649074074074074,W4,122
Bohlam LED Hannochs 9W,2515500,164,RumahTangga,2,2329.1666666666665,0.15185185185185185,W4,122
Terminal listrik,2081500,101,RumahTangga,2,1927.3148148148148,0.09351851851851851,W4,122
Plastic wrap,2047000,169,Plastik,1,1895.3703703703704,0.15648148148148147,W4,122
Telur ayam 1 butir,2015600,752,Sembako,1,1866.2962962962963,0.6962962962962963,W4,122
Stabilo,1875700,230,ATK,1,1736.7592592592594,0.21296296296296297,W4,122
Pulpen Pilot,1832700,455,ATK,1,1696.9444444444443,0.4212962962962963,W4,122
Pembalut Softex,1689900,189,Tisu,1,1564.7222222222222,0.175,W4,122
Minyak kayu putih Cap Lang 30ml (Bayi),1656000,164,Bayi,2,1533.3333333333333,0.15185185185185185,W4,122
Biskuit bayi Promina 100g,1650400,161,Bayi,2,1528.148148148148,0.14907407407407408,W4,122
Bubur bayi Promina 120g,1642000,134,Bayi,2,1520.3703703703704,0.12407407407407407,W4,122
Lem ban,1629500,202,LPG,1,1508.7962962962963,0.18703703703703703,W4,122
Bohlam LED Philips 5W,1542000,98,RumahTangga,2,1427.7777777777778,0.09074074074074075,W4,122
Keset,1414000,89,RumahTangga,1,1309.2592592592594,0.0824074074074074,W4,122
Rinso sachet,1402100,530,Deterjen,1,1298.2407407407406,0.49074074074074076,W4,122
Penyedap Royco,1326300,810,Bumbu,2,1228.0555555555557,0.75,W4,122
Sendok plastik,1310800,259,Plastik,2,1213.7037037037037,0.23981481481481481,W4,122
Lem Fox 10g,1309100,430,ATK,2,1212.1296296296296,0.39814814814814814,W4,122
Shampoo H&S sachet,1259700,620,Perawatan,2,1166.388888888889,0.5740740740740741,W4,122
Ember,1252000,62,RumahTangga,1,1159.2592592592594,0.05740740740740741,W4,122
Daia sachet,1240700,620,Deterjen,2,1148.7962962962963,0.5740740740740741,W4,122
Promag strip,1227000,150,Obat,1,1136.111111111111,0.1388888888888889,W4,122
Kapas Selection,1161800,231,Tisu,1,1075.7407407407406,0.21388888888888888,W4,122
Attack sachet,1110800,443,Deterjen,1,1028.5185185185185,0.4101851851851852,W4,122
Tisu Paseo,1051100,127,Tisu,1,973.2407407407408,0.1175925925925926,W4,122
Paracetamol strip,1039900,327,Obat,1,962.8703703703703,0.30277777777777776,W4,122
Saus sambal sachet ABC,977700,610,Bumbu,2,905.2777777777778,0.5648148148148148,W4,122
Vitamin C CDR,923400,301,Obat,1,855.0,0.27870370370370373,W4,122
Correction pen Joyko,907400,174,ATK,1,840.1851851851852,0.16111111111111112,W4,122
Baby oil My Baby 50ml,855800,122,Bayi,2,792.4074074074074,0.11296296296296296,W4,122
Baterai AAA ABC 2pcs,852700,104,RumahTangga,2,789.5370370370371,0.0962962962962963,W4,122
Tusuk sate,807800,163,Plastik,1,747.9629629629629,0.15092592592592594,W4,122
Plastik klip,799200,156,Plastik,1,740.0,0.14444444444444443,W4,122
Penyedap Masako,767400,471,Bumbu,1,710.5555555555555,0.4361111111111111,W4,122
Molto sachet,742800,372,Deterjen,1,687.7777777777778,0.34444444444444444,W4,122
Amplop,648000,629,ATK,2,600.0,0.5824074074074074,W4,122
Sabun batang Nuvo,633100,173,Perawatan,1,586.2037037037037,0.16018518518518518,W4,122
Penggaris Butterfly 30cm,519500,167,ATK,1,481.01851851851853,0.15462962962962962,W4,122
Tusuk gigi,517200,167,Plastik,1,478.8888888888889,0.15462962962962962,W4,122
Cutter Joyko,493800,98,ATK,1,457.22222222222223,0.09074074074074075,W4,122
Shampoo Pantene sachet,486100,313,Perawatan,1,450.0925925925926,0.2898148148148148,W4,122
Downy sachet,467600,226,Deterjen,1,432.962962962963,0.20925925925925926,W4,122
Baterai AA ABC 2pcs,446000,55,RumahTangga,1,412.962962962963,0.05092592592592592,W4,122
LPG 12kg,427000,2,LPG,1,395.3703703703704,0.001851851851851852,W4,122
Sedotan,376200,72,Plastik,1,348.3333333333333,0.06666666666666667,W4,122
Tali per meter,313800,155,RumahTangga,2,290.55555555555554,0.14351851851851852,W4,122
Spons cuci piring,283400,91,Plastik,1,262.4074074074074,0.08425925925925926,W4,122
Lilin,108700,55,RumahTangga,1,100.64814814814815,0.05092592592592592,W4,122
Sampoerna Mild 16 batang,68264500,1913,Rokok,2,63207.87037037037,1.7712962962962964,W5,148
Surya 12 batang,48968500,1847,Rokok,2,45341.2037037037,1.7101851851851853,W5,148
Gudang Garam 16 batang,41010500,1320,Rokok,1,37972.68518518518,1.2222222222222223,W5,148
Beras medium 1kg,38352500,2328,Sembako,2,35511.57407407407,2.1555555555555554,W5,148
Telur ayam 1kg,37715500,1023,Sembako,2,34921.75925925926,0.9472222222222222,W5,148
LA Ice 16 batang,32765500,1000,Rokok,1,30338.425925925927,0.9259259259259259,W5,148
Pocari Sweat 500ml,32728200,3517,Minuman,2,30303.88888888889,3.2564814814814813,W5,148
Tembakau linting,29941000,1858,Rokok,2,27723.14814814815,1.7203703703703703,W5,148
LA Bold 16 batang,29135000,916,Rokok,1,26976.85185185185,0.8481481481481481,W5,148
Marlboro 16 batang,26008500,565,Rokok,1,24081.944444444445,0.5231481481481481,W5,148
Cokelat SilverQueen,23506500,1852,Snack,2,21765.277777777777,1.7148148148148148,W5,148
Aqua 600ml,22913400,5653,Minuman,1,21216.11111111111,5.234259259259259,W5,148
Teh Sariwangi 25 kantong,18875500,2259,Sachet,2,17477.314814814814,2.091666666666667,W5,148
Gula pasir Gulaku 1kg,16772000,763,Sembako,2,15529.62962962963,0.7064814814814815,W5,148
Minyak goreng Fortune 1L,16005000,680,Sembako,1,14819.444444444445,0.6296296296296297,W5,148
Le Minerale 600ml,14030500,3412,Minuman,2,12991.203703703704,3.1592592592592594,W5,148
Teh Gelas 350ml,13446500,5174,Minuman,2,12450.462962962964,4.79074074074074,W5,148
Le Minerale 1.5L,12895800,2050,Minuman,2,11940.555555555555,1.8981481481481481,W5,148
Kacang kulit Garuda 100g,11858200,1630,Snack,2,10979.814814814816,1.5092592592592593,W5,148
Sosis So Nice,11686500,730,Frozen,2,10820.833333333334,0.6759259259259259,W5,148
Nescafe 220ml,11650000,1872,Minuman,1,10787.037037037036,1.7333333333333334,W5,148
Rinso 800g,11228500,594,Deterjen,2,10396.75925925926,0.55,W5,148
Margarin Blue Band 500g,10923000,515,Sembako,1,10113.888888888889,0.47685185185185186,W5,148
Kacang atom Garuda 100g,9766600,1349,Snack,2,9043.148148148148,1.249074074074074,W5,148
Milo sachet,9541300,2614,Sachet,2,8834.537037037036,2.4203703703703705,W5,148
Permen Relaxa,9343300,1292,Snack,2,8651.203703703704,1.1962962962962962,W5,148
Kuaci Rebo 100g,8565900,1212,Snack,1,7931.388888888889,1.1222222222222222,W5,148
Selang gas,8543000,280,LPG,2,7910.185185185185,0.25925925925925924,W5,148
Kopi Torabika sachet,8489600,3966,Sachet,2,7860.740740740741,3.672222222222222,W5,148
Tepung terigu Kompas 1kg,8487500,568,Sembako,1,7858.7962962962965,0.5259259259259259,W5,148
Kantong sampah,8363300,998,Deterjen,2,7743.7962962962965,0.924074074074074,W5,148
Kecap manis Bango 135ml,7796400,1022,Bumbu,2,7218.888888888889,0.9462962962962963,W5,148
Parfum Gatsby 100ml,7767000,288,Perawatan,1,7191.666666666667,0.26666666666666666,W5,148
Extra Joss,7731300,2962,Minuman,1,7158.611111111111,2.7425925925925925,W5,148
Kentang frozen 500g,7414000,356,Frozen,1,6864.814814814815,0.3296296296296296,W5,148
Sikat,7012300,949,Deterjen,2,6492.87037037037,0.8787037037037037,W5,148
Margarin Blue Band 200g,7004200,737,Sembako,1,6485.37037037037,0.6824074074074075,W5,148
Gula pasir curah 1kg,6920500,333,Sembako,1,6407.87037037037,0.30833333333333335,W5,148
Minyak rem 100ml,6283500,409,LPG,2,5818.055555555556,0.3787037037037037,W5,148
Es krim Magnum,6257000,381,Frozen,1,5793.518518518518,0.3527777777777778,W5,148
Garam Refina 500g,6016800,1301,Sembako,2,5571.111111111111,1.2046296296296297,W5,148
FreshCare 10ml,5964500,473,Obat,2,5522.685185185185,0.43796296296296294,W5,148
Beng-Beng,5948400,2270,Snack,1,5507.777777777777,2.1018518518518516,W5,148
Cappuccino Good Day sachet,5631800,2159,Sachet,1,5214.62962962963,1.999074074074074,W5,148
Bawang goreng 50g,5572900,727,Bumbu,1,5160.092592592592,0.6731481481481482,W5,148
Mi goreng Sedaap,5230300,1450,Mi,2,4842.87037037037,1.3425925925925926,W5,148
Kratingdaeng 150ml,5219600,614,Minuman,1,4832.962962962963,0.5685185185185185,W5,148
Mi jumbo Indomie,4916400,1043,Mi,2,4552.222222222223,0.9657407407407408,W5,148
LPG 5.5kg,4816500,45,LPG,2,4459.722222222223,0.041666666666666664,W5,148
Sikat gigi Formula,4402300,601,Perawatan,2,4076.203703703704,0.5564814814814815,W5,148
Salonpas 10 pcs,4193000,268,Obat,2,3882.4074074074074,0.24814814814814815,W5,148
Kopi Good Day sachet,4155300,1897,Sachet,1,3847.5,1.7564814814814815,W5,148
Sabun cair Lifebuoy 250ml,3881500,298,Perawatan,1,3593.9814814814813,0.2759259259259259,W5,148
Pasta gigi Close Up 65g,3723700,511,Perawatan,2,3447.8703703703704,0.47314814814814815,W5,148
Popok Merries isi 10,3688000,124,Bayi,2,3414.814814814815,0.11481481481481481,W5,148
Oreo 119g,3640300,427,Snack,1,3370.6481481481483,0.39537037037037037,W5,148
Saus sambal ABC 135ml,3628200,479,Bumbu,1,3359.4444444444443,0.44351851851851853,W5,148
Balsem Geliga 20g,3567200,427,Obat,2,3302.962962962963,0.39537037037037037,W5,148
Kukubima sachet,3564700,1369,Minuman,1,3300.6481481481483,1.2675925925925926,W5,148
Susu formula SGM 200g,3472000,130,Bayi,2,3214.814814814815,0.12037037037037036,W5,148
Lem ban,3453400,423,LPG,2,3197.5925925925926,0.39166666666666666,W5,148
Pantyliner Laurier,3126500,242,Tisu,2,2894.9074074074074,0.22407407407407406,W5,148
Es krim cone Wall's,3099800,599,Frozen,1,2870.185185185185,0.5546296296296296,W5,148
Oatmeal Quaker 35g,2897200,794,Mi,2,2682.5925925925926,0.7351851851851852,W5,148
Mama Lemon 400ml,2871700,343,Deterjen,1,2658.9814814814813,0.3175925925925926,W5,148
Mi kuah Sedaap,2868500,797,Mi,1,2656.0185185185187,0.7379629629629629,W5,148
Bihun Rose Brand 320g,2730500,323,Mi,1,2528.240740740741,0.29907407407407405,W5,148
Sunlight sachet,2301600,1058,Deterjen,1,2131.1111111111113,0.9796296296296296,W5,148
Lap dapur,2268200,311,Plastik,2,2100.185185185185,0.287962962962963,W5,148
Plastik kiloan,2137500,197,Plastik,1,1979.1666666666667,0.1824074074074074,W5,148
Tisu Paseo,2103700,252,Tisu,2,1947.8703703703704,0.23333333333333334,W5,148
Penyedap Masako,2046000,1254,Bumbu,2,1894.4444444444443,1.1611111111111112,W5,148
Charger,1968000,63,RumahTangga,2,1822.2222222222222,0.058333333333333334,W5,148
Stabilo,1875700,230,ATK,1,1736.7592592592594,0.21296296296296297,W5,148
Gelas plastik,1853700,219,Plastik,1,1716.388888888889,0.20277777777777778,W5,148
Chocolatos sachet,1837400,833,Sachet,1,1701.2962962962963,0.7712962962962963,W5,148
Biskuit bayi Promina 100g,1826000,169,Bayi,2,1690.7407407407406,0.15648148148148147,W5,148
Penyedap Royco,1618900,1000,Bumbu,2,1498.9814814814815,0.9259259259259259,W5,148
Pasta gigi Pepsodent 75g,1577700,212,Perawatan,1,1460.8333333333333,0.1962962962962963,W5,148
Merica bubuk Ladaku,1553600,959,Bumbu,2,1438.5185185185185,0.887962962962963,W5,148
Pembalut Laurier,1538500,148,Tisu,1,1424.537037037037,0.13703703703703704,W5,148
Senter,1538000,74,RumahTangga,1,1424.0740740740741,0.06851851851851852,W5,148
Mi soto Indomie,1496600,402,Mi,1,1385.7407407407406,0.37222222222222223,W5,148
Popok MamyPoko isi 10,1480000,55,Bayi,1,1370.3703703703704,0.05092592592592592,W5,148
Keset,1414000,89,RumahTangga,1,1309.2592592592594,0.0824074074074074,W5,148
Spons (kebersihan),1403100,428,Deterjen,1,1299.1666666666667,0.3962962962962963,W5,148
Spidol Snowman,1282200,252,ATK,2,1187.2222222222222,0.23333333333333334,W5,148
Deodoran Rexona sachet,1265000,298,Perawatan,1,1171.2962962962963,0.2759259259259259,W5,148
Terminal listrik,1171000,56,RumahTangga,1,1084.2592592592594,0.05185185185185185,W5,148
Bohlam LED Philips 5W,1153000,72,RumahTangga,2,1067.5925925925926,0.06666666666666667,W5,148
Snack jagung Chiki,1068200,330,Snack,1,989.074074074074,0.3055555555555556,W5,148
Soklin sachet,1048000,473,Deterjen,1,970.3703703703703,0.43796296296296294,W5,148
Teh Sariwangi 1 kantong,971000,1942,Sachet,1,899.074074074074,1.798148148148148,W5,148
Kapas Selection,970400,181,Tisu,1,898.5185185185185,0.1675925925925926,W5,148
Tusuk gigi,941300,297,Plastik,2,871.574074074074,0.275,W5,148
Plastik kresek sedang,830700,111,Plastik,1,769.1666666666666,0.10277777777777777,W5,148
Cotton bud Selection,785000,147,Tisu,1,726.8518518518518,0.1361111111111111,W5,148
Baterai AA ABC 2pcs,734700,89,RumahTangga,2,680.2777777777778,0.0824074074074074,W5,148
Sabun batang Nuvo,633100,173,Perawatan,1,586.2037037037037,0.16018518518518518,W5,148
Lem Fox 10g,542800,173,ATK,2,502.5925925925926,0.16018518518518518,W5,148
Pulpen Standard AE7,515900,200,ATK,2,477.68518518518516,0.18518518518518517,W5,148
Antangin sachet,458400,123,Obat,1,424.44444444444446,0.11388888888888889,W5,148
Hansaplast 10 pcs,440200,52,Obat,1,407.5925925925926,0.04814814814814815,W5,148
Baby oil My Baby 50ml,438500,62,Bayi,1,406.01851851851853,0.05740740740740741,W5,148
Tolak Angin sachet,412100,97,Obat,1,381.5740740740741,0.08981481481481482,W5,148
Saus sambal sachet ABC,404800,251,Bumbu,1,374.81481481481484,0.2324074074074074,W5,148
Penghapus Faber-Castell,391700,150,ATK,1,362.68518518518516,0.1388888888888889,W5,148
Shampoo Clear sachet,294700,189,Perawatan,1,272.8703703703704,0.175,W5,148
Spons cuci piring,283400,91,Plastik,1,262.4074074074074,0.08425925925925926,W5,148
Gunting Joyko,274200,37,ATK,1,253.88888888888889,0.03425925925925926,W5,148
Amplop,268300,262,ATK,2,248.42592592592592,0.24259259259259258,W5,148
Buku tulis Sinar Dunia,244100,57,ATK,1,226.0185185185185,0.05277777777777778,W5,148
Tali per meter,220700,104,RumahTangga,2,204.35185185185185,0.0962962962962963,W5,148
Lilin,57900,27,RumahTangga,1,53.611111111111114,0.025,W5,148
Surya 16 batang,143344000,4165,Rokok,2,132725.92592592593,3.8564814814814814,W6,188
Sampoerna A 16 batang,49015000,1274,Rokok,2,45384.25925925926,1.1796296296296296,W6,188
Gudang Garam Filter 12 batang,46527000,1896,Rokok,1,43080.555555555555,1.7555555555555555,W6,188
Beras medium 1kg,25553500,1536,Sembako,1,23660.64814814815,1.4222222222222223,W6,188
Sampoerna Mild 16 batang,23590000,650,Rokok,1,21842.59259259259,0.6018518518518519,W6,188
Pocari Sweat 350ml,20507400,2852,Minuman,2,18988.333333333332,2.640740740740741,W6,188
Teh Botol Sosro 350ml,15939800,3007,Minuman,2,14759.074074074075,2.7842592592592594,W6,188
Nugget So Good 250g,14210500,597,Frozen,2,13157.87037037037,0.5527777777777778,W6,188
Ultra Milk 250ml,13189900,2276,Minuman,2,12212.87037037037,2.1074074074074076,W6,188
Teh Pucuk 350ml,11910000,2826,Minuman,2,11027.777777777777,2.6166666666666667,W6,188
Aqua 1.5L,11142200,1772,Minuman,1,10316.851851851852,1.6407407407407408,W6,188
Margarin Blue Band 500g,10923000,515,Sembako,1,10113.888888888889,0.47685185185185186,W6,188
Saus tomat ABC 135ml,9679200,1257,Bumbu,2,8962.222222222223,1.163888888888889,W6,188
Wafer Tango 115g,9425400,1286,Snack,2,8727.222222222223,1.1907407407407407,W6,188
Tempura 250g,9416500,572,Frozen,2,8718.981481481482,0.5296296296296297,W6,188
Coca-Cola 390ml,8726500,1381,Minuman,1,8080.092592592592,1.2787037037037037,W6,188
Tepung terigu Kompas 1kg,8487500,568,Sembako,1,7858.7962962962965,0.5259259259259259,W6,188
Khong Guan 200g,8245300,868,Snack,2,7634.537037037037,0.8037037037037037,W6,188
Aqua 330ml,8194100,2568,Minuman,2,7587.12962962963,2.3777777777777778,W6,188
Deodoran Rexona 45ml,8113500,423,Perawatan,2,7512.5,0.39166666666666666,W6,188
Parfum Gatsby 100ml,7767000,288,Perawatan,1,7191.666666666667,0.26666666666666666,W6,188
Tembakau linting,7729500,476,Rokok,1,7156.944444444444,0.44074074074074077,W6,188
Telur ayam 1 butir,7585400,2778,Sembako,2,7023.518518518518,2.5722222222222224,W6,188
Kopi susu Torabika sachet,7422700,3521,Sachet,2,6872.87037037037,3.2601851851851853,W6,188
Sunlight 400ml,7038700,735,Deterjen,2,6517.314814814815,0.6805555555555556,W6,188
Margarin Blue Band 200g,7004200,737,Sembako,1,6485.37037037037,0.6824074074074075,W6,188
Snack kentang Qtela 60g,6980100,819,Snack,2,6463.055555555556,0.7583333333333333,W6,188
Teh Sariwangi 25 kantong,6813500,800,Sachet,1,6308.7962962962965,0.7407407407407407,W6,188
Kopi susu Good Day sachet,6567200,3124,Sachet,2,6080.740740740741,2.8925925925925924,W6,188
Kecap manis Bango 135ml,5851200,767,Bumbu,1,5417.777777777777,0.7101851851851851,W6,188
Extra Joss sachet,5754800,2766,Sachet,1,5328.518518518518,2.561111111111111,W6,188
Mi goreng Indomie,5737000,1523,Mi,1,5312.037037037037,1.4101851851851852,W6,188
Bubur instan 50g,5683700,1073,Mi,2,5262.685185185185,0.9935185185185185,W6,188
Bawang goreng 50g,5572900,727,Bumbu,1,5160.092592592592,0.6731481481481482,W6,188
Kantong sampah,5161100,611,Deterjen,1,4778.7962962962965,0.5657407407407408,W6,188
Mayones Maestro 100g,4668900,609,Bumbu,1,4323.055555555556,0.5638888888888889,W6,188
Pasta gigi Sensodyne 40g,4195500,195,Perawatan,1,3884.722222222222,0.18055555555555555,W6,188
Kecap asin ABC 135ml,4027900,609,Bumbu,1,3729.537037037037,0.5638888888888889,W6,188
Oreo 119g,3640300,427,Snack,1,3370.6481481481483,0.39537037037037037,W6,188
Rinso sachet,3533000,1296,Deterjen,2,3271.296296296296,1.2,W6,188
Wipol 450ml,3422400,360,Deterjen,1,3168.8888888888887,0.3333333333333333,W6,188
Kerupuk 100g,3204200,604,Snack,1,2966.8518518518517,0.5592592592592592,W6,188
Permen Relaxa,3046500,412,Snack,1,2820.8333333333335,0.3814814814814815,W6,188
Teh Tong Tji sachet,2891500,2737,Sachet,2,2677.314814814815,2.5342592592592594,W6,188
Klem selang,2881500,565,LPG,1,2668.0555555555557,0.5231481481481481,W6,188
Mama Lemon 400ml,2871700,343,Deterjen,1,2658.9814814814813,0.3175925925925926,W6,188
Bihun Rose Brand 320g,2730500,323,Mi,1,2528.240740740741,0.29907407407407405,W6,188
Tisu Tessa,2273600,313,Tisu,2,2105.185185185185,0.2898148148148148,W6,188
Pantyliner Laurier,2205000,168,Tisu,1,2041.6666666666667,0.15555555555555556,W6,188
LPG 5.5kg,2163500,20,LPG,1,2003.2407407407406,0.018518518518518517,W6,188
Susu formula SGM 200g,2144000,79,Bayi,1,1985.1851851851852,0.07314814814814814,W6,188
Sendok plastik,2103100,394,Plastik,2,1947.3148148148148,0.3648148148148148,W6,188
Lem ban,1823900,221,LPG,1,1688.7962962962963,0.20462962962962963,W6,188
Sapu ijuk,1739500,83,RumahTangga,1,1610.648148148148,0.07685185185185185,W6,188
Mi soto Indomie,1496600,402,Mi,1,1385.7407407407406,0.37222222222222223,W6,188
Lap dapur,1300800,177,Plastik,1,1204.4444444444443,0.1638888888888889,W6,188
Deodoran Rexona sachet,1265000,298,Perawatan,1,1171.2962962962963,0.2759259259259259,W6,188
Paracetamol Sanmol strip,1216200,292,Obat,1,1126.111111111111,0.27037037037037037,W6,188
Biskuit bayi Promina 100g,1039000,95,Bayi,1,962.0370370370371,0.08796296296296297,W6,188
Paracetamol strip,852500,265,Obat,1,789.3518518518518,0.24537037037037038,W6,188
Shampoo Sunsilk sachet,824300,525,Perawatan,2,763.2407407407408,0.4861111111111111,W6,188
Charger,822000,26,RumahTangga,1,761.1111111111111,0.024074074074074074,W6,188
Plastic wrap,813500,65,Plastik,1,753.2407407407408,0.06018518518518518,W6,188
Masker,502000,495,Obat,2,464.81481481481484,0.4583333333333333,W6,188
Bohlam LED Philips 5W,469500,29,RumahTangga,1,434.72222222222223,0.026851851851851852,W6,188
Hansaplast 10 pcs,440200,52,Obat,1,407.5925925925926,0.04814814814814815,W6,188
Tusuk gigi,424100,130,Plastik,1,392.68518518518516,0.12037037037037036,W6,188
Shampoo H&S sachet,404600,193,Perawatan,1,374.6296296296296,0.1787037037037037,W6,188
Pulpen Pilot,341200,82,ATK,1,315.9259259259259,0.07592592592592592,W6,188
Buku tulis Sinar Dunia,244100,57,ATK,1,226.0185185185185,0.05277777777777778,W6,188
Lem Fox 10g,135300,42,ATK,1,125.27777777777777,0.03888888888888889,W6,188
Pulpen Standard AE7,99400,37,ATK,1,92.03703703703704,0.03425925925925926,W6,188
