warung_stockout,produk,total_hilang,n_kejadian,warung_referral,tipe
W1,Amplop,10,8,W2,REFERRAL_STOCKOUT
W1,Amplop,10,8,W3,REFERRAL_STOCKOUT
W1,Amplop,10,8,W6,REFERRAL_STOCKOUT
W1,Aqua 330ml,59,35,W3,REFERRAL_STOCKOUT
W1,Aqua 330ml,59,35,W5,REFERRAL_STOCKOUT
W1,Aqua 600ml,25,18,W6,REFERRAL_STOCKOUT
W1,Astor,23,18,W2,REFERRAL_STOCKOUT
W1,Astor,23,18,W3,REFERRAL_STOCKOUT
W1,Astor,23,18,W5,REFERRAL_STOCKOUT
W1,Astor,23,18,W6,REFERRAL_STOCKOUT
W1,Basreng 100g,38,23,W2,REFERRAL_STOCKOUT
W1,Basreng 100g,38,23,W3,REFERRAL_STOCKOUT
W1,Basreng 100g,38,23,W4,REFERRAL_STOCKOUT
W1,Basreng 100g,38,23,W5,REFERRAL_STOCKOUT
W1,Basreng 100g,38,23,W6,REFERRAL_STOCKOUT
W1,Bayclin 500ml,2,2,W4,REFERRAL_STOCKOUT
W1,Bayclin 500ml,2,2,W5,REFERRAL_STOCKOUT
W1,Bayclin 500ml,2,2,W6,REFERRAL_STOCKOUT
W1,Beng-Beng,18,13,W2,REFERRAL_STOCKOUT
W1,Beng-Beng,18,13,W6,REFERRAL_STOCKOUT
W1,Better,36,26,W5,REFERRAL_STOCKOUT
W1,Better,36,26,W6,REFERRAL_STOCKOUT
W1,Body lotion Citra 100ml,2,1,W2,REFERRAL_STOCKOUT
W1,Body lotion Citra 100ml,2,1,W3,REFERRAL_STOCKOUT
W1,Body lotion Citra 100ml,2,1,W5,REFERRAL_STOCKOUT
W1,Body lotion Citra 100ml,2,1,W6,REFERRAL_STOCKOUT
W1,Cappuccino Good Day sachet,40,26,W6,REFERRAL_STOCKOUT
W1,Coca-Cola 390ml,47,37,W5,REFERRAL_STOCKOUT
W1,Cokelat SilverQueen,42,26,W3,REFERRAL_STOCKOUT
W1,Cokelat SilverQueen,42,26,W6,REFERRAL_STOCKOUT
W1,Cornetto,9,8,W3,REFERRAL_STOCKOUT
W1,Cornetto,9,8,W5,REFERRAL_STOCKOUT
W1,Cornetto,9,8,W6,REFERRAL_STOCKOUT
W1,Correction pen Joyko,5,5,W5,REFERRAL_STOCKOUT
W1,Correction pen Joyko,5,5,W6,REFERRAL_STOCKOUT
W1,Cuka 100ml,1,1,W2,REFERRAL_STOCKOUT
W1,Cuka 100ml,1,1,W4,REFERRAL_STOCKOUT
W1,Cuka 100ml,1,1,W5,REFERRAL_STOCKOUT
W1,Cuka 100ml,1,1,W6,REFERRAL_STOCKOUT
W1,Cutter Joyko,1,1,W3,REFERRAL_STOCKOUT
W1,Cutter Joyko,1,1,W5,REFERRAL_STOCKOUT
W1,Cutter Joyko,1,1,W6,REFERRAL_STOCKOUT
W1,Daia sachet,3,1,W2,REFERRAL_STOCKOUT
W1,Daia sachet,3,1,W5,REFERRAL_STOCKOUT
W1,Daia sachet,3,1,W6,REFERRAL_STOCKOUT
W1,Djarum Super 16 batang,5,4,W3,REFERRAL_STOCKOUT
W1,Djarum Super 16 batang,5,4,W5,REFERRAL_STOCKOUT
W1,Djarum Super 16 batang,5,4,W6,REFERRAL_STOCKOUT
W1,Downy sachet,3,2,W5,REFERRAL_STOCKOUT
W1,Downy sachet,3,2,W6,REFERRAL_STOCKOUT
W1,Es krim cone Wall's,1,1,W2,REFERRAL_STOCKOUT
W1,Es krim cup Wall's,3,3,W3,REFERRAL_STOCKOUT
W1,Es krim cup Wall's,3,3,W4,REFERRAL_STOCKOUT
W1,Es krim cup Wall's,3,3,W5,REFERRAL_STOCKOUT
W1,Es krim cup Wall's,3,3,W6,REFERRAL_STOCKOUT
W1,Extra Joss,93,56,W2,REFERRAL_STOCKOUT
W1,Extra Joss,93,56,W6,REFERRAL_STOCKOUT
W1,Extra Joss sachet,40,25,W2,REFERRAL_STOCKOUT
W1,Extra Joss sachet,40,25,W4,REFERRAL_STOCKOUT
W1,Extra Joss sachet,40,25,W5,REFERRAL_STOCKOUT
W1,FreshCare 10ml,3,2,W2,REFERRAL_STOCKOUT
W1,FreshCare 10ml,3,2,W3,REFERRAL_STOCKOUT
W1,FreshCare 10ml,3,2,W4,REFERRAL_STOCKOUT
W1,FreshCare 10ml,3,2,W6,REFERRAL_STOCKOUT
W1,Garam Dolphin 500g,4,4,W2,REFERRAL_STOCKOUT
W1,Garam Dolphin 500g,4,4,W5,REFERRAL_STOCKOUT
W1,Garam Dolphin 500g,4,4,W6,REFERRAL_STOCKOUT
W1,Garam Refina 500g,1,1,W3,REFERRAL_STOCKOUT
W1,Garam Refina 500g,1,1,W4,REFERRAL_STOCKOUT
W1,Garam Refina 500g,1,1,W6,REFERRAL_STOCKOUT
W1,Good Day 250ml,55,34,W3,REFERRAL_STOCKOUT
W1,Good Day 250ml,55,34,W5,REFERRAL_STOCKOUT
W1,Good Day 250ml,55,34,W6,REFERRAL_STOCKOUT
W1,Gula pasir Gulaku 1kg,3,2,W3,REFERRAL_STOCKOUT
W1,Gula pasir Gulaku 1kg,3,2,W4,REFERRAL_STOCKOUT
W1,Gula pasir Gulaku 1kg,3,2,W6,REFERRAL_STOCKOUT
W1,Gula pasir curah 1kg,1,1,W4,REFERRAL_STOCKOUT
W1,Kacang atom Garuda 100g,19,14,W2,REFERRAL_STOCKOUT
W1,Kacang atom Garuda 100g,19,14,W3,REFERRAL_STOCKOUT
W1,Kacang atom Garuda 100g,19,14,W6,REFERRAL_STOCKOUT
W1,Kacang kulit Garuda 100g,14,9,W3,REFERRAL_STOCKOUT
W1,Kacang kulit Garuda 100g,14,9,W4,REFERRAL_STOCKOUT
W1,Kacang kulit Garuda 100g,14,9,W6,REFERRAL_STOCKOUT
W1,Kantong sampah,1,1,W3,REFERRAL_STOCKOUT
W1,Kecap manis Bango 135ml,2,2,W2,REFERRAL_STOCKOUT
W1,Kecap manis Bango 135ml,2,2,W3,REFERRAL_STOCKOUT
W1,Keripik kentang Chitato 68g,20,13,W2,REFERRAL_STOCKOUT
W1,Keripik kentang Chitato 68g,20,13,W3,REFERRAL_STOCKOUT
W1,Keripik kentang Chitato 68g,20,13,W4,REFERRAL_STOCKOUT
W1,Keripik kentang Chitato 68g,20,13,W5,REFERRAL_STOCKOUT
W1,Keripik kentang Chitato 68g,20,13,W6,REFERRAL_STOCKOUT
W1,Kopi Torabika sachet,27,19,W3,REFERRAL_STOCKOUT
W1,Kopi Torabika sachet,27,19,W6,REFERRAL_STOCKOUT
W1,Kopi susu Good Day sachet,28,16,W3,REFERRAL_STOCKOUT
W1,Kopi susu Good Day sachet,28,16,W4,REFERRAL_STOCKOUT
W1,Kopi susu Good Day sachet,28,16,W5,REFERRAL_STOCKOUT
W1,Kopiko 78C 240ml,39,28,W2,REFERRAL_STOCKOUT
W1,Kopiko 78C 240ml,39,28,W3,REFERRAL_STOCKOUT
W1,Kopiko 78C 240ml,39,28,W4,REFERRAL_STOCKOUT
W1,Kopiko 78C 240ml,39,28,W5,REFERRAL_STOCKOUT
W1,Kopiko 78C 240ml,39,28,W6,REFERRAL_STOCKOUT
W1,Korek kayu,30,25,W4,REFERRAL_STOCKOUT
W1,Korek kayu,30,25,W5,REFERRAL_STOCKOUT
W1,Korek kayu,30,25,W6,REFERRAL_STOCKOUT
W1,Kuaci Rebo 100g,12,7,W4,REFERRAL_STOCKOUT
W1,Kuaci Rebo 100g,12,7,W6,REFERRAL_STOCKOUT
W1,Kukubima sachet,75,52,W4,REFERRAL_STOCKOUT
W1,Kukubima sachet,75,52,W6,REFERRAL_STOCKOUT
W1,LA Bold 16 batang,14,11,W2,REFERRAL_STOCKOUT
W1,LA Bold 16 batang,14,11,W4,REFERRAL_STOCKOUT
W1,LA Bold 16 batang,14,11,W6,REFERRAL_STOCKOUT
W1,LA Ice 16 batang,14,10,W6,REFERRAL_STOCKOUT
W1,Lap dapur,4,2,W2,REFERRAL_STOCKOUT
W1,Lap dapur,4,2,W3,REFERRAL_STOCKOUT
W1,Lap dapur,4,2,W4,REFERRAL_STOCKOUT
W1,Le Minerale 1.5L,43,28,W2,REFERRAL_STOCKOUT
W1,Le Minerale 1.5L,43,28,W3,REFERRAL_STOCKOUT
W1,Le Minerale 1.5L,43,28,W6,REFERRAL_STOCKOUT
W1,Le Minerale 600ml,32,23,W3,REFERRAL_STOCKOUT
W1,Le Minerale 600ml,32,23,W4,REFERRAL_STOCKOUT
W1,Le Minerale 600ml,32,23,W6,REFERRAL_STOCKOUT
W1,Lem Fox 10g,4,3,W2,REFERRAL_STOCKOUT
W1,Lem Fox 10g,4,3,W3,REFERRAL_STOCKOUT
W1,Lem ban,4,4,W3,REFERRAL_STOCKOUT
W1,Makaroni pedas 100g,16,13,W4,REFERRAL_STOCKOUT
W1,Makaroni pedas 100g,16,13,W5,REFERRAL_STOCKOUT
W1,Makaroni pedas 100g,16,13,W6,REFERRAL_STOCKOUT
W1,Mayones Maestro 100g,2,2,W2,REFERRAL_STOCKOUT
W1,Mayones Maestro 100g,2,2,W5,REFERRAL_STOCKOUT
W1,Milo sachet,43,27,W3,REFERRAL_STOCKOUT
W1,Milo sachet,43,27,W6,REFERRAL_STOCKOUT
W1,Minyak kayu putih Cap Lang 30ml (Obat),5,3,W2,REFERRAL_STOCKOUT
W1,Minyak kayu putih Cap Lang 30ml (Obat),5,3,W3,REFERRAL_STOCKOUT
W1,Minyak kayu putih Cap Lang 30ml (Obat),5,3,W5,REFERRAL_STOCKOUT
W1,Minyak kayu putih Cap Lang 30ml (Obat),5,3,W6,REFERRAL_STOCKOUT
W1,Minyak rambut Gatsby 75g,1,1,W4,REFERRAL_STOCKOUT
W1,Minyak rambut Gatsby 75g,1,1,W5,REFERRAL_STOCKOUT
W1,Minyak rambut Gatsby 75g,1,1,W6,REFERRAL_STOCKOUT
W1,Minyak rem 100ml,5,5,W2,REFERRAL_STOCKOUT
W1,Minyak rem 100ml,5,5,W3,REFERRAL_STOCKOUT
W1,Minyak rem 100ml,5,5,W6,REFERRAL_STOCKOUT
W1,Nescafe 220ml,57,40,W4,REFERRAL_STOCKOUT
W1,Nescafe 220ml,57,40,W6,REFERRAL_STOCKOUT
W1,Nutrisari sachet,27,19,W2,REFERRAL_STOCKOUT
W1,Nutrisari sachet,27,19,W3,REFERRAL_STOCKOUT
W1,Nutrisari sachet,27,19,W5,REFERRAL_STOCKOUT
W1,Nutrisari sachet,27,19,W6,REFERRAL_STOCKOUT
W1,Oli motor 0.8L,1,1,W2,REFERRAL_STOCKOUT
W1,Oli motor 0.8L,1,1,W3,REFERRAL_STOCKOUT
W1,Oli motor 0.8L,1,1,W4,REFERRAL_STOCKOUT
W1,Oli motor 0.8L,1,1,W5,REFERRAL_STOCKOUT
W1,Oli motor 0.8L,1,1,W6,REFERRAL_STOCKOUT
W1,Oralit sachet,2,2,W3,REFERRAL_STOCKOUT
W1,Oralit sachet,2,2,W4,REFERRAL_STOCKOUT
W1,Oralit sachet,2,2,W5,REFERRAL_STOCKOUT
W1,Oralit sachet,2,2,W6,REFERRAL_STOCKOUT
W1,Paracetamol strip,6,4,W5,REFERRAL_STOCKOUT
W1,Pasta gigi Close Up 65g,3,3,W2,REFERRAL_STOCKOUT
W1,Pasta gigi Close Up 65g,3,3,W3,REFERRAL_STOCKOUT
W1,Pasta gigi Close Up 65g,3,3,W6,REFERRAL_STOCKOUT
W1,Pembalut Laurier,2,2,W2,REFERRAL_STOCKOUT
W1,Penggaris Butterfly 30cm,8,5,W3,REFERRAL_STOCKOUT
W1,Penggaris Butterfly 30cm,8,5,W5,REFERRAL_STOCKOUT
W1,Penggaris Butterfly 30cm,8,5,W6,REFERRAL_STOCKOUT
W1,Penghapus Faber-Castell,3,3,W4,REFERRAL_STOCKOUT
W1,Pengharum mobil,1,1,W3,REFERRAL_STOCKOUT
W1,Pengharum mobil,1,1,W4,REFERRAL_STOCKOUT
W1,Pengharum mobil,1,1,W5,REFERRAL_STOCKOUT
W1,Pengharum mobil,1,1,W6,REFERRAL_STOCKOUT
W1,Penyedap Masako,6,4,W3,REFERRAL_STOCKOUT
W1,Penyedap Masako,6,4,W6,REFERRAL_STOCKOUT
W1,Penyedap Royco,1,1,W2,REFERRAL_STOCKOUT
W1,Penyedap Royco,1,1,W3,REFERRAL_STOCKOUT
W1,Penyedap Royco,1,1,W6,REFERRAL_STOCKOUT
W1,Permen Relaxa,39,25,W2,REFERRAL_STOCKOUT
W1,Permen Relaxa,39,25,W3,REFERRAL_STOCKOUT
W1,Permen karet Big Babol,14,9,W2,REFERRAL_STOCKOUT
W1,Permen karet Big Babol,14,9,W3,REFERRAL_STOCKOUT
W1,Permen karet Big Babol,14,9,W5,REFERRAL_STOCKOUT
W1,Permen karet Big Babol,14,9,W6,REFERRAL_STOCKOUT
W1,Plastik klip,2,1,W5,REFERRAL_STOCKOUT
W1,Plastik klip,2,1,W6,REFERRAL_STOCKOUT
W1,Pocari Sweat 500ml,37,30,W3,REFERRAL_STOCKOUT
W1,Pocari Sweat 500ml,37,30,W6,REFERRAL_STOCKOUT
W1,Promag strip,5,4,W3,REFERRAL_STOCKOUT
W1,Promag strip,5,4,W5,REFERRAL_STOCKOUT
W1,Promag strip,5,4,W6,REFERRAL_STOCKOUT
W1,Pulpen Standard AE7,7,4,W2,REFERRAL_STOCKOUT
W1,Pulpen Standard AE7,7,4,W3,REFERRAL_STOCKOUT
W1,Pulpen Standard AE7,7,4,W4,REFERRAL_STOCKOUT
W1,Rautan Joyko,4,3,W4,REFERRAL_STOCKOUT
W1,Rautan Joyko,4,3,W5,REFERRAL_STOCKOUT
W1,Rautan Joyko,4,3,W6,REFERRAL_STOCKOUT
W1,Rinso sachet,4,2,W3,REFERRAL_STOCKOUT
W1,Rinso sachet,4,2,W5,REFERRAL_STOCKOUT
W1,Sabun batang Lux,1,1,W3,REFERRAL_STOCKOUT
W1,Sabun batang Lux,1,1,W4,REFERRAL_STOCKOUT
W1,Sabun batang Lux,1,1,W5,REFERRAL_STOCKOUT
W1,Sabun batang Lux,1,1,W6,REFERRAL_STOCKOUT
W1,Sabun batang Nuvo,4,2,W6,REFERRAL_STOCKOUT
W1,Salonpas 10 pcs,9,6,W2,REFERRAL_STOCKOUT
W1,Salonpas 10 pcs,9,6,W3,REFERRAL_STOCKOUT
W1,Salonpas 10 pcs,9,6,W6,REFERRAL_STOCKOUT
W1,Sampoerna A 16 batang,8,7,W2,REFERRAL_STOCKOUT
W1,Sampoerna A 16 batang,8,7,W3,REFERRAL_STOCKOUT
W1,Sampoerna A 16 batang,8,7,W5,REFERRAL_STOCKOUT
W1,Sampoerna Mild 16 batang,5,4,W2,REFERRAL_STOCKOUT
W1,Sampoerna Mild 16 batang,5,4,W3,REFERRAL_STOCKOUT
W1,Sampoerna Mild 16 batang,5,4,W4,REFERRAL_STOCKOUT
W1,Sapu lidi,1,1,W3,REFERRAL_STOCKOUT
W1,Sapu lidi,1,1,W4,REFERRAL_STOCKOUT
W1,Sapu lidi,1,1,W5,REFERRAL_STOCKOUT
W1,Sapu lidi,1,1,W6,REFERRAL_STOCKOUT
W1,Saus sambal ABC 135ml,1,1,W4,REFERRAL_STOCKOUT
W1,Saus sambal ABC 135ml,1,1,W6,REFERRAL_STOCKOUT
W1,Saus sambal sachet ABC,1,1,W2,REFERRAL_STOCKOUT
W1,Saus sambal sachet ABC,1,1,W6,REFERRAL_STOCKOUT
W1,Sedotan,4,4,W3,REFERRAL_STOCKOUT
W1,Sedotan,4,4,W5,REFERRAL_STOCKOUT
W1,Sedotan,4,4,W6,REFERRAL_STOCKOUT
W1,Sendok plastik,1,1,W2,REFERRAL_STOCKOUT
W1,Sendok plastik,1,1,W3,REFERRAL_STOCKOUT
W1,Sendok plastik,1,1,W5,REFERRAL_STOCKOUT
W1,Shampoo Clear sachet,2,2,W2,REFERRAL_STOCKOUT
W1,Shampoo Clear sachet,2,2,W4,REFERRAL_STOCKOUT
W1,Shampoo Clear sachet,2,2,W6,REFERRAL_STOCKOUT
W1,Shampoo Pantene sachet,1,1,W3,REFERRAL_STOCKOUT
W1,Shampoo Pantene sachet,1,1,W5,REFERRAL_STOCKOUT
W1,Shampoo Pantene sachet,1,1,W6,REFERRAL_STOCKOUT
W1,Snack jagung Cheetos,40,28,W2,REFERRAL_STOCKOUT
W1,Snack jagung Cheetos,40,28,W3,REFERRAL_STOCKOUT
W1,Snack jagung Cheetos,40,28,W5,REFERRAL_STOCKOUT
W1,Snack jagung Cheetos,40,28,W6,REFERRAL_STOCKOUT
W1,Sosis So Nice,4,4,W2,REFERRAL_STOCKOUT
W1,Sosis So Nice,4,4,W3,REFERRAL_STOCKOUT
W1,Sosis So Nice,4,4,W4,REFERRAL_STOCKOUT
W1,Sosis So Nice,4,4,W6,REFERRAL_STOCKOUT
W1,Spidol Snowman,2,2,W2,REFERRAL_STOCKOUT
W1,Spidol Snowman,2,2,W3,REFERRAL_STOCKOUT
W1,Spidol Snowman,2,2,W6,REFERRAL_STOCKOUT
W1,Spons cuci piring,1,1,W6,REFERRAL_STOCKOUT
W1,Stabilo,9,7,W6,REFERRAL_STOCKOUT
W1,Surya 12 batang,13,12,W3,REFERRAL_STOCKOUT
W1,Surya 12 batang,13,12,W6,REFERRAL_STOCKOUT
W1,Teh Gelas 350ml,52,34,W3,REFERRAL_STOCKOUT
W1,Teh Gelas 350ml,52,34,W6,REFERRAL_STOCKOUT
W1,Teh Pucuk 350ml,41,25,W2,REFERRAL_STOCKOUT
W1,Teh Pucuk 350ml,41,25,W3,REFERRAL_STOCKOUT
W1,Teh Pucuk 350ml,41,25,W5,REFERRAL_STOCKOUT
W1,Teh Sariwangi 1 kantong,39,30,W2,REFERRAL_STOCKOUT
W1,Teh Sariwangi 1 kantong,39,30,W6,REFERRAL_STOCKOUT
W1,Teh Sariwangi 25 kantong,17,14,W2,REFERRAL_STOCKOUT
W1,Teh Sariwangi 25 kantong,17,14,W3,REFERRAL_STOCKOUT
W1,Teh Sariwangi 25 kantong,17,14,W4,REFERRAL_STOCKOUT
W1,Teh Tong Tji sachet,20,12,W2,REFERRAL_STOCKOUT
W1,Teh Tong Tji sachet,20,12,W3,REFERRAL_STOCKOUT
W1,Teh Tong Tji sachet,20,12,W4,REFERRAL_STOCKOUT
W1,Teh Tong Tji sachet,20,12,W5,REFERRAL_STOCKOUT
W1,Tembakau linting,24,20,W3,REFERRAL_STOCKOUT
W1,Tempura 250g,4,4,W2,REFERRAL_STOCKOUT
W1,Tempura 250g,4,4,W3,REFERRAL_STOCKOUT
W1,Tempura 250g,4,4,W5,REFERRAL_STOCKOUT
W1,Vitamin C CDR,7,7,W5,REFERRAL_STOCKOUT
W1,Vitamin C CDR,7,7,W6,REFERRAL_STOCKOUT
W2,Amplop,25,16,W1,REFERRAL_STOCKOUT
W2,Amplop,25,16,W3,REFERRAL_STOCKOUT
W2,Amplop,25,16,W6,REFERRAL_STOCKOUT
W2,Antangin sachet,47,34,W3,REFERRAL_STOCKOUT
W2,Antangin sachet,47,34,W4,REFERRAL_STOCKOUT
W2,Antangin sachet,47,34,W6,REFERRAL_STOCKOUT
W2,Astor,227,157,W1,REFERRAL_STOCKOUT
W2,Astor,227,157,W3,REFERRAL_STOCKOUT
W2,Astor,227,157,W5,REFERRAL_STOCKOUT
W2,Astor,227,157,W6,REFERRAL_STOCKOUT
W2,Attack sachet,2,2,W3,REFERRAL_STOCKOUT
W2,Attack sachet,2,2,W5,REFERRAL_STOCKOUT
W2,Attack sachet,2,2,W6,REFERRAL_STOCKOUT
W2,Baby powder My Baby 50g,1,1,W4,REFERRAL_STOCKOUT
W2,Baby powder My Baby 50g,1,1,W5,REFERRAL_STOCKOUT
W2,Baby powder My Baby 50g,1,1,W6,REFERRAL_STOCKOUT
W2,Balsem Geliga 20g,22,20,W1,REFERRAL_STOCKOUT
W2,Balsem Geliga 20g,22,20,W3,REFERRAL_STOCKOUT
W2,Balsem Geliga 20g,22,20,W4,REFERRAL_STOCKOUT
W2,Balsem Geliga 20g,22,20,W6,REFERRAL_STOCKOUT
W2,Basreng 100g,272,183,W1,REFERRAL_STOCKOUT
W2,Basreng 100g,272,183,W3,REFERRAL_STOCKOUT
W2,Basreng 100g,272,183,W4,REFERRAL_STOCKOUT
W2,Basreng 100g,272,183,W5,REFERRAL_STOCKOUT
W2,Basreng 100g,272,183,W6,REFERRAL_STOCKOUT
W2,Beng-Beng,295,197,W1,REFERRAL_STOCKOUT
W2,Beng-Beng,295,197,W6,REFERRAL_STOCKOUT
W2,Bihun Rose Brand 320g,148,98,W3,REFERRAL_STOCKOUT
W2,Biskuit bayi Promina 100g,1,1,W1,REFERRAL_STOCKOUT
W2,Biskuit bayi Promina 100g,1,1,W3,REFERRAL_STOCKOUT
W2,Body lotion Citra 100ml,14,14,W1,REFERRAL_STOCKOUT
W2,Body lotion Citra 100ml,14,14,W3,REFERRAL_STOCKOUT
W2,Body lotion Citra 100ml,14,14,W5,REFERRAL_STOCKOUT
W2,Body lotion Citra 100ml,14,14,W6,REFERRAL_STOCKOUT
W2,Buavita 250ml,233,165,W3,REFERRAL_STOCKOUT
W2,Buavita 250ml,233,165,W5,REFERRAL_STOCKOUT
W2,Buavita 250ml,233,165,W6,REFERRAL_STOCKOUT
W2,Bubur instan 50g,148,103,W1,REFERRAL_STOCKOUT
W2,Bubur instan 50g,148,103,W3,REFERRAL_STOCKOUT
W2,Bubur instan 50g,148,103,W5,REFERRAL_STOCKOUT
W2,Buku gambar,12,10,W3,REFERRAL_STOCKOUT
W2,Buku gambar,12,10,W4,REFERRAL_STOCKOUT
W2,Buku gambar,12,10,W5,REFERRAL_STOCKOUT
W2,Buku gambar,12,10,W6,REFERRAL_STOCKOUT
W2,Buku tulis Kiky,19,13,W3,REFERRAL_STOCKOUT
W2,Buku tulis Kiky,19,13,W4,REFERRAL_STOCKOUT
W2,Buku tulis Kiky,19,13,W5,REFERRAL_STOCKOUT
W2,Buku tulis Kiky,19,13,W6,REFERRAL_STOCKOUT
W2,Buku tulis Sinar Dunia,18,12,W3,REFERRAL_STOCKOUT
W2,Buku tulis Sinar Dunia,18,12,W4,REFERRAL_STOCKOUT
W2,Chocolatos sachet,126,86,W3,REFERRAL_STOCKOUT
W2,Chocolatos sachet,126,86,W4,REFERRAL_STOCKOUT
W2,Chocolatos sachet,126,86,W6,REFERRAL_STOCKOUT
W2,Cuka 100ml,10,6,W1,REFERRAL_STOCKOUT
W2,Cuka 100ml,10,6,W4,REFERRAL_STOCKOUT
W2,Cuka 100ml,10,6,W5,REFERRAL_STOCKOUT
W2,Cuka 100ml,10,6,W6,REFERRAL_STOCKOUT
W2,Dancow sachet,201,139,W5,REFERRAL_STOCKOUT
W2,Dancow sachet,201,139,W6,REFERRAL_STOCKOUT
W2,Deodoran Rexona sachet,9,8,W3,REFERRAL_STOCKOUT
W2,Deodoran Rexona sachet,9,8,W4,REFERRAL_STOCKOUT
W2,Diapet strip,29,18,W4,REFERRAL_STOCKOUT
W2,Diapet strip,29,18,W5,REFERRAL_STOCKOUT
W2,Diapet strip,29,18,W6,REFERRAL_STOCKOUT
W2,Es krim Magnum,38,30,W3,REFERRAL_STOCKOUT
W2,Es krim Magnum,38,30,W6,REFERRAL_STOCKOUT
W2,Es krim cone Wall's,23,18,W1,REFERRAL_STOCKOUT
W2,Esse 16 batang,4,4,W3,REFERRAL_STOCKOUT
W2,Esse 16 batang,4,4,W4,REFERRAL_STOCKOUT
W2,Esse 16 batang,4,4,W5,REFERRAL_STOCKOUT
W2,Esse 16 batang,4,4,W6,REFERRAL_STOCKOUT
W2,Extra Joss,308,205,W1,REFERRAL_STOCKOUT
W2,Extra Joss,308,205,W6,REFERRAL_STOCKOUT
W2,Extra Joss sachet,112,74,W1,REFERRAL_STOCKOUT
W2,Extra Joss sachet,112,74,W4,REFERRAL_STOCKOUT
W2,Extra Joss sachet,112,74,W5,REFERRAL_STOCKOUT
W2,FreshCare 10ml,16,12,W1,REFERRAL_STOCKOUT
W2,FreshCare 10ml,16,12,W3,REFERRAL_STOCKOUT
W2,FreshCare 10ml,16,12,W4,REFERRAL_STOCKOUT
W2,FreshCare 10ml,16,12,W6,REFERRAL_STOCKOUT
W2,Frestea 350ml,273,187,W4,REFERRAL_STOCKOUT
W2,Frestea 350ml,273,187,W6,REFERRAL_STOCKOUT
W2,Garam Dolphin 500g,7,5,W1,REFERRAL_STOCKOUT
W2,Garam Dolphin 500g,7,5,W5,REFERRAL_STOCKOUT
W2,Garam Dolphin 500g,7,5,W6,REFERRAL_STOCKOUT
W2,Gelas plastik,1,1,W3,REFERRAL_STOCKOUT
W2,Gelas plastik,1,1,W4,REFERRAL_STOCKOUT
W2,Gelas plastik,1,1,W6,REFERRAL_STOCKOUT
W2,Gudang Garam 16 batang,5,5,W1,REFERRAL_STOCKOUT
W2,Gudang Garam 16 batang,5,5,W4,REFERRAL_STOCKOUT
W2,Gudang Garam 16 batang,5,5,W6,REFERRAL_STOCKOUT
W2,Gudang Garam Filter 12 batang,8,5,W5,REFERRAL_STOCKOUT
W2,Gula pasir Rose Brand 1kg,4,3,W5,REFERRAL_STOCKOUT
W2,Gula pasir Rose Brand 1kg,4,3,W6,REFERRAL_STOCKOUT
W2,Indomie Cup,203,138,W3,REFERRAL_STOCKOUT
W2,Indomie Cup,203,138,W4,REFERRAL_STOCKOUT
W2,Indomie Cup,203,138,W5,REFERRAL_STOCKOUT
W2,Indomie Cup,203,138,W6,REFERRAL_STOCKOUT
W2,Kacang atom Garuda 100g,190,126,W1,REFERRAL_STOCKOUT
W2,Kacang atom Garuda 100g,190,126,W3,REFERRAL_STOCKOUT
W2,Kacang atom Garuda 100g,190,126,W6,REFERRAL_STOCKOUT
W2,Kaldu bubuk Royco 100g,1,1,W1,REFERRAL_STOCKOUT
W2,Kaldu bubuk Royco 100g,1,1,W3,REFERRAL_STOCKOUT
W2,Kaldu bubuk Royco 100g,1,1,W5,REFERRAL_STOCKOUT
W2,Kaldu bubuk Royco 100g,1,1,W6,REFERRAL_STOCKOUT
W2,Kecap manis Bango 135ml,2,2,W1,REFERRAL_STOCKOUT
W2,Kecap manis Bango 135ml,2,2,W3,REFERRAL_STOCKOUT
W2,Kentang frozen 500g,14,12,W1,REFERRAL_STOCKOUT
W2,Kentang frozen 500g,14,12,W6,REFERRAL_STOCKOUT
W2,Keripik kentang Chitato 68g,149,106,W1,REFERRAL_STOCKOUT
W2,Keripik kentang Chitato 68g,149,106,W3,REFERRAL_STOCKOUT
W2,Keripik kentang Chitato 68g,149,106,W4,REFERRAL_STOCKOUT
W2,Keripik kentang Chitato 68g,149,106,W5,REFERRAL_STOCKOUT
W2,Keripik kentang Chitato 68g,149,106,W6,REFERRAL_STOCKOUT
W2,Kopi susu Torabika sachet,166,118,W3,REFERRAL_STOCKOUT
W2,Kopi susu Torabika sachet,166,118,W5,REFERRAL_STOCKOUT
W2,Kopiko 78C 240ml,244,167,W1,REFERRAL_STOCKOUT
W2,Kopiko 78C 240ml,244,167,W3,REFERRAL_STOCKOUT
W2,Kopiko 78C 240ml,244,167,W4,REFERRAL_STOCKOUT
W2,Kopiko 78C 240ml,244,167,W5,REFERRAL_STOCKOUT
W2,Kopiko 78C 240ml,244,167,W6,REFERRAL_STOCKOUT
W2,Korek gas,17,15,W3,REFERRAL_STOCKOUT
W2,Korek gas,17,15,W4,REFERRAL_STOCKOUT
W2,Korek gas,17,15,W5,REFERRAL_STOCKOUT
W2,Korek gas,17,15,W6,REFERRAL_STOCKOUT
W2,Kratingdaeng 150ml,465,309,W3,REFERRAL_STOCKOUT
W2,Kratingdaeng 150ml,465,309,W4,REFERRAL_STOCKOUT
W2,Kratingdaeng 150ml,465,309,W6,REFERRAL_STOCKOUT
W2,LA Bold 16 batang,1,1,W1,REFERRAL_STOCKOUT
W2,LA Bold 16 batang,1,1,W4,REFERRAL_STOCKOUT
W2,LA Bold 16 batang,1,1,W6,REFERRAL_STOCKOUT
W2,LPG 3kg,1,1,W3,REFERRAL_STOCKOUT
W2,LPG 3kg,1,1,W5,REFERRAL_STOCKOUT
W2,LPG 3kg,1,1,W6,REFERRAL_STOCKOUT
W2,Lap dapur,1,1,W1,REFERRAL_STOCKOUT
W2,Lap dapur,1,1,W3,REFERRAL_STOCKOUT
W2,Lap dapur,1,1,W4,REFERRAL_STOCKOUT
W2,Le Minerale 1.5L,369,251,W1,REFERRAL_STOCKOUT
W2,Le Minerale 1.5L,369,251,W3,REFERRAL_STOCKOUT
W2,Le Minerale 1.5L,369,251,W6,REFERRAL_STOCKOUT
W2,Lem Fox 10g,28,21,W1,REFERRAL_STOCKOUT
W2,Lem Fox 10g,28,21,W3,REFERRAL_STOCKOUT
W2,Mama Lemon 400ml,4,3,W3,REFERRAL_STOCKOUT
W2,Mama Lemon 400ml,4,3,W4,REFERRAL_STOCKOUT
W2,Margarin Blue Band 200g,6,5,W3,REFERRAL_STOCKOUT
W2,Mayones Maestro 100g,2,2,W1,REFERRAL_STOCKOUT
W2,Mayones Maestro 100g,2,2,W5,REFERRAL_STOCKOUT
W2,Mi goreng Sarimi,153,109,W1,REFERRAL_STOCKOUT
W2,Mi goreng Sarimi,153,109,W3,REFERRAL_STOCKOUT
W2,Mi goreng Sarimi,153,109,W5,REFERRAL_STOCKOUT
W2,Mi goreng Sarimi,153,109,W6,REFERRAL_STOCKOUT
W2,Mi jumbo Indomie,139,87,W1,REFERRAL_STOCKOUT
W2,Mi jumbo Indomie,139,87,W3,REFERRAL_STOCKOUT
W2,Mi jumbo Indomie,139,87,W4,REFERRAL_STOCKOUT
W2,Mi jumbo Indomie,139,87,W6,REFERRAL_STOCKOUT
W2,Mi kuah Sedaap,150,99,W1,REFERRAL_STOCKOUT
W2,Mi soto Indomie,182,122,W3,REFERRAL_STOCKOUT
W2,Minyak goreng Bimoli 1L,1,1,W1,REFERRAL_STOCKOUT
W2,Minyak goreng Bimoli 1L,1,1,W3,REFERRAL_STOCKOUT
W2,Minyak goreng Bimoli 1L,1,1,W5,REFERRAL_STOCKOUT
W2,Minyak goreng Bimoli 1L,1,1,W6,REFERRAL_STOCKOUT
W2,Minyak kayu putih Cap Lang 30ml (Bayi),1,1,W1,REFERRAL_STOCKOUT
W2,Minyak kayu putih Cap Lang 30ml (Bayi),1,1,W3,REFERRAL_STOCKOUT
W2,Minyak kayu putih Cap Lang 30ml (Bayi),1,1,W5,REFERRAL_STOCKOUT
W2,Minyak kayu putih Cap Lang 30ml (Bayi),1,1,W6,REFERRAL_STOCKOUT
W2,Minyak kayu putih Cap Lang 30ml (Obat),36,26,W1,REFERRAL_STOCKOUT
W2,Minyak kayu putih Cap Lang 30ml (Obat),36,26,W3,REFERRAL_STOCKOUT
W2,Minyak kayu putih Cap Lang 30ml (Obat),36,26,W5,REFERRAL_STOCKOUT
W2,Minyak kayu putih Cap Lang 30ml (Obat),36,26,W6,REFERRAL_STOCKOUT
W2,Molto sachet,6,5,W6,REFERRAL_STOCKOUT
W2,Nutrisari sachet,250,173,W1,REFERRAL_STOCKOUT
W2,Nutrisari sachet,250,173,W3,REFERRAL_STOCKOUT
W2,Nutrisari sachet,250,173,W5,REFERRAL_STOCKOUT
W2,Nutrisari sachet,250,173,W6,REFERRAL_STOCKOUT
W2,Oli motor 0.8L,1,1,W1,REFERRAL_STOCKOUT
W2,Oli motor 0.8L,1,1,W3,REFERRAL_STOCKOUT
W2,Oli motor 0.8L,1,1,W4,REFERRAL_STOCKOUT
W2,Oli motor 0.8L,1,1,W5,REFERRAL_STOCKOUT
W2,Oli motor 0.8L,1,1,W6,REFERRAL_STOCKOUT
W2,Oreo 119g,219,144,W3,REFERRAL_STOCKOUT
W2,Pantyliner Laurier,4,4,W1,REFERRAL_STOCKOUT
W2,Pantyliner Laurier,4,4,W3,REFERRAL_STOCKOUT
W2,Pantyliner Laurier,4,4,W4,REFERRAL_STOCKOUT
W2,Paracetamol Sanmol strip,24,16,W5,REFERRAL_STOCKOUT
W2,Parfum Gatsby 100ml,16,13,W3,REFERRAL_STOCKOUT
W2,Pasta gigi Close Up 65g,14,12,W1,REFERRAL_STOCKOUT
W2,Pasta gigi Close Up 65g,14,12,W3,REFERRAL_STOCKOUT
W2,Pasta gigi Close Up 65g,14,12,W6,REFERRAL_STOCKOUT
W2,Pasta gigi Pepsodent 75g,9,7,W3,REFERRAL_STOCKOUT
W2,Pasta gigi Pepsodent 75g,9,7,W6,REFERRAL_STOCKOUT
W2,Pasta gigi Sensodyne 40g,8,6,W1,REFERRAL_STOCKOUT
W2,Pasta gigi Sensodyne 40g,8,6,W5,REFERRAL_STOCKOUT
W2,Pembalut Charm,2,2,W3,REFERRAL_STOCKOUT
W2,Pembalut Charm,2,2,W4,REFERRAL_STOCKOUT
W2,Pembalut Charm,2,2,W5,REFERRAL_STOCKOUT
W2,Pembalut Charm,2,2,W6,REFERRAL_STOCKOUT
W2,Pembalut Laurier,4,3,W1,REFERRAL_STOCKOUT
W2,Pembalut Softex,3,3,W3,REFERRAL_STOCKOUT
W2,Pembalut Softex,3,3,W5,REFERRAL_STOCKOUT
W2,Pembalut Softex,3,3,W6,REFERRAL_STOCKOUT
W2,Penyedap Royco,1,1,W1,REFERRAL_STOCKOUT
W2,Penyedap Royco,1,1,W3,REFERRAL_STOCKOUT
W2,Penyedap Royco,1,1,W6,REFERRAL_STOCKOUT
W2,Permen Relaxa,166,112,W1,REFERRAL_STOCKOUT
W2,Permen Relaxa,166,112,W3,REFERRAL_STOCKOUT
W2,Permen karet Big Babol,249,182,W1,REFERRAL_STOCKOUT
W2,Permen karet Big Babol,249,182,W3,REFERRAL_STOCKOUT
W2,Permen karet Big Babol,249,182,W5,REFERRAL_STOCKOUT
W2,Permen karet Big Babol,249,182,W6,REFERRAL_STOCKOUT
W2,Plastic wrap,1,1,W5,REFERRAL_STOCKOUT
W2,Plastik kresek kecil,1,1,W1,REFERRAL_STOCKOUT
W2,Plastik kresek kecil,1,1,W4,REFERRAL_STOCKOUT
W2,Plastik kresek kecil,1,1,W5,REFERRAL_STOCKOUT
W2,Plastik kresek kecil,1,1,W6,REFERRAL_STOCKOUT
W2,Pocari Sweat 350ml,329,221,W3,REFERRAL_STOCKOUT
W2,Pocari Sweat 350ml,329,221,W4,REFERRAL_STOCKOUT
W2,Pocari Sweat 350ml,329,221,W5,REFERRAL_STOCKOUT
W2,Pomade Gatsby 80g,19,13,W3,REFERRAL_STOCKOUT
W2,Pomade Gatsby 80g,19,13,W5,REFERRAL_STOCKOUT
W2,Pomade Gatsby 80g,19,13,W6,REFERRAL_STOCKOUT
W2,Pulpen Pilot,36,22,W5,REFERRAL_STOCKOUT
W2,Pulpen Standard AE7,27,21,W1,REFERRAL_STOCKOUT
W2,Pulpen Standard AE7,27,21,W3,REFERRAL_STOCKOUT
W2,Pulpen Standard AE7,27,21,W4,REFERRAL_STOCKOUT
W2,Roma Kelapa 300g,281,200,W3,REFERRAL_STOCKOUT
W2,Roma Kelapa 300g,281,200,W4,REFERRAL_STOCKOUT
W2,Roma Kelapa 300g,281,200,W5,REFERRAL_STOCKOUT
W2,Roma Kelapa 300g,281,200,W6,REFERRAL_STOCKOUT
W2,Salonpas 10 pcs,21,15,W1,REFERRAL_STOCKOUT
W2,Salonpas 10 pcs,21,15,W3,REFERRAL_STOCKOUT
W2,Salonpas 10 pcs,21,15,W6,REFERRAL_STOCKOUT
W2,Sampoerna Mild 16 batang,2,2,W1,REFERRAL_STOCKOUT
W2,Sampoerna Mild 16 batang,2,2,W3,REFERRAL_STOCKOUT
W2,Sampoerna Mild 16 batang,2,2,W4,REFERRAL_STOCKOUT
W2,Saus sambal sachet ABC,3,3,W1,REFERRAL_STOCKOUT
W2,Saus sambal sachet ABC,3,3,W6,REFERRAL_STOCKOUT
W2,Shampoo Clear sachet,14,11,W1,REFERRAL_STOCKOUT
W2,Shampoo Clear sachet,14,11,W4,REFERRAL_STOCKOUT
W2,Shampoo Clear sachet,14,11,W6,REFERRAL_STOCKOUT
W2,Shampoo H&S sachet,20,13,W1,REFERRAL_STOCKOUT
W2,Shampoo H&S sachet,20,13,W5,REFERRAL_STOCKOUT
W2,Shampoo Sunsilk sachet,27,18,W1,REFERRAL_STOCKOUT
W2,Shampoo Sunsilk sachet,27,18,W3,REFERRAL_STOCKOUT
W2,Shampoo Sunsilk sachet,27,18,W4,REFERRAL_STOCKOUT
W2,Shampoo Sunsilk sachet,27,18,W5,REFERRAL_STOCKOUT
W2,Sikat,1,1,W1,REFERRAL_STOCKOUT
W2,Sikat,1,1,W3,REFERRAL_STOCKOUT
W2,Sikat,1,1,W4,REFERRAL_STOCKOUT
W2,Sikat,1,1,W6,REFERRAL_STOCKOUT
W2,Snack jagung Cheetos,240,159,W1,REFERRAL_STOCKOUT
W2,Snack jagung Cheetos,240,159,W3,REFERRAL_STOCKOUT
W2,Snack jagung Cheetos,240,159,W5,REFERRAL_STOCKOUT
W2,Snack jagung Cheetos,240,159,W6,REFERRAL_STOCKOUT
W2,Snack kentang Qtela 60g,231,155,W3,REFERRAL_STOCKOUT
W2,Snack kentang Qtela 60g,231,155,W5,REFERRAL_STOCKOUT
W2,Sosis So Nice,26,23,W1,REFERRAL_STOCKOUT
W2,Sosis So Nice,26,23,W3,REFERRAL_STOCKOUT
W2,Sosis So Nice,26,23,W4,REFERRAL_STOCKOUT
W2,Sosis So Nice,26,23,W6,REFERRAL_STOCKOUT
W2,Spaghetti La Fonte 225g,126,89,W6,REFERRAL_STOCKOUT
W2,Spidol Snowman,20,16,W1,REFERRAL_STOCKOUT
W2,Spidol Snowman,20,16,W3,REFERRAL_STOCKOUT
W2,Spidol Snowman,20,16,W6,REFERRAL_STOCKOUT
W2,Sprite 390ml,273,186,W3,REFERRAL_STOCKOUT
W2,Sprite 390ml,273,186,W5,REFERRAL_STOCKOUT
W2,Sprite 390ml,273,186,W6,REFERRAL_STOCKOUT
W2,Teh Botol Sosro 350ml,257,172,W3,REFERRAL_STOCKOUT
W2,Teh Botol Sosro 350ml,257,172,W5,REFERRAL_STOCKOUT
W2,Teh Pucuk 350ml,416,286,W1,REFERRAL_STOCKOUT
W2,Teh Pucuk 350ml,416,286,W3,REFERRAL_STOCKOUT
W2,Teh Pucuk 350ml,416,286,W5,REFERRAL_STOCKOUT
W2,Teh Sariwangi 1 kantong,231,161,W1,REFERRAL_STOCKOUT
W2,Teh Sariwangi 1 kantong,231,161,W6,REFERRAL_STOCKOUT
W2,Teh Sariwangi 25 kantong,166,112,W1,REFERRAL_STOCKOUT
W2,Teh Sariwangi 25 kantong,166,112,W3,REFERRAL_STOCKOUT
W2,Teh Sariwangi 25 kantong,166,112,W4,REFERRAL_STOCKOUT
W2,Teh Tong Tji sachet,130,93,W1,REFERRAL_STOCKOUT
W2,Teh Tong Tji sachet,130,93,W3,REFERRAL_STOCKOUT
W2,Teh Tong Tji sachet,130,93,W4,REFERRAL_STOCKOUT
W2,Teh Tong Tji sachet,130,93,W5,REFERRAL_STOCKOUT
W2,Tempura 250g,14,12,W1,REFERRAL_STOCKOUT
W2,Tempura 250g,14,12,W3,REFERRAL_STOCKOUT
W2,Tempura 250g,14,12,W5,REFERRAL_STOCKOUT
W2,Tepung beras Rose Brand 500g,5,5,W1,REFERRAL_STOCKOUT
W2,Tepung beras Rose Brand 500g,5,5,W3,REFERRAL_STOCKOUT
W2,Tepung beras Rose Brand 500g,5,5,W5,REFERRAL_STOCKOUT
W2,Tepung beras Rose Brand 500g,5,5,W6,REFERRAL_STOCKOUT
W2,Tepung terigu Segitiga Biru 1kg,1,1,W3,REFERRAL_STOCKOUT
W2,Tepung terigu Segitiga Biru 1kg,1,1,W5,REFERRAL_STOCKOUT
W2,Tepung terigu Segitiga Biru 1kg,1,1,W6,REFERRAL_STOCKOUT
W2,Terminal listrik,1,1,W1,REFERRAL_STOCKOUT
W2,Terminal listrik,1,1,W6,REFERRAL_STOCKOUT
W2,Tisu basah Cussons,3,3,W1,REFERRAL_STOCKOUT
W2,Tisu basah Cussons,3,3,W3,REFERRAL_STOCKOUT
W2,Tisu basah Cussons,3,3,W5,REFERRAL_STOCKOUT
W2,Tisu basah Cussons,3,3,W6,REFERRAL_STOCKOUT
W2,Tusuk sate,2,2,W3,REFERRAL_STOCKOUT
W2,Tusuk sate,2,2,W5,REFERRAL_STOCKOUT
W2,Tusuk sate,2,2,W6,REFERRAL_STOCKOUT
W2,Ultra Milk 250ml,333,220,W3,REFERRAL_STOCKOUT
W2,Ultra Milk 250ml,333,220,W4,REFERRAL_STOCKOUT
W2,Ultra Milk 250ml,333,220,W5,REFERRAL_STOCKOUT
W2,Wipol 450ml,3,3,W1,REFERRAL_STOCKOUT
W2,Wipol 450ml,3,3,W5,REFERRAL_STOCKOUT
W3,Aluminium foil,4,3,W1,REFERRAL_STOCKOUT
W3,Aluminium foil,4,3,W2,REFERRAL_STOCKOUT
W3,Aluminium foil,4,3,W4,REFERRAL_STOCKOUT
W3,Aluminium foil,4,3,W5,REFERRAL_STOCKOUT
W3,Aluminium foil,4,3,W6,REFERRAL_STOCKOUT
W3,Antangin sachet,2,1,W2,REFERRAL_STOCKOUT
W3,Antangin sachet,2,1,W4,REFERRAL_STOCKOUT
W3,Antangin sachet,2,1,W6,REFERRAL_STOCKOUT
W3,Aqua 330ml,14,9,W1,REFERRAL_STOCKOUT
W3,Aqua 330ml,14,9,W5,REFERRAL_STOCKOUT
W3,Attack sachet,23,21,W2,REFERRAL_STOCKOUT
W3,Attack sachet,23,21,W5,REFERRAL_STOCKOUT
W3,Attack sachet,23,21,W6,REFERRAL_STOCKOUT
W3,Beras medium 1kg,4,3,W1,REFERRAL_STOCKOUT
W3,Beras medium 1kg,4,3,W2,REFERRAL_STOCKOUT
W3,Beras medium 1kg,4,3,W4,REFERRAL_STOCKOUT
W3,Body lotion Citra 100ml,3,3,W1,REFERRAL_STOCKOUT
W3,Body lotion Citra 100ml,3,3,W2,REFERRAL_STOCKOUT
W3,Body lotion Citra 100ml,3,3,W5,REFERRAL_STOCKOUT
W3,Body lotion Citra 100ml,3,3,W6,REFERRAL_STOCKOUT
W3,Buku tulis Sinar Dunia,1,1,W2,REFERRAL_STOCKOUT
W3,Buku tulis Sinar Dunia,1,1,W4,REFERRAL_STOCKOUT
W3,Chocolatos sachet,3,2,W2,REFERRAL_STOCKOUT
W3,Chocolatos sachet,3,2,W4,REFERRAL_STOCKOUT
W3,Chocolatos sachet,3,2,W6,REFERRAL_STOCKOUT
W3,Cornetto,2,2,W1,REFERRAL_STOCKOUT
W3,Cornetto,2,2,W5,REFERRAL_STOCKOUT
W3,Cornetto,2,2,W6,REFERRAL_STOCKOUT
W3,Cotton bud Selection,4,4,W6,REFERRAL_STOCKOUT
W3,Deodoran Rexona sachet,3,2,W2,REFERRAL_STOCKOUT
W3,Deodoran Rexona sachet,3,2,W4,REFERRAL_STOCKOUT
W3,Es krim Magnum,1,1,W2,REFERRAL_STOCKOUT
W3,Es krim Magnum,1,1,W6,REFERRAL_STOCKOUT
W3,Es krim cup Wall's,1,1,W1,REFERRAL_STOCKOUT
W3,Es krim cup Wall's,1,1,W4,REFERRAL_STOCKOUT
W3,Es krim cup Wall's,1,1,W5,REFERRAL_STOCKOUT
W3,Es krim cup Wall's,1,1,W6,REFERRAL_STOCKOUT
W3,Garam Refina 500g,4,3,W1,REFERRAL_STOCKOUT
W3,Garam Refina 500g,4,3,W4,REFERRAL_STOCKOUT
W3,Garam Refina 500g,4,3,W6,REFERRAL_STOCKOUT
W3,Gula pasir Gulaku 1kg,9,7,W1,REFERRAL_STOCKOUT
W3,Gula pasir Gulaku 1kg,9,7,W4,REFERRAL_STOCKOUT
W3,Gula pasir Gulaku 1kg,9,7,W6,REFERRAL_STOCKOUT
W3,Kacang kulit Garuda 100g,1,1,W1,REFERRAL_STOCKOUT
W3,Kacang kulit Garuda 100g,1,1,W4,REFERRAL_STOCKOUT
W3,Kacang kulit Garuda 100g,1,1,W6,REFERRAL_STOCKOUT
W3,Kantong sampah,8,3,W1,REFERRAL_STOCKOUT
W3,Kapas Selection,4,3,W2,REFERRAL_STOCKOUT
W3,Kapas Selection,4,3,W6,REFERRAL_STOCKOUT
W3,Karbol 500ml,6,5,W1,REFERRAL_STOCKOUT
W3,Karbol 500ml,6,5,W5,REFERRAL_STOCKOUT
W3,Karbol 500ml,6,5,W6,REFERRAL_STOCKOUT
W3,Kecap manis ABC 135ml,4,4,W1,REFERRAL_STOCKOUT
W3,Kecap manis ABC 135ml,4,4,W4,REFERRAL_STOCKOUT
W3,Kecap manis ABC 135ml,4,4,W5,REFERRAL_STOCKOUT
W3,Kecap manis ABC 135ml,4,4,W6,REFERRAL_STOCKOUT
W3,Kecap manis Bango 135ml,10,6,W1,REFERRAL_STOCKOUT
W3,Kecap manis Bango 135ml,10,6,W2,REFERRAL_STOCKOUT
W3,Kecap manis Sedap 135ml,16,13,W4,REFERRAL_STOCKOUT
W3,Kecap manis Sedap 135ml,16,13,W5,REFERRAL_STOCKOUT
W3,Kecap manis Sedap 135ml,16,13,W6,REFERRAL_STOCKOUT
W3,Kopi ABC sachet,1,1,W4,REFERRAL_STOCKOUT
W3,Kopi ABC sachet,1,1,W5,REFERRAL_STOCKOUT
W3,Kopi ABC sachet,1,1,W6,REFERRAL_STOCKOUT
W3,Kratingdaeng 150ml,4,4,W2,REFERRAL_STOCKOUT
W3,Kratingdaeng 150ml,4,4,W4,REFERRAL_STOCKOUT
W3,Kratingdaeng 150ml,4,4,W6,REFERRAL_STOCKOUT
W3,Lap dapur,10,8,W1,REFERRAL_STOCKOUT
W3,Lap dapur,10,8,W2,REFERRAL_STOCKOUT
W3,Lap dapur,10,8,W4,REFERRAL_STOCKOUT
W3,Le Minerale 600ml,7,6,W1,REFERRAL_STOCKOUT
W3,Le Minerale 600ml,7,6,W4,REFERRAL_STOCKOUT
W3,Le Minerale 600ml,7,6,W6,REFERRAL_STOCKOUT
W3,Mama Lemon 400ml,16,12,W2,REFERRAL_STOCKOUT
W3,Mama Lemon 400ml,16,12,W4,REFERRAL_STOCKOUT
W3,Map,1,1,W4,REFERRAL_STOCKOUT
W3,Map,1,1,W5,REFERRAL_STOCKOUT
W3,Map,1,1,W6,REFERRAL_STOCKOUT
W3,Margarin Blue Band 200g,7,5,W2,REFERRAL_STOCKOUT
W3,Merica bubuk Ladaku,19,15,W1,REFERRAL_STOCKOUT
W3,Merica bubuk Ladaku,19,15,W4,REFERRAL_STOCKOUT
W3,Merica bubuk Ladaku,19,15,W6,REFERRAL_STOCKOUT
W3,Minyak goreng Bimoli 1L,3,2,W1,REFERRAL_STOCKOUT
W3,Minyak goreng Bimoli 1L,3,2,W2,REFERRAL_STOCKOUT
W3,Minyak goreng Bimoli 1L,3,2,W5,REFERRAL_STOCKOUT
W3,Minyak goreng Bimoli 1L,3,2,W6,REFERRAL_STOCKOUT
W3,Minyak kayu putih Cap Lang 30ml (Bayi),1,1,W1,REFERRAL_STOCKOUT
W3,Minyak kayu putih Cap Lang 30ml (Bayi),1,1,W2,REFERRAL_STOCKOUT
W3,Minyak kayu putih Cap Lang 30ml (Bayi),1,1,W5,REFERRAL_STOCKOUT
W3,Minyak kayu putih Cap Lang 30ml (Bayi),1,1,W6,REFERRAL_STOCKOUT
W3,Minyak kayu putih Cap Lang 30ml (Obat),2,2,W1,REFERRAL_STOCKOUT
W3,Minyak kayu putih Cap Lang 30ml (Obat),2,2,W2,REFERRAL_STOCKOUT
W3,Minyak kayu putih Cap Lang 30ml (Obat),2,2,W5,REFERRAL_STOCKOUT
W3,Minyak kayu putih Cap Lang 30ml (Obat),2,2,W6,REFERRAL_STOCKOUT
W3,Nugget Fiesta 250g,1,1,W4,REFERRAL_STOCKOUT
W3,Nugget Fiesta 250g,1,1,W5,REFERRAL_STOCKOUT
W3,Nugget Fiesta 250g,1,1,W6,REFERRAL_STOCKOUT
W3,Nugget So Good 250g,1,1,W5,REFERRAL_STOCKOUT
W3,Oralit sachet,1,1,W1,REFERRAL_STOCKOUT
W3,Oralit sachet,1,1,W4,REFERRAL_STOCKOUT
W3,Oralit sachet,1,1,W5,REFERRAL_STOCKOUT
W3,Oralit sachet,1,1,W6,REFERRAL_STOCKOUT
W3,Pantyliner Laurier,4,3,W1,REFERRAL_STOCKOUT
W3,Pantyliner Laurier,4,3,W2,REFERRAL_STOCKOUT
W3,Pantyliner Laurier,4,3,W4,REFERRAL_STOCKOUT
W3,Parfum Gatsby 100ml,1,1,W2,REFERRAL_STOCKOUT
W3,Pasta gigi Close Up 65g,4,3,W1,REFERRAL_STOCKOUT
W3,Pasta gigi Close Up 65g,4,3,W2,REFERRAL_STOCKOUT
W3,Pasta gigi Close Up 65g,4,3,W6,REFERRAL_STOCKOUT
W3,Pasta gigi Pepsodent 75g,4,3,W2,REFERRAL_STOCKOUT
W3,Pasta gigi Pepsodent 75g,4,3,W6,REFERRAL_STOCKOUT
W3,Pembalut Charm,8,6,W2,REFERRAL_STOCKOUT
W3,Pembalut Charm,8,6,W4,REFERRAL_STOCKOUT
W3,Pembalut Charm,8,6,W5,REFERRAL_STOCKOUT
W3,Pembalut Charm,8,6,W6,REFERRAL_STOCKOUT
W3,Pembalut Softex,3,3,W2,REFERRAL_STOCKOUT
W3,Pembalut Softex,3,3,W5,REFERRAL_STOCKOUT
W3,Pembalut Softex,3,3,W6,REFERRAL_STOCKOUT
W3,Penyedap Masako,26,17,W1,REFERRAL_STOCKOUT
W3,Penyedap Masako,26,17,W6,REFERRAL_STOCKOUT
W3,Penyedap Royco,18,11,W1,REFERRAL_STOCKOUT
W3,Penyedap Royco,18,11,W2,REFERRAL_STOCKOUT
W3,Penyedap Royco,18,11,W6,REFERRAL_STOCKOUT
W3,Plastik kiloan,1,1,W6,REFERRAL_STOCKOUT
W3,Plastik kresek sedang,2,2,W4,REFERRAL_STOCKOUT
W3,Plastik kresek sedang,2,2,W6,REFERRAL_STOCKOUT
W3,Pocari Sweat 500ml,4,3,W1,REFERRAL_STOCKOUT
W3,Pocari Sweat 500ml,4,3,W6,REFERRAL_STOCKOUT
W3,Promag strip,2,2,W1,REFERRAL_STOCKOUT
W3,Promag strip,2,2,W5,REFERRAL_STOCKOUT
W3,Promag strip,2,2,W6,REFERRAL_STOCKOUT
W3,Rinso 800g,3,2,W1,REFERRAL_STOCKOUT
W3,Rinso 800g,3,2,W4,REFERRAL_STOCKOUT
W3,Rinso 800g,3,2,W6,REFERRAL_STOCKOUT
W3,Rinso sachet,5,5,W1,REFERRAL_STOCKOUT
W3,Rinso sachet,5,5,W5,REFERRAL_STOCKOUT
W3,Sabun batang Lifebuoy,6,5,W4,REFERRAL_STOCKOUT
W3,Sabun batang Lifebuoy,6,5,W5,REFERRAL_STOCKOUT
W3,Sabun batang Lifebuoy,6,5,W6,REFERRAL_STOCKOUT
W3,Salonpas 10 pcs,2,1,W1,REFERRAL_STOCKOUT
W3,Salonpas 10 pcs,2,1,W2,REFERRAL_STOCKOUT
W3,Salonpas 10 pcs,2,1,W6,REFERRAL_STOCKOUT
W3,Sampoerna Mild 16 batang,4,3,W1,REFERRAL_STOCKOUT
W3,Sampoerna Mild 16 batang,4,3,W2,REFERRAL_STOCKOUT
W3,Sampoerna Mild 16 batang,4,3,W4,REFERRAL_STOCKOUT
W3,Saus tiram Saori 133ml,2,1,W5,REFERRAL_STOCKOUT
W3,Saus tiram Saori 133ml,2,1,W6,REFERRAL_STOCKOUT
W3,Saus tomat ABC 135ml,19,13,W2,REFERRAL_STOCKOUT
W3,Saus tomat ABC 135ml,19,13,W4,REFERRAL_STOCKOUT
W3,Saus tomat ABC 135ml,19,13,W5,REFERRAL_STOCKOUT
W3,Sedotan,2,2,W1,REFERRAL_STOCKOUT
W3,Sedotan,2,2,W5,REFERRAL_STOCKOUT
W3,Sedotan,2,2,W6,REFERRAL_STOCKOUT
W3,Sendok plastik,3,2,W1,REFERRAL_STOCKOUT
W3,Sendok plastik,3,2,W2,REFERRAL_STOCKOUT
W3,Sendok plastik,3,2,W5,REFERRAL_STOCKOUT
W3,Shampoo Pantene sachet,2,2,W1,REFERRAL_STOCKOUT
W3,Shampoo Pantene sachet,2,2,W5,REFERRAL_STOCKOUT
W3,Shampoo Pantene sachet,2,2,W6,REFERRAL_STOCKOUT
W3,Shampoo Sunsilk sachet,3,3,W1,REFERRAL_STOCKOUT
W3,Shampoo Sunsilk sachet,3,3,W2,REFERRAL_STOCKOUT
W3,Shampoo Sunsilk sachet,3,3,W4,REFERRAL_STOCKOUT
W3,Shampoo Sunsilk sachet,3,3,W5,REFERRAL_STOCKOUT
W3,Sikat,10,6,W1,REFERRAL_STOCKOUT
W3,Sikat,10,6,W2,REFERRAL_STOCKOUT
W3,Sikat,10,6,W4,REFERRAL_STOCKOUT
W3,Sikat,10,6,W6,REFERRAL_STOCKOUT
W3,Sikat gigi Formula,1,1,W1,REFERRAL_STOCKOUT
W3,Sikat gigi Formula,1,1,W4,REFERRAL_STOCKOUT
W3,Sikat gigi Formula,1,1,W6,REFERRAL_STOCKOUT
W3,Soklin sachet,13,7,W4,REFERRAL_STOCKOUT
W3,Soklin sachet,13,7,W6,REFERRAL_STOCKOUT
W3,Sosis So Nice,2,1,W1,REFERRAL_STOCKOUT
W3,Sosis So Nice,2,1,W2,REFERRAL_STOCKOUT
W3,Sosis So Nice,2,1,W4,REFERRAL_STOCKOUT
W3,Sosis So Nice,2,1,W6,REFERRAL_STOCKOUT
W3,Spons (kebersihan),17,13,W2,REFERRAL_STOCKOUT
W3,Spons (kebersihan),17,13,W4,REFERRAL_STOCKOUT
W3,Spons (kebersihan),17,13,W6,REFERRAL_STOCKOUT
W3,Sprite 390ml,1,1,W2,REFERRAL_STOCKOUT
W3,Sprite 390ml,1,1,W5,REFERRAL_STOCKOUT
W3,Sprite 390ml,1,1,W6,REFERRAL_STOCKOUT
W3,Sunlight 400ml,3,1,W1,REFERRAL_STOCKOUT
W3,Sunlight 400ml,3,1,W2,REFERRAL_STOCKOUT
W3,Sunlight 400ml,3,1,W5,REFERRAL_STOCKOUT
W3,Sunlight sachet,4,2,W4,REFERRAL_STOCKOUT
W3,Sunlight sachet,4,2,W6,REFERRAL_STOCKOUT
W3,Super Pell 450ml,3,2,W4,REFERRAL_STOCKOUT
W3,Super Pell 450ml,3,2,W5,REFERRAL_STOCKOUT
W3,Super Pell 450ml,3,2,W6,REFERRAL_STOCKOUT
W3,Susu formula SGM 200g,1,1,W1,REFERRAL_STOCKOUT
W3,Susu formula SGM 200g,1,1,W4,REFERRAL_STOCKOUT
W3,Teh Gelas 350ml,6,3,W1,REFERRAL_STOCKOUT
W3,Teh Gelas 350ml,6,3,W6,REFERRAL_STOCKOUT
W3,Teh Pucuk 350ml,3,3,W1,REFERRAL_STOCKOUT
W3,Teh Pucuk 350ml,3,3,W2,REFERRAL_STOCKOUT
W3,Teh Pucuk 350ml,3,3,W5,REFERRAL_STOCKOUT
W3,Telur ayam 1kg,4,3,W1,REFERRAL_STOCKOUT
W3,Telur ayam 1kg,4,3,W6,REFERRAL_STOCKOUT
W3,Tempura 250g,6,5,W1,REFERRAL_STOCKOUT
W3,Tempura 250g,6,5,W2,REFERRAL_STOCKOUT
W3,Tempura 250g,6,5,W5,REFERRAL_STOCKOUT
W3,Tepung beras Rose Brand 500g,12,11,W1,REFERRAL_STOCKOUT
W3,Tepung beras Rose Brand 500g,12,11,W2,REFERRAL_STOCKOUT
W3,Tepung beras Rose Brand 500g,12,11,W5,REFERRAL_STOCKOUT
W3,Tepung beras Rose Brand 500g,12,11,W6,REFERRAL_STOCKOUT
W3,Tepung terigu Kompas 1kg,14,10,W4,REFERRAL_STOCKOUT
W3,Tepung terigu Segitiga Biru 1kg,4,3,W2,REFERRAL_STOCKOUT
W3,Tepung terigu Segitiga Biru 1kg,4,3,W5,REFERRAL_STOCKOUT
W3,Tepung terigu Segitiga Biru 1kg,4,3,W6,REFERRAL_STOCKOUT
W3,Terasi ABC 20g,3,3,W2,REFERRAL_STOCKOUT
W3,Terasi ABC 20g,3,3,W4,REFERRAL_STOCKOUT
W3,Terasi ABC 20g,3,3,W5,REFERRAL_STOCKOUT
W3,Terasi ABC 20g,3,3,W6,REFERRAL_STOCKOUT
W3,Tisu Paseo,8,4,W1,REFERRAL_STOCKOUT
W3,Tisu Paseo,8,4,W6,REFERRAL_STOCKOUT
W3,Tisu Tessa,1,1,W1,REFERRAL_STOCKOUT
W3,Tisu Tessa,1,1,W4,REFERRAL_STOCKOUT
W3,Tisu Tessa,1,1,W5,REFERRAL_STOCKOUT
W3,Tisu basah Cussons,4,4,W1,REFERRAL_STOCKOUT
W3,Tisu basah Cussons,4,4,W2,REFERRAL_STOCKOUT
W3,Tisu basah Cussons,4,4,W5,REFERRAL_STOCKOUT
W3,Tisu basah Cussons,4,4,W6,REFERRAL_STOCKOUT
W3,Tolak Angin sachet,1,1,W6,REFERRAL_STOCKOUT
W3,Tusuk gigi,1,1,W1,REFERRAL_STOCKOUT
W3,Tusuk sate,2,1,W2,REFERRAL_STOCKOUT
W3,Tusuk sate,2,1,W5,REFERRAL_STOCKOUT
W3,Tusuk sate,2,1,W6,REFERRAL_STOCKOUT
W3,Ultra Milk 250ml,1,1,W2,REFERRAL_STOCKOUT
W3,Ultra Milk 250ml,1,1,W4,REFERRAL_STOCKOUT
W3,Ultra Milk 250ml,1,1,W5,REFERRAL_STOCKOUT
W4,Aluminium foil,1,1,W1,REFERRAL_STOCKOUT
W4,Aluminium foil,1,1,W2,REFERRAL_STOCKOUT
W4,Aluminium foil,1,1,W3,REFERRAL_STOCKOUT
W4,Aluminium foil,1,1,W5,REFERRAL_STOCKOUT
W4,Aluminium foil,1,1,W6,REFERRAL_STOCKOUT
W4,Antangin sachet,16,11,W2,REFERRAL_STOCKOUT
W4,Antangin sachet,16,11,W3,REFERRAL_STOCKOUT
W4,Antangin sachet,16,11,W6,REFERRAL_STOCKOUT
W4,Aqua 1.5L,237,169,W5,REFERRAL_STOCKOUT
W4,Bakso 250g,12,10,W5,REFERRAL_STOCKOUT
W4,Bakso 250g,12,10,W6,REFERRAL_STOCKOUT
W4,Balsem Geliga 20g,25,16,W1,REFERRAL_STOCKOUT
W4,Balsem Geliga 20g,25,16,W2,REFERRAL_STOCKOUT
W4,Balsem Geliga 20g,25,16,W3,REFERRAL_STOCKOUT
W4,Balsem Geliga 20g,25,16,W6,REFERRAL_STOCKOUT
W4,Basreng 100g,352,252,W1,REFERRAL_STOCKOUT
W4,Basreng 100g,352,252,W2,REFERRAL_STOCKOUT
W4,Basreng 100g,352,252,W3,REFERRAL_STOCKOUT
W4,Basreng 100g,352,252,W5,REFERRAL_STOCKOUT
W4,Basreng 100g,352,252,W6,REFERRAL_STOCKOUT
W4,Buku gambar,13,10,W2,REFERRAL_STOCKOUT
W4,Buku gambar,13,10,W3,REFERRAL_STOCKOUT
W4,Buku gambar,13,10,W5,REFERRAL_STOCKOUT
W4,Buku gambar,13,10,W6,REFERRAL_STOCKOUT
W4,Buku tulis Kiky,18,14,W2,REFERRAL_STOCKOUT
W4,Buku tulis Kiky,18,14,W3,REFERRAL_STOCKOUT
W4,Buku tulis Kiky,18,14,W5,REFERRAL_STOCKOUT
W4,Buku tulis Kiky,18,14,W6,REFERRAL_STOCKOUT
W4,Buku tulis Sinar Dunia,15,13,W2,REFERRAL_STOCKOUT
W4,Buku tulis Sinar Dunia,15,13,W3,REFERRAL_STOCKOUT
W4,Chocolatos sachet,254,168,W2,REFERRAL_STOCKOUT
W4,Chocolatos sachet,254,168,W3,REFERRAL_STOCKOUT
W4,Chocolatos sachet,254,168,W6,REFERRAL_STOCKOUT
W4,Deodoran Rexona 45ml,14,8,W3,REFERRAL_STOCKOUT
W4,Deodoran Rexona 45ml,14,8,W5,REFERRAL_STOCKOUT
W4,Deodoran Rexona sachet,10,7,W2,REFERRAL_STOCKOUT
W4,Deodoran Rexona sachet,10,7,W3,REFERRAL_STOCKOUT
W4,Diapet strip,15,11,W2,REFERRAL_STOCKOUT
W4,Diapet strip,15,11,W5,REFERRAL_STOCKOUT
W4,Diapet strip,15,11,W6,REFERRAL_STOCKOUT
W4,Es krim cup Wall's,34,24,W1,REFERRAL_STOCKOUT
W4,Es krim cup Wall's,34,24,W3,REFERRAL_STOCKOUT
W4,Es krim cup Wall's,34,24,W5,REFERRAL_STOCKOUT
W4,Es krim cup Wall's,34,24,W6,REFERRAL_STOCKOUT
W4,Extra Joss sachet,216,146,W1,REFERRAL_STOCKOUT
W4,Extra Joss sachet,216,146,W2,REFERRAL_STOCKOUT
W4,Extra Joss sachet,216,146,W5,REFERRAL_STOCKOUT
W4,FreshCare 10ml,20,16,W1,REFERRAL_STOCKOUT
W4,FreshCare 10ml,20,16,W2,REFERRAL_STOCKOUT
W4,FreshCare 10ml,20,16,W3,REFERRAL_STOCKOUT
W4,FreshCare 10ml,20,16,W6,REFERRAL_STOCKOUT
W4,Frestea 350ml,278,193,W2,REFERRAL_STOCKOUT
W4,Frestea 350ml,278,193,W6,REFERRAL_STOCKOUT
W4,Gelas plastik,2,2,W2,REFERRAL_STOCKOUT
W4,Gelas plastik,2,2,W3,REFERRAL_STOCKOUT
W4,Gelas plastik,2,2,W6,REFERRAL_STOCKOUT
W4,Gula pasir Gulaku 1kg,1,1,W1,REFERRAL_STOCKOUT
W4,Gula pasir Gulaku 1kg,1,1,W3,REFERRAL_STOCKOUT
W4,Gula pasir Gulaku 1kg,1,1,W6,REFERRAL_STOCKOUT
W4,Gunting Joyko,21,14,W3,REFERRAL_STOCKOUT
W4,Gunting Joyko,21,14,W6,REFERRAL_STOCKOUT
W4,Hansaplast 10 pcs,20,15,W3,REFERRAL_STOCKOUT
W4,Indomie Cup,282,198,W2,REFERRAL_STOCKOUT
W4,Indomie Cup,282,198,W3,REFERRAL_STOCKOUT
W4,Indomie Cup,282,198,W5,REFERRAL_STOCKOUT
W4,Indomie Cup,282,198,W6,REFERRAL_STOCKOUT
W4,Indomilk 190ml,242,163,W3,REFERRAL_STOCKOUT
W4,Indomilk 190ml,242,163,W5,REFERRAL_STOCKOUT
W4,Indomilk 190ml,242,163,W6,REFERRAL_STOCKOUT
W4,Kacang kulit Garuda 100g,292,212,W1,REFERRAL_STOCKOUT
W4,Kacang kulit Garuda 100g,292,212,W3,REFERRAL_STOCKOUT
W4,Kacang kulit Garuda 100g,292,212,W6,REFERRAL_STOCKOUT
W4,Kacang sukro Garuda 80g,316,208,W6,REFERRAL_STOCKOUT
W4,Kecap manis ABC 135ml,4,2,W1,REFERRAL_STOCKOUT
W4,Kecap manis ABC 135ml,4,2,W3,REFERRAL_STOCKOUT
W4,Kecap manis ABC 135ml,4,2,W5,REFERRAL_STOCKOUT
W4,Kecap manis ABC 135ml,4,2,W6,REFERRAL_STOCKOUT
W4,Keripik kentang Chitato 68g,283,192,W1,REFERRAL_STOCKOUT
W4,Keripik kentang Chitato 68g,283,192,W2,REFERRAL_STOCKOUT
W4,Keripik kentang Chitato 68g,283,192,W3,REFERRAL_STOCKOUT
W4,Keripik kentang Chitato 68g,283,192,W5,REFERRAL_STOCKOUT
W4,Keripik kentang Chitato 68g,283,192,W6,REFERRAL_STOCKOUT
W4,Kerupuk 100g,315,201,W5,REFERRAL_STOCKOUT
W4,Khong Guan 200g,198,142,W3,REFERRAL_STOCKOUT
W4,Khong Guan 200g,198,142,W5,REFERRAL_STOCKOUT
W4,Kopi ABC sachet,183,129,W3,REFERRAL_STOCKOUT
W4,Kopi ABC sachet,183,129,W5,REFERRAL_STOCKOUT
W4,Kopi ABC sachet,183,129,W6,REFERRAL_STOCKOUT
W4,Kopi Kapal Api sachet,294,196,W5,REFERRAL_STOCKOUT
W4,Kopi Kapal Api sachet,294,196,W6,REFERRAL_STOCKOUT
W4,Kopi susu Good Day sachet,271,172,W1,REFERRAL_STOCKOUT
W4,Kopi susu Good Day sachet,271,172,W3,REFERRAL_STOCKOUT
W4,Kopi susu Good Day sachet,271,172,W5,REFERRAL_STOCKOUT
W4,Kopiko 78C 240ml,232,157,W1,REFERRAL_STOCKOUT
W4,Kopiko 78C 240ml,232,157,W2,REFERRAL_STOCKOUT
W4,Kopiko 78C 240ml,232,157,W3,REFERRAL_STOCKOUT
W4,Kopiko 78C 240ml,232,157,W5,REFERRAL_STOCKOUT
W4,Kopiko 78C 240ml,232,157,W6,REFERRAL_STOCKOUT
W4,Kratingdaeng 150ml,246,173,W2,REFERRAL_STOCKOUT
W4,Kratingdaeng 150ml,246,173,W3,REFERRAL_STOCKOUT
W4,Kratingdaeng 150ml,246,173,W6,REFERRAL_STOCKOUT
W4,Kuaci Rebo 100g,255,186,W1,REFERRAL_STOCKOUT
W4,Kuaci Rebo 100g,255,186,W6,REFERRAL_STOCKOUT
W4,Kukubima sachet,300,208,W1,REFERRAL_STOCKOUT
W4,Kukubima sachet,300,208,W6,REFERRAL_STOCKOUT
W4,Lap dapur,3,3,W1,REFERRAL_STOCKOUT
W4,Lap dapur,3,3,W2,REFERRAL_STOCKOUT
W4,Lap dapur,3,3,W3,REFERRAL_STOCKOUT
W4,Le Minerale 600ml,296,205,W1,REFERRAL_STOCKOUT
W4,Le Minerale 600ml,296,205,W3,REFERRAL_STOCKOUT
W4,Le Minerale 600ml,296,205,W6,REFERRAL_STOCKOUT
W4,Makaroni 200g,220,160,W1,REFERRAL_STOCKOUT
W4,Makaroni 200g,220,160,W5,REFERRAL_STOCKOUT
W4,Makaroni 200g,220,160,W6,REFERRAL_STOCKOUT
W4,Makaroni pedas 100g,339,224,W1,REFERRAL_STOCKOUT
W4,Makaroni pedas 100g,339,224,W5,REFERRAL_STOCKOUT
W4,Makaroni pedas 100g,339,224,W6,REFERRAL_STOCKOUT
W4,Map,33,23,W3,REFERRAL_STOCKOUT
W4,Map,33,23,W5,REFERRAL_STOCKOUT
W4,Map,33,23,W6,REFERRAL_STOCKOUT
W4,Merica bubuk Ladaku,2,1,W1,REFERRAL_STOCKOUT
W4,Merica bubuk Ladaku,2,1,W3,REFERRAL_STOCKOUT
W4,Merica bubuk Ladaku,2,1,W6,REFERRAL_STOCKOUT
W4,Mi goreng Indomie,1200,797,W1,REFERRAL_STOCKOUT
W4,Mi goreng Indomie,1200,797,W5,REFERRAL_STOCKOUT
W4,Mi goreng Sedaap,254,172,W1,REFERRAL_STOCKOUT
W4,Mi goreng Sedaap,254,172,W3,REFERRAL_STOCKOUT
W4,Mi goreng Sedaap,254,172,W6,REFERRAL_STOCKOUT
W4,Mi jumbo Indomie,257,170,W1,REFERRAL_STOCKOUT
W4,Mi jumbo Indomie,257,170,W2,REFERRAL_STOCKOUT
W4,Mi jumbo Indomie,257,170,W3,REFERRAL_STOCKOUT
W4,Mi jumbo Indomie,257,170,W6,REFERRAL_STOCKOUT
W4,Mi kari ayam Indomie,277,200,W3,REFERRAL_STOCKOUT
W4,Mi kari ayam Indomie,277,200,W5,REFERRAL_STOCKOUT
W4,Mi kari ayam Indomie,277,200,W6,REFERRAL_STOCKOUT
W4,Minyak rambut Gatsby 75g,9,6,W1,REFERRAL_STOCKOUT
W4,Minyak rambut Gatsby 75g,9,6,W5,REFERRAL_STOCKOUT
W4,Minyak rambut Gatsby 75g,9,6,W6,REFERRAL_STOCKOUT
W4,Nescafe 220ml,319,223,W1,REFERRAL_STOCKOUT
W4,Nescafe 220ml,319,223,W6,REFERRAL_STOCKOUT
W4,Nugget Fiesta 250g,11,10,W3,REFERRAL_STOCKOUT
W4,Nugget Fiesta 250g,11,10,W5,REFERRAL_STOCKOUT
W4,Nugget Fiesta 250g,11,10,W6,REFERRAL_STOCKOUT
W4,Oatmeal Quaker 35g,242,170,W1,REFERRAL_STOCKOUT
W4,Oatmeal Quaker 35g,242,170,W3,REFERRAL_STOCKOUT
W4,Oatmeal Quaker 35g,242,170,W6,REFERRAL_STOCKOUT
W4,Oralit sachet,35,24,W1,REFERRAL_STOCKOUT
W4,Oralit sachet,35,24,W3,REFERRAL_STOCKOUT
W4,Oralit sachet,35,24,W5,REFERRAL_STOCKOUT
W4,Oralit sachet,35,24,W6,REFERRAL_STOCKOUT
W4,Pantyliner Laurier,3,2,W1,REFERRAL_STOCKOUT
W4,Pantyliner Laurier,3,2,W2,REFERRAL_STOCKOUT
W4,Pantyliner Laurier,3,2,W3,REFERRAL_STOCKOUT
W4,Penghapus Faber-Castell,7,6,W1,REFERRAL_STOCKOUT
W4,Plastik es,1,1,W3,REFERRAL_STOCKOUT
W4,Plastik es,1,1,W5,REFERRAL_STOCKOUT
W4,Plastik es,1,1,W6,REFERRAL_STOCKOUT
W4,Plastik kresek kecil,2,1,W1,REFERRAL_STOCKOUT
W4,Plastik kresek kecil,2,1,W2,REFERRAL_STOCKOUT
W4,Plastik kresek kecil,2,1,W5,REFERRAL_STOCKOUT
W4,Plastik kresek kecil,2,1,W6,REFERRAL_STOCKOUT
W4,Plastik kresek sedang,1,1,W3,REFERRAL_STOCKOUT
W4,Plastik kresek sedang,1,1,W6,REFERRAL_STOCKOUT
W4,Pocari Sweat 350ml,339,236,W2,REFERRAL_STOCKOUT
W4,Pocari Sweat 350ml,339,236,W3,REFERRAL_STOCKOUT
W4,Pocari Sweat 350ml,339,236,W5,REFERRAL_STOCKOUT
W4,Pulpen Standard AE7,14,11,W1,REFERRAL_STOCKOUT
W4,Pulpen Standard AE7,14,11,W2,REFERRAL_STOCKOUT
W4,Pulpen Standard AE7,14,11,W3,REFERRAL_STOCKOUT
W4,Rautan Joyko,24,19,W1,REFERRAL_STOCKOUT
W4,Rautan Joyko,24,19,W5,REFERRAL_STOCKOUT
W4,Rautan Joyko,24,19,W6,REFERRAL_STOCKOUT
W4,Roma Kelapa 300g,271,183,W2,REFERRAL_STOCKOUT
W4,Roma Kelapa 300g,271,183,W3,REFERRAL_STOCKOUT
W4,Roma Kelapa 300g,271,183,W5,REFERRAL_STOCKOUT
W4,Roma Kelapa 300g,271,183,W6,REFERRAL_STOCKOUT
W4,Sabun batang Lifebuoy,11,8,W3,REFERRAL_STOCKOUT
W4,Sabun batang Lifebuoy,11,8,W5,REFERRAL_STOCKOUT
W4,Sabun batang Lifebuoy,11,8,W6,REFERRAL_STOCKOUT
W4,Sabun batang Lux,21,15,W1,REFERRAL_STOCKOUT
W4,Sabun batang Lux,21,15,W3,REFERRAL_STOCKOUT
W4,Sabun batang Lux,21,15,W5,REFERRAL_STOCKOUT
W4,Sabun batang Lux,21,15,W6,REFERRAL_STOCKOUT
W4,Sabun cair Lifebuoy 250ml,5,3,W3,REFERRAL_STOCKOUT
W4,Sabun cair Lifebuoy 250ml,5,3,W6,REFERRAL_STOCKOUT
W4,Shampoo Clear sachet,16,14,W1,REFERRAL_STOCKOUT
W4,Shampoo Clear sachet,16,14,W2,REFERRAL_STOCKOUT
W4,Shampoo Clear sachet,16,14,W6,REFERRAL_STOCKOUT
W4,Shampoo Sunsilk sachet,20,14,W1,REFERRAL_STOCKOUT
W4,Shampoo Sunsilk sachet,20,14,W2,REFERRAL_STOCKOUT
W4,Shampoo Sunsilk sachet,20,14,W3,REFERRAL_STOCKOUT
W4,Shampoo Sunsilk sachet,20,14,W5,REFERRAL_STOCKOUT
W4,Sikat gigi Formula,6,6,W1,REFERRAL_STOCKOUT
W4,Sikat gigi Formula,6,6,W3,REFERRAL_STOCKOUT
W4,Sikat gigi Formula,6,6,W6,REFERRAL_STOCKOUT
W4,Sosis So Nice,19,14,W1,REFERRAL_STOCKOUT
W4,Sosis So Nice,19,14,W2,REFERRAL_STOCKOUT
W4,Sosis So Nice,19,14,W3,REFERRAL_STOCKOUT
W4,Sosis So Nice,19,14,W6,REFERRAL_STOCKOUT
W4,Teh Sariwangi 25 kantong,150,97,W1,REFERRAL_STOCKOUT
W4,Teh Sariwangi 25 kantong,150,97,W2,REFERRAL_STOCKOUT
W4,Teh Sariwangi 25 kantong,150,97,W3,REFERRAL_STOCKOUT
W4,Teh Tong Tji sachet,212,147,W1,REFERRAL_STOCKOUT
W4,Teh Tong Tji sachet,212,147,W2,REFERRAL_STOCKOUT
W4,Teh Tong Tji sachet,212,147,W3,REFERRAL_STOCKOUT
W4,Teh Tong Tji sachet,212,147,W5,REFERRAL_STOCKOUT
W4,Terasi ABC 20g,1,1,W2,REFERRAL_STOCKOUT
W4,Terasi ABC 20g,1,1,W3,REFERRAL_STOCKOUT
W4,Terasi ABC 20g,1,1,W5,REFERRAL_STOCKOUT
W4,Terasi ABC 20g,1,1,W6,REFERRAL_STOCKOUT
W4,Tisu Nice,1,1,W1,REFERRAL_STOCKOUT
W4,Tisu Nice,1,1,W5,REFERRAL_STOCKOUT
W4,Tisu Nice,1,1,W6,REFERRAL_STOCKOUT
W4,Tisu basah Mitu,1,1,W1,REFERRAL_STOCKOUT
W4,Tisu basah Mitu,1,1,W5,REFERRAL_STOCKOUT
W4,Tisu basah Mitu,1,1,W6,REFERRAL_STOCKOUT
W4,Ultra Milk 250ml,406,278,W2,REFERRAL_STOCKOUT
W4,Ultra Milk 250ml,406,278,W3,REFERRAL_STOCKOUT
W4,Ultra Milk 250ml,406,278,W5,REFERRAL_STOCKOUT
W5,Aluminium foil,3,3,W1,REFERRAL_STOCKOUT
W5,Aluminium foil,3,3,W2,REFERRAL_STOCKOUT
W5,Aluminium foil,3,3,W3,REFERRAL_STOCKOUT
W5,Aluminium foil,3,3,W4,REFERRAL_STOCKOUT
W5,Aluminium foil,3,3,W6,REFERRAL_STOCKOUT
W5,Aqua 1.5L,14,11,W4,REFERRAL_STOCKOUT
W5,Aqua 330ml,29,20,W1,REFERRAL_STOCKOUT
W5,Aqua 330ml,29,20,W3,REFERRAL_STOCKOUT
W5,Attack sachet,3,2,W2,REFERRAL_STOCKOUT
W5,Attack sachet,3,2,W3,REFERRAL_STOCKOUT
W5,Attack sachet,3,2,W6,REFERRAL_STOCKOUT
W5,Bakso 250g,2,1,W4,REFERRAL_STOCKOUT
W5,Bakso 250g,2,1,W6,REFERRAL_STOCKOUT
W5,Body lotion Citra 100ml,1,1,W1,REFERRAL_STOCKOUT
W5,Body lotion Citra 100ml,1,1,W2,REFERRAL_STOCKOUT
W5,Body lotion Citra 100ml,1,1,W3,REFERRAL_STOCKOUT
W5,Body lotion Citra 100ml,1,1,W6,REFERRAL_STOCKOUT
W5,Buavita 250ml,18,11,W2,REFERRAL_STOCKOUT
W5,Buavita 250ml,18,11,W3,REFERRAL_STOCKOUT
W5,Buavita 250ml,18,11,W6,REFERRAL_STOCKOUT
W5,Buku tulis Kiky,2,2,W2,REFERRAL_STOCKOUT
W5,Buku tulis Kiky,2,2,W3,REFERRAL_STOCKOUT
W5,Buku tulis Kiky,2,2,W4,REFERRAL_STOCKOUT
W5,Buku tulis Kiky,2,2,W6,REFERRAL_STOCKOUT
W5,Coca-Cola 390ml,19,15,W1,REFERRAL_STOCKOUT
W5,Correction pen Joyko,2,2,W1,REFERRAL_STOCKOUT
W5,Correction pen Joyko,2,2,W6,REFERRAL_STOCKOUT
W5,Cutter Joyko,2,1,W1,REFERRAL_STOCKOUT
W5,Cutter Joyko,2,1,W3,REFERRAL_STOCKOUT
W5,Cutter Joyko,2,1,W6,REFERRAL_STOCKOUT
W5,Daia sachet,2,1,W1,REFERRAL_STOCKOUT
W5,Daia sachet,2,1,W2,REFERRAL_STOCKOUT
W5,Daia sachet,2,1,W6,REFERRAL_STOCKOUT
W5,Dancow sachet,12,9,W2,REFERRAL_STOCKOUT
W5,Dancow sachet,12,9,W6,REFERRAL_STOCKOUT
W5,Diapet strip,9,6,W2,REFERRAL_STOCKOUT
W5,Diapet strip,9,6,W4,REFERRAL_STOCKOUT
W5,Diapet strip,9,6,W6,REFERRAL_STOCKOUT
W5,Djarum Super 12 batang,3,3,W3,REFERRAL_STOCKOUT
W5,Djarum Super 12 batang,3,3,W4,REFERRAL_STOCKOUT
W5,Djarum Super 12 batang,3,3,W6,REFERRAL_STOCKOUT
W5,Djarum Super 16 batang,33,27,W1,REFERRAL_STOCKOUT
W5,Djarum Super 16 batang,33,27,W3,REFERRAL_STOCKOUT
W5,Djarum Super 16 batang,33,27,W6,REFERRAL_STOCKOUT
W5,Downy sachet,14,9,W1,REFERRAL_STOCKOUT
W5,Downy sachet,14,9,W6,REFERRAL_STOCKOUT
W5,Es krim cup Wall's,5,4,W1,REFERRAL_STOCKOUT
W5,Es krim cup Wall's,5,4,W3,REFERRAL_STOCKOUT
W5,Es krim cup Wall's,5,4,W4,REFERRAL_STOCKOUT
W5,Es krim cup Wall's,5,4,W6,REFERRAL_STOCKOUT
W5,Esse 16 batang,28,23,W2,REFERRAL_STOCKOUT
W5,Esse 16 batang,28,23,W3,REFERRAL_STOCKOUT
W5,Esse 16 batang,28,23,W4,REFERRAL_STOCKOUT
W5,Esse 16 batang,28,23,W6,REFERRAL_STOCKOUT
W5,Extra Joss sachet,13,9,W1,REFERRAL_STOCKOUT
W5,Extra Joss sachet,13,9,W2,REFERRAL_STOCKOUT
W5,Extra Joss sachet,13,9,W4,REFERRAL_STOCKOUT
W5,Good Day 250ml,22,17,W1,REFERRAL_STOCKOUT
W5,Good Day 250ml,22,17,W3,REFERRAL_STOCKOUT
W5,Good Day 250ml,22,17,W6,REFERRAL_STOCKOUT
W5,Gudang Garam Filter 12 batang,25,22,W2,REFERRAL_STOCKOUT
W5,Indomilk 190ml,20,13,W3,REFERRAL_STOCKOUT
W5,Indomilk 190ml,20,13,W4,REFERRAL_STOCKOUT
W5,Indomilk 190ml,20,13,W6,REFERRAL_STOCKOUT
W5,Isolasi,1,1,W3,REFERRAL_STOCKOUT
W5,Isolasi,1,1,W4,REFERRAL_STOCKOUT
W5,Isolasi,1,1,W6,REFERRAL_STOCKOUT
W5,Kaldu bubuk Royco 100g,5,4,W1,REFERRAL_STOCKOUT
W5,Kaldu bubuk Royco 100g,5,4,W2,REFERRAL_STOCKOUT
W5,Kaldu bubuk Royco 100g,5,4,W3,REFERRAL_STOCKOUT
W5,Kaldu bubuk Royco 100g,5,4,W6,REFERRAL_STOCKOUT
W5,Kecap manis ABC 135ml,2,1,W1,REFERRAL_STOCKOUT
W5,Kecap manis ABC 135ml,2,1,W3,REFERRAL_STOCKOUT
W5,Kecap manis ABC 135ml,2,1,W4,REFERRAL_STOCKOUT
W5,Kecap manis ABC 135ml,2,1,W6,REFERRAL_STOCKOUT
W5,Kerupuk 100g,3,2,W4,REFERRAL_STOCKOUT
W5,Kopi ABC sachet,26,20,W3,REFERRAL_STOCKOUT
W5,Kopi ABC sachet,26,20,W4,REFERRAL_STOCKOUT
W5,Kopi ABC sachet,26,20,W6,REFERRAL_STOCKOUT
W5,Kopi Kapal Api sachet,77,55,W4,REFERRAL_STOCKOUT
W5,Kopi Kapal Api sachet,77,55,W6,REFERRAL_STOCKOUT
W5,Kopi susu Good Day sachet,40,28,W1,REFERRAL_STOCKOUT
W5,Kopi susu Good Day sachet,40,28,W3,REFERRAL_STOCKOUT
W5,Kopi susu Good Day sachet,40,28,W4,REFERRAL_STOCKOUT
W5,Kopi susu Torabika sachet,31,27,W2,REFERRAL_STOCKOUT
W5,Kopi susu Torabika sachet,31,27,W3,REFERRAL_STOCKOUT
W5,Kopiko 78C 240ml,1,1,W1,REFERRAL_STOCKOUT
W5,Kopiko 78C 240ml,1,1,W2,REFERRAL_STOCKOUT
W5,Kopiko 78C 240ml,1,1,W3,REFERRAL_STOCKOUT
W5,Kopiko 78C 240ml,1,1,W4,REFERRAL_STOCKOUT
W5,Kopiko 78C 240ml,1,1,W6,REFERRAL_STOCKOUT
W5,Korek gas,21,17,W2,REFERRAL_STOCKOUT
W5,Korek gas,21,17,W3,REFERRAL_STOCKOUT
W5,Korek gas,21,17,W4,REFERRAL_STOCKOUT
W5,Korek gas,21,17,W6,REFERRAL_STOCKOUT
W5,Korek kayu,30,27,W1,REFERRAL_STOCKOUT
W5,Korek kayu,30,27,W4,REFERRAL_STOCKOUT
W5,Korek kayu,30,27,W6,REFERRAL_STOCKOUT
W5,LPG 3kg,5,5,W2,REFERRAL_STOCKOUT
W5,LPG 3kg,5,5,W3,REFERRAL_STOCKOUT
W5,LPG 3kg,5,5,W6,REFERRAL_STOCKOUT
W5,Lem Alteco,2,2,W3,REFERRAL_STOCKOUT
W5,Lem Alteco,2,2,W6,REFERRAL_STOCKOUT
W5,Makaroni 200g,1,1,W1,REFERRAL_STOCKOUT
W5,Makaroni 200g,1,1,W4,REFERRAL_STOCKOUT
W5,Makaroni 200g,1,1,W6,REFERRAL_STOCKOUT
W5,Map,4,4,W3,REFERRAL_STOCKOUT
W5,Map,4,4,W4,REFERRAL_STOCKOUT
W5,Map,4,4,W6,REFERRAL_STOCKOUT
W5,Masker,12,12,W3,REFERRAL_STOCKOUT
W5,Minyak kayu putih Cap Lang 30ml (Obat),7,5,W1,REFERRAL_STOCKOUT
W5,Minyak kayu putih Cap Lang 30ml (Obat),7,5,W2,REFERRAL_STOCKOUT
W5,Minyak kayu putih Cap Lang 30ml (Obat),7,5,W3,REFERRAL_STOCKOUT
W5,Minyak kayu putih Cap Lang 30ml (Obat),7,5,W6,REFERRAL_STOCKOUT
W5,Minyak telon My Baby 60ml,1,1,W3,REFERRAL_STOCKOUT
W5,Minyak telon My Baby 60ml,1,1,W4,REFERRAL_STOCKOUT
W5,Minyak telon My Baby 60ml,1,1,W6,REFERRAL_STOCKOUT
W5,Nutrisari sachet,53,35,W1,REFERRAL_STOCKOUT
W5,Nutrisari sachet,53,35,W2,REFERRAL_STOCKOUT
W5,Nutrisari sachet,53,35,W3,REFERRAL_STOCKOUT
W5,Nutrisari sachet,53,35,W6,REFERRAL_STOCKOUT
W5,Oli motor 0.8L,6,6,W1,REFERRAL_STOCKOUT
W5,Oli motor 0.8L,6,6,W2,REFERRAL_STOCKOUT
W5,Oli motor 0.8L,6,6,W3,REFERRAL_STOCKOUT
W5,Oli motor 0.8L,6,6,W4,REFERRAL_STOCKOUT
W5,Oli motor 0.8L,6,6,W6,REFERRAL_STOCKOUT
W5,Oralit sachet,8,8,W1,REFERRAL_STOCKOUT
W5,Oralit sachet,8,8,W3,REFERRAL_STOCKOUT
W5,Oralit sachet,8,8,W4,REFERRAL_STOCKOUT
W5,Oralit sachet,8,8,W6,REFERRAL_STOCKOUT
W5,Paracetamol Sanmol strip,6,6,W2,REFERRAL_STOCKOUT
W5,Paracetamol strip,3,3,W1,REFERRAL_STOCKOUT
W5,Pembalut Charm,1,1,W2,REFERRAL_STOCKOUT
W5,Pembalut Charm,1,1,W3,REFERRAL_STOCKOUT
W5,Pembalut Charm,1,1,W4,REFERRAL_STOCKOUT
W5,Pembalut Charm,1,1,W6,REFERRAL_STOCKOUT
W5,Penggaris Butterfly 30cm,2,2,W1,REFERRAL_STOCKOUT
W5,Penggaris Butterfly 30cm,2,2,W3,REFERRAL_STOCKOUT
W5,Penggaris Butterfly 30cm,2,2,W6,REFERRAL_STOCKOUT
W5,Pengharum mobil,1,1,W1,REFERRAL_STOCKOUT
W5,Pengharum mobil,1,1,W3,REFERRAL_STOCKOUT
W5,Pengharum mobil,1,1,W4,REFERRAL_STOCKOUT
W5,Pengharum mobil,1,1,W6,REFERRAL_STOCKOUT
W5,Pensil Faber-Castell,1,1,W3,REFERRAL_STOCKOUT
W5,Pensil Faber-Castell,1,1,W6,REFERRAL_STOCKOUT
W5,Permen karet Big Babol,1,1,W1,REFERRAL_STOCKOUT
W5,Permen karet Big Babol,1,1,W2,REFERRAL_STOCKOUT
W5,Permen karet Big Babol,1,1,W3,REFERRAL_STOCKOUT
W5,Permen karet Big Babol,1,1,W6,REFERRAL_STOCKOUT
W5,Plastic wrap,2,2,W2,REFERRAL_STOCKOUT
W5,Plastik es,1,1,W3,REFERRAL_STOCKOUT
W5,Plastik es,1,1,W4,REFERRAL_STOCKOUT
W5,Plastik es,1,1,W6,REFERRAL_STOCKOUT
W5,Plastik kresek kecil,2,2,W1,REFERRAL_STOCKOUT
W5,Plastik kresek kecil,2,2,W2,REFERRAL_STOCKOUT
W5,Plastik kresek kecil,2,2,W4,REFERRAL_STOCKOUT
W5,Plastik kresek kecil,2,2,W6,REFERRAL_STOCKOUT
W5,Pocari Sweat 350ml,29,19,W2,REFERRAL_STOCKOUT
W5,Pocari Sweat 350ml,29,19,W3,REFERRAL_STOCKOUT
W5,Pocari Sweat 350ml,29,19,W4,REFERRAL_STOCKOUT
W5,Promag strip,5,3,W1,REFERRAL_STOCKOUT
W5,Promag strip,5,3,W3,REFERRAL_STOCKOUT
W5,Promag strip,5,3,W6,REFERRAL_STOCKOUT
W5,Pulpen Pilot,1,1,W2,REFERRAL_STOCKOUT
W5,Rautan Joyko,2,2,W1,REFERRAL_STOCKOUT
W5,Rautan Joyko,2,2,W4,REFERRAL_STOCKOUT
W5,Rautan Joyko,2,2,W6,REFERRAL_STOCKOUT
W5,Roma Kelapa 300g,3,2,W2,REFERRAL_STOCKOUT
W5,Roma Kelapa 300g,3,2,W3,REFERRAL_STOCKOUT
W5,Roma Kelapa 300g,3,2,W4,REFERRAL_STOCKOUT
W5,Roma Kelapa 300g,3,2,W6,REFERRAL_STOCKOUT
W5,Sampoerna A 16 batang,14,11,W1,REFERRAL_STOCKOUT
W5,Sampoerna A 16 batang,14,11,W2,REFERRAL_STOCKOUT
W5,Sampoerna A 16 batang,14,11,W3,REFERRAL_STOCKOUT
W5,Saus tomat ABC 135ml,1,1,W2,REFERRAL_STOCKOUT
W5,Saus tomat ABC 135ml,1,1,W3,REFERRAL_STOCKOUT
W5,Saus tomat ABC 135ml,1,1,W4,REFERRAL_STOCKOUT
W5,Sedotan,5,4,W1,REFERRAL_STOCKOUT
W5,Sedotan,5,4,W3,REFERRAL_STOCKOUT
W5,Sedotan,5,4,W6,REFERRAL_STOCKOUT
W5,Sendok plastik,1,1,W1,REFERRAL_STOCKOUT
W5,Sendok plastik,1,1,W2,REFERRAL_STOCKOUT
W5,Sendok plastik,1,1,W3,REFERRAL_STOCKOUT
W5,Shampoo H&S sachet,9,6,W1,REFERRAL_STOCKOUT
W5,Shampoo H&S sachet,9,6,W2,REFERRAL_STOCKOUT
W5,Shampoo Pantene sachet,2,1,W1,REFERRAL_STOCKOUT
W5,Shampoo Pantene sachet,2,1,W3,REFERRAL_STOCKOUT
W5,Shampoo Pantene sachet,2,1,W6,REFERRAL_STOCKOUT
W5,Shampoo Sunsilk sachet,2,1,W1,REFERRAL_STOCKOUT
W5,Shampoo Sunsilk sachet,2,1,W2,REFERRAL_STOCKOUT
W5,Shampoo Sunsilk sachet,2,1,W3,REFERRAL_STOCKOUT
W5,Shampoo Sunsilk sachet,2,1,W4,REFERRAL_STOCKOUT
W5,Sprite 390ml,23,18,W2,REFERRAL_STOCKOUT
W5,Sprite 390ml,23,18,W3,REFERRAL_STOCKOUT
W5,Sprite 390ml,23,18,W6,REFERRAL_STOCKOUT
W5,Sunlight 400ml,1,1,W1,REFERRAL_STOCKOUT
W5,Sunlight 400ml,1,1,W2,REFERRAL_STOCKOUT
W5,Sunlight 400ml,1,1,W3,REFERRAL_STOCKOUT
W5,Super Pell 450ml,5,4,W3,REFERRAL_STOCKOUT
W5,Super Pell 450ml,5,4,W4,REFERRAL_STOCKOUT
W5,Super Pell 450ml,5,4,W6,REFERRAL_STOCKOUT
W5,Surya 16 batang,22,19,W3,REFERRAL_STOCKOUT
W5,Teh Botol Sosro 350ml,9,6,W2,REFERRAL_STOCKOUT
W5,Teh Botol Sosro 350ml,9,6,W3,REFERRAL_STOCKOUT
W5,Teh Pucuk 350ml,15,9,W1,REFERRAL_STOCKOUT
W5,Teh Pucuk 350ml,15,9,W2,REFERRAL_STOCKOUT
W5,Teh Pucuk 350ml,15,9,W3,REFERRAL_STOCKOUT
W5,Teh Tong Tji sachet,19,16,W1,REFERRAL_STOCKOUT
W5,Teh Tong Tji sachet,19,16,W2,REFERRAL_STOCKOUT
W5,Teh Tong Tji sachet,19,16,W3,REFERRAL_STOCKOUT
W5,Teh Tong Tji sachet,19,16,W4,REFERRAL_STOCKOUT
W5,Terasi ABC 20g,5,4,W2,REFERRAL_STOCKOUT
W5,Terasi ABC 20g,5,4,W3,REFERRAL_STOCKOUT
W5,Terasi ABC 20g,5,4,W4,REFERRAL_STOCKOUT
W5,Terasi ABC 20g,5,4,W6,REFERRAL_STOCKOUT
W5,Tisu Nice,4,2,W1,REFERRAL_STOCKOUT
W5,Tisu Nice,4,2,W4,REFERRAL_STOCKOUT
W5,Tisu Nice,4,2,W6,REFERRAL_STOCKOUT
W5,Tisu basah Mitu,6,4,W1,REFERRAL_STOCKOUT
W5,Tisu basah Mitu,6,4,W4,REFERRAL_STOCKOUT
W5,Tisu basah Mitu,6,4,W6,REFERRAL_STOCKOUT
W5,Tusuk sate,3,3,W2,REFERRAL_STOCKOUT
W5,Tusuk sate,3,3,W3,REFERRAL_STOCKOUT
W5,Tusuk sate,3,3,W6,REFERRAL_STOCKOUT
W5,Ultra Milk 250ml,32,22,W2,REFERRAL_STOCKOUT
W5,Ultra Milk 250ml,32,22,W3,REFERRAL_STOCKOUT
W5,Ultra Milk 250ml,32,22,W4,REFERRAL_STOCKOUT
W5,Vitamin C CDR,21,13,W1,REFERRAL_STOCKOUT
W5,Vitamin C CDR,21,13,W6,REFERRAL_STOCKOUT
W6,Aluminium foil,2,2,W1,REFERRAL_STOCKOUT
W6,Aluminium foil,2,2,W2,REFERRAL_STOCKOUT
W6,Aluminium foil,2,2,W3,REFERRAL_STOCKOUT
W6,Aluminium foil,2,2,W4,REFERRAL_STOCKOUT
W6,Aluminium foil,2,2,W5,REFERRAL_STOCKOUT
W6,Attack sachet,5,4,W2,REFERRAL_STOCKOUT
W6,Attack sachet,5,4,W3,REFERRAL_STOCKOUT
W6,Attack sachet,5,4,W5,REFERRAL_STOCKOUT
W6,Baby powder My Baby 50g,2,1,W2,REFERRAL_STOCKOUT
W6,Baby powder My Baby 50g,2,1,W4,REFERRAL_STOCKOUT
W6,Baby powder My Baby 50g,2,1,W5,REFERRAL_STOCKOUT
W6,Bakso 250g,3,2,W4,REFERRAL_STOCKOUT
W6,Bakso 250g,3,2,W5,REFERRAL_STOCKOUT
W6,Balsem Geliga 20g,5,3,W1,REFERRAL_STOCKOUT
W6,Balsem Geliga 20g,5,3,W2,REFERRAL_STOCKOUT
W6,Balsem Geliga 20g,5,3,W3,REFERRAL_STOCKOUT
W6,Balsem Geliga 20g,5,3,W4,REFERRAL_STOCKOUT
W6,Bayclin 500ml,1,1,W1,REFERRAL_STOCKOUT
W6,Bayclin 500ml,1,1,W4,REFERRAL_STOCKOUT
W6,Bayclin 500ml,1,1,W5,REFERRAL_STOCKOUT
W6,Body lotion Citra 100ml,2,2,W1,REFERRAL_STOCKOUT
W6,Body lotion Citra 100ml,2,2,W2,REFERRAL_STOCKOUT
W6,Body lotion Citra 100ml,2,2,W3,REFERRAL_STOCKOUT
W6,Body lotion Citra 100ml,2,2,W5,REFERRAL_STOCKOUT
W6,Cappuccino Good Day sachet,2,1,W1,REFERRAL_STOCKOUT
W6,Chocolatos sachet,9,5,W2,REFERRAL_STOCKOUT
W6,Chocolatos sachet,9,5,W3,REFERRAL_STOCKOUT
W6,Chocolatos sachet,9,5,W4,REFERRAL_STOCKOUT
W6,Cotton bud Selection,4,4,W3,REFERRAL_STOCKOUT
W6,Cuka 100ml,3,2,W1,REFERRAL_STOCKOUT
W6,Cuka 100ml,3,2,W2,REFERRAL_STOCKOUT
W6,Cuka 100ml,3,2,W4,REFERRAL_STOCKOUT
W6,Cuka 100ml,3,2,W5,REFERRAL_STOCKOUT
W6,Cutter Joyko,1,1,W1,REFERRAL_STOCKOUT
W6,Cutter Joyko,1,1,W3,REFERRAL_STOCKOUT
W6,Cutter Joyko,1,1,W5,REFERRAL_STOCKOUT
W6,Daia sachet,7,5,W1,REFERRAL_STOCKOUT
W6,Daia sachet,7,5,W2,REFERRAL_STOCKOUT
W6,Daia sachet,7,5,W5,REFERRAL_STOCKOUT
W6,Dancow sachet,3,1,W2,REFERRAL_STOCKOUT
W6,Dancow sachet,3,1,W5,REFERRAL_STOCKOUT
W6,Downy sachet,6,6,W1,REFERRAL_STOCKOUT
W6,Downy sachet,6,6,W5,REFERRAL_STOCKOUT
W6,Es krim cup Wall's,1,1,W1,REFERRAL_STOCKOUT
W6,Es krim cup Wall's,1,1,W3,REFERRAL_STOCKOUT
W6,Es krim cup Wall's,1,1,W4,REFERRAL_STOCKOUT
W6,Es krim cup Wall's,1,1,W5,REFERRAL_STOCKOUT
W6,Extra Joss,7,6,W1,REFERRAL_STOCKOUT
W6,Extra Joss,7,6,W2,REFERRAL_STOCKOUT
W6,Frestea 350ml,12,6,W2,REFERRAL_STOCKOUT
W6,Frestea 350ml,12,6,W4,REFERRAL_STOCKOUT
W6,Garam Dolphin 500g,24,18,W1,REFERRAL_STOCKOUT
W6,Garam Dolphin 500g,24,18,W2,REFERRAL_STOCKOUT
W6,Garam Dolphin 500g,24,18,W5,REFERRAL_STOCKOUT
W6,Garam Refina 500g,8,6,W1,REFERRAL_STOCKOUT
W6,Garam Refina 500g,8,6,W3,REFERRAL_STOCKOUT
W6,Garam Refina 500g,8,6,W4,REFERRAL_STOCKOUT
W6,Gelas plastik,3,3,W2,REFERRAL_STOCKOUT
W6,Gelas plastik,3,3,W3,REFERRAL_STOCKOUT
W6,Gelas plastik,3,3,W4,REFERRAL_STOCKOUT
W6,Good Day 250ml,17,10,W1,REFERRAL_STOCKOUT
W6,Good Day 250ml,17,10,W3,REFERRAL_STOCKOUT
W6,Good Day 250ml,17,10,W5,REFERRAL_STOCKOUT
W6,Gudang Garam 16 batang,1,1,W1,REFERRAL_STOCKOUT
W6,Gudang Garam 16 batang,1,1,W2,REFERRAL_STOCKOUT
W6,Gudang Garam 16 batang,1,1,W4,REFERRAL_STOCKOUT
W6,Gula pasir Gulaku 1kg,1,1,W1,REFERRAL_STOCKOUT
W6,Gula pasir Gulaku 1kg,1,1,W3,REFERRAL_STOCKOUT
W6,Gula pasir Gulaku 1kg,1,1,W4,REFERRAL_STOCKOUT
W6,Gula pasir Rose Brand 1kg,3,2,W2,REFERRAL_STOCKOUT
W6,Gula pasir Rose Brand 1kg,3,2,W5,REFERRAL_STOCKOUT
W6,Indomilk 190ml,7,5,W3,REFERRAL_STOCKOUT
W6,Indomilk 190ml,7,5,W4,REFERRAL_STOCKOUT
W6,Indomilk 190ml,7,5,W5,REFERRAL_STOCKOUT
W6,Kaldu bubuk Royco 100g,14,9,W1,REFERRAL_STOCKOUT
W6,Kaldu bubuk Royco 100g,14,9,W2,REFERRAL_STOCKOUT
W6,Kaldu bubuk Royco 100g,14,9,W3,REFERRAL_STOCKOUT
W6,Kaldu bubuk Royco 100g,14,9,W5,REFERRAL_STOCKOUT
W6,Kapas Selection,4,4,W2,REFERRAL_STOCKOUT
W6,Kapas Selection,4,4,W3,REFERRAL_STOCKOUT
W6,Karbol 500ml,1,1,W1,REFERRAL_STOCKOUT
W6,Karbol 500ml,1,1,W3,REFERRAL_STOCKOUT
W6,Karbol 500ml,1,1,W5,REFERRAL_STOCKOUT
W6,Kecap manis ABC 135ml,9,7,W1,REFERRAL_STOCKOUT
W6,Kecap manis ABC 135ml,9,7,W3,REFERRAL_STOCKOUT
W6,Kecap manis ABC 135ml,9,7,W4,REFERRAL_STOCKOUT
W6,Kecap manis ABC 135ml,9,7,W5,REFERRAL_STOCKOUT
W6,Kecap manis Sedap 135ml,12,9,W3,REFERRAL_STOCKOUT
W6,Kecap manis Sedap 135ml,12,9,W4,REFERRAL_STOCKOUT
W6,Kecap manis Sedap 135ml,12,9,W5,REFERRAL_STOCKOUT
W6,Kopi ABC sachet,4,3,W3,REFERRAL_STOCKOUT
W6,Kopi ABC sachet,4,3,W4,REFERRAL_STOCKOUT
W6,Kopi ABC sachet,4,3,W5,REFERRAL_STOCKOUT
W6,Kopi Torabika sachet,2,2,W1,REFERRAL_STOCKOUT
W6,Kopi Torabika sachet,2,2,W3,REFERRAL_STOCKOUT
W6,Kratingdaeng 150ml,13,9,W2,REFERRAL_STOCKOUT
W6,Kratingdaeng 150ml,13,9,W3,REFERRAL_STOCKOUT
W6,Kratingdaeng 150ml,13,9,W4,REFERRAL_STOCKOUT
W6,Kukubima sachet,18,11,W1,REFERRAL_STOCKOUT
W6,Kukubima sachet,18,11,W4,REFERRAL_STOCKOUT
W6,Merica bubuk Ladaku,17,13,W1,REFERRAL_STOCKOUT
W6,Merica bubuk Ladaku,17,13,W3,REFERRAL_STOCKOUT
W6,Merica bubuk Ladaku,17,13,W4,REFERRAL_STOCKOUT
W6,Minyak goreng Bimoli 1L,3,3,W1,REFERRAL_STOCKOUT
W6,Minyak goreng Bimoli 1L,3,3,W2,REFERRAL_STOCKOUT
W6,Minyak goreng Bimoli 1L,3,3,W3,REFERRAL_STOCKOUT
W6,Minyak goreng Bimoli 1L,3,3,W5,REFERRAL_STOCKOUT
W6,Minyak goreng Fortune 1L,11,10,W2,REFERRAL_STOCKOUT
W6,Minyak goreng Fortune 1L,11,10,W3,REFERRAL_STOCKOUT
W6,Minyak goreng Fortune 1L,11,10,W4,REFERRAL_STOCKOUT
W6,Minyak goreng Sania 1L,1,1,W1,REFERRAL_STOCKOUT
W6,Minyak goreng Sania 1L,1,1,W5,REFERRAL_STOCKOUT
W6,Minyak kayu putih Cap Lang 30ml (Bayi),4,3,W1,REFERRAL_STOCKOUT
W6,Minyak kayu putih Cap Lang 30ml (Bayi),4,3,W2,REFERRAL_STOCKOUT
W6,Minyak kayu putih Cap Lang 30ml (Bayi),4,3,W3,REFERRAL_STOCKOUT
W6,Minyak kayu putih Cap Lang 30ml (Bayi),4,3,W5,REFERRAL_STOCKOUT
W6,Minyak kayu putih Cap Lang 30ml (Obat),4,2,W1,REFERRAL_STOCKOUT
W6,Minyak kayu putih Cap Lang 30ml (Obat),4,2,W2,REFERRAL_STOCKOUT
W6,Minyak kayu putih Cap Lang 30ml (Obat),4,2,W3,REFERRAL_STOCKOUT
W6,Minyak kayu putih Cap Lang 30ml (Obat),4,2,W5,REFERRAL_STOCKOUT
W6,Minyak telon My Baby 60ml,4,3,W3,REFERRAL_STOCKOUT
W6,Minyak telon My Baby 60ml,4,3,W4,REFERRAL_STOCKOUT
W6,Minyak telon My Baby 60ml,4,3,W5,REFERRAL_STOCKOUT
W6,Molto sachet,6,4,W2,REFERRAL_STOCKOUT
W6,Nescafe 220ml,5,5,W1,REFERRAL_STOCKOUT
W6,Nescafe 220ml,5,5,W4,REFERRAL_STOCKOUT
W6,Nugget Fiesta 250g,1,1,W3,REFERRAL_STOCKOUT
W6,Nugget Fiesta 250g,1,1,W4,REFERRAL_STOCKOUT
W6,Nugget Fiesta 250g,1,1,W5,REFERRAL_STOCKOUT
W6,Nutrisari sachet,1,1,W1,REFERRAL_STOCKOUT
W6,Nutrisari sachet,1,1,W2,REFERRAL_STOCKOUT
W6,Nutrisari sachet,1,1,W3,REFERRAL_STOCKOUT
W6,Nutrisari sachet,1,1,W5,REFERRAL_STOCKOUT
W6,Oralit sachet,1,1,W1,REFERRAL_STOCKOUT
W6,Oralit sachet,1,1,W3,REFERRAL_STOCKOUT
W6,Oralit sachet,1,1,W4,REFERRAL_STOCKOUT
W6,Oralit sachet,1,1,W5,REFERRAL_STOCKOUT
W6,Pasta gigi Close Up 65g,10,7,W1,REFERRAL_STOCKOUT
W6,Pasta gigi Close Up 65g,10,7,W2,REFERRAL_STOCKOUT
W6,Pasta gigi Close Up 65g,10,7,W3,REFERRAL_STOCKOUT
W6,Pembalut Charm,5,3,W2,REFERRAL_STOCKOUT
W6,Pembalut Charm,5,3,W3,REFERRAL_STOCKOUT
W6,Pembalut Charm,5,3,W4,REFERRAL_STOCKOUT
W6,Pembalut Charm,5,3,W5,REFERRAL_STOCKOUT
W6,Pembalut Softex,4,3,W2,REFERRAL_STOCKOUT
W6,Pembalut Softex,4,3,W3,REFERRAL_STOCKOUT
W6,Pembalut Softex,4,3,W5,REFERRAL_STOCKOUT
W6,Penggaris Butterfly 30cm,1,1,W1,REFERRAL_STOCKOUT
W6,Penggaris Butterfly 30cm,1,1,W3,REFERRAL_STOCKOUT
W6,Penggaris Butterfly 30cm,1,1,W5,REFERRAL_STOCKOUT
W6,Pensil Faber-Castell,1,1,W3,REFERRAL_STOCKOUT
W6,Pensil Faber-Castell,1,1,W5,REFERRAL_STOCKOUT
W6,Penyedap Masako,18,12,W1,REFERRAL_STOCKOUT
W6,Penyedap Masako,18,12,W3,REFERRAL_STOCKOUT
W6,Penyedap Royco,8,8,W1,REFERRAL_STOCKOUT
W6,Penyedap Royco,8,8,W2,REFERRAL_STOCKOUT
W6,Penyedap Royco,8,8,W3,REFERRAL_STOCKOUT
W6,Plastik es,2,2,W3,REFERRAL_STOCKOUT
W6,Plastik es,2,2,W4,REFERRAL_STOCKOUT
W6,Plastik es,2,2,W5,REFERRAL_STOCKOUT
W6,Plastik kiloan,6,4,W3,REFERRAL_STOCKOUT
W6,Plastik klip,2,2,W1,REFERRAL_STOCKOUT
W6,Plastik klip,2,2,W5,REFERRAL_STOCKOUT
W6,Plastik kresek sedang,2,2,W3,REFERRAL_STOCKOUT
W6,Plastik kresek sedang,2,2,W4,REFERRAL_STOCKOUT
W6,Pocari Sweat 500ml,4,3,W1,REFERRAL_STOCKOUT
W6,Pocari Sweat 500ml,4,3,W3,REFERRAL_STOCKOUT
W6,Pomade Gatsby 80g,2,1,W2,REFERRAL_STOCKOUT
W6,Pomade Gatsby 80g,2,1,W3,REFERRAL_STOCKOUT
W6,Pomade Gatsby 80g,2,1,W5,REFERRAL_STOCKOUT
W6,Promag strip,1,1,W1,REFERRAL_STOCKOUT
W6,Promag strip,1,1,W3,REFERRAL_STOCKOUT
W6,Promag strip,1,1,W5,REFERRAL_STOCKOUT
W6,Rautan Joyko,1,1,W1,REFERRAL_STOCKOUT
W6,Rautan Joyko,1,1,W4,REFERRAL_STOCKOUT
W6,Rautan Joyko,1,1,W5,REFERRAL_STOCKOUT
W6,Rinso 800g,4,3,W1,REFERRAL_STOCKOUT
W6,Rinso 800g,4,3,W3,REFERRAL_STOCKOUT
W6,Rinso 800g,4,3,W4,REFERRAL_STOCKOUT
W6,Sabun batang Lifebuoy,1,1,W3,REFERRAL_STOCKOUT
W6,Sabun batang Lifebuoy,1,1,W4,REFERRAL_STOCKOUT
W6,Sabun batang Lifebuoy,1,1,W5,REFERRAL_STOCKOUT
W6,Sabun batang Lux,2,2,W1,REFERRAL_STOCKOUT
W6,Sabun batang Lux,2,2,W3,REFERRAL_STOCKOUT
W6,Sabun batang Lux,2,2,W4,REFERRAL_STOCKOUT
W6,Sabun batang Lux,2,2,W5,REFERRAL_STOCKOUT
W6,Sabun batang Nuvo,1,1,W1,REFERRAL_STOCKOUT
W6,Sabun cair Lifebuoy 250ml,2,1,W3,REFERRAL_STOCKOUT
W6,Sabun cair Lifebuoy 250ml,2,1,W4,REFERRAL_STOCKOUT
W6,Salonpas 10 pcs,2,2,W1,REFERRAL_STOCKOUT
W6,Salonpas 10 pcs,2,2,W2,REFERRAL_STOCKOUT
W6,Salonpas 10 pcs,2,2,W3,REFERRAL_STOCKOUT
W6,Santan Kara 65ml,15,12,W5,REFERRAL_STOCKOUT
W6,Saus sambal ABC 135ml,18,13,W1,REFERRAL_STOCKOUT
W6,Saus sambal ABC 135ml,18,13,W4,REFERRAL_STOCKOUT
W6,Saus sambal sachet ABC,9,6,W1,REFERRAL_STOCKOUT
W6,Saus sambal sachet ABC,9,6,W2,REFERRAL_STOCKOUT
W6,Saus tiram Saori 133ml,17,14,W3,REFERRAL_STOCKOUT
W6,Saus tiram Saori 133ml,17,14,W5,REFERRAL_STOCKOUT
W6,Sedotan,5,3,W1,REFERRAL_STOCKOUT
W6,Sedotan,5,3,W3,REFERRAL_STOCKOUT
W6,Sedotan,5,3,W5,REFERRAL_STOCKOUT
W6,Selang gas,1,1,W1,REFERRAL_STOCKOUT
W6,Selang gas,1,1,W3,REFERRAL_STOCKOUT
W6,Selang gas,1,1,W4,REFERRAL_STOCKOUT
W6,Shampoo Clear sachet,2,2,W1,REFERRAL_STOCKOUT
W6,Shampoo Clear sachet,2,2,W2,REFERRAL_STOCKOUT
W6,Shampoo Clear sachet,2,2,W4,REFERRAL_STOCKOUT
W6,Shampoo Pantene sachet,3,2,W1,REFERRAL_STOCKOUT
W6,Shampoo Pantene sachet,3,2,W3,REFERRAL_STOCKOUT
W6,Shampoo Pantene sachet,3,2,W5,REFERRAL_STOCKOUT
W6,Sikat,9,5,W1,REFERRAL_STOCKOUT
W6,Sikat,9,5,W2,REFERRAL_STOCKOUT
W6,Sikat,9,5,W3,REFERRAL_STOCKOUT
W6,Sikat,9,5,W4,REFERRAL_STOCKOUT
W6,Sikat gigi Formula,3,2,W1,REFERRAL_STOCKOUT
W6,Sikat gigi Formula,3,2,W3,REFERRAL_STOCKOUT
W6,Sikat gigi Formula,3,2,W4,REFERRAL_STOCKOUT
W6,Soklin sachet,18,12,W3,REFERRAL_STOCKOUT
W6,Soklin sachet,18,12,W4,REFERRAL_STOCKOUT
W6,Spons (kebersihan),20,13,W2,REFERRAL_STOCKOUT
W6,Spons (kebersihan),20,13,W3,REFERRAL_STOCKOUT
W6,Spons (kebersihan),20,13,W4,REFERRAL_STOCKOUT
W6,Spons cuci piring,7,6,W1,REFERRAL_STOCKOUT
W6,Stabilo,1,1,W1,REFERRAL_STOCKOUT
W6,Sunlight sachet,7,6,W3,REFERRAL_STOCKOUT
W6,Sunlight sachet,7,6,W4,REFERRAL_STOCKOUT
W6,Super Pell 450ml,13,9,W3,REFERRAL_STOCKOUT
W6,Super Pell 450ml,13,9,W4,REFERRAL_STOCKOUT
W6,Super Pell 450ml,13,9,W5,REFERRAL_STOCKOUT
W6,Susu formula Dancow 200g,1,1,W1,REFERRAL_STOCKOUT
W6,Susu formula Dancow 200g,1,1,W3,REFERRAL_STOCKOUT
W6,Susu formula Dancow 200g,1,1,W4,REFERRAL_STOCKOUT
W6,Susu formula Dancow 200g,1,1,W5,REFERRAL_STOCKOUT
W6,Teh Gelas 350ml,5,4,W1,REFERRAL_STOCKOUT
W6,Teh Gelas 350ml,5,4,W3,REFERRAL_STOCKOUT
W6,Teh Sariwangi 1 kantong,14,11,W1,REFERRAL_STOCKOUT
W6,Teh Sariwangi 1 kantong,14,11,W2,REFERRAL_STOCKOUT
W6,Telur ayam 1kg,3,3,W1,REFERRAL_STOCKOUT
W6,Telur ayam 1kg,3,3,W3,REFERRAL_STOCKOUT
W6,Tepung beras Rose Brand 500g,2,2,W1,REFERRAL_STOCKOUT
W6,Tepung beras Rose Brand 500g,2,2,W2,REFERRAL_STOCKOUT
W6,Tepung beras Rose Brand 500g,2,2,W3,REFERRAL_STOCKOUT
W6,Tepung beras Rose Brand 500g,2,2,W5,REFERRAL_STOCKOUT
W6,Tepung terigu Segitiga Biru 1kg,5,5,W2,REFERRAL_STOCKOUT
W6,Tepung terigu Segitiga Biru 1kg,5,5,W3,REFERRAL_STOCKOUT
W6,Tepung terigu Segitiga Biru 1kg,5,5,W5,REFERRAL_STOCKOUT
W6,Terasi ABC 20g,27,21,W2,REFERRAL_STOCKOUT
W6,Terasi ABC 20g,27,21,W3,REFERRAL_STOCKOUT
W6,Terasi ABC 20g,27,21,W4,REFERRAL_STOCKOUT
W6,Terasi ABC 20g,27,21,W5,REFERRAL_STOCKOUT
W6,Tisu Nice,5,4,W1,REFERRAL_STOCKOUT
W6,Tisu Nice,5,4,W4,REFERRAL_STOCKOUT
W6,Tisu Nice,5,4,W5,REFERRAL_STOCKOUT
W6,Tisu Paseo,5,3,W1,REFERRAL_STOCKOUT
W6,Tisu Paseo,5,3,W3,REFERRAL_STOCKOUT
W6,Tisu basah Cussons,6,4,W1,REFERRAL_STOCKOUT
W6,Tisu basah Cussons,6,4,W2,REFERRAL_STOCKOUT
W6,Tisu basah Cussons,6,4,W3,REFERRAL_STOCKOUT
W6,Tisu basah Cussons,6,4,W5,REFERRAL_STOCKOUT
W6,Tisu basah Mitu,1,1,W1,REFERRAL_STOCKOUT
W6,Tisu basah Mitu,1,1,W4,REFERRAL_STOCKOUT
W6,Tisu basah Mitu,1,1,W5,REFERRAL_STOCKOUT
W6,Tusuk sate,6,5,W2,REFERRAL_STOCKOUT
W6,Tusuk sate,6,5,W3,REFERRAL_STOCKOUT
W6,Tusuk sate,6,5,W5,REFERRAL_STOCKOUT
W6,Vitamin C CDR,2,2,W1,REFERRAL_STOCKOUT
W6,Vitamin C CDR,2,2,W5,REFERRAL_STOCKOUT
