produk,qty_saya,stok_terakhir,kategori,rate_saya,rate_peer,ratio,stok_target,saran_tambah,warung_id,hari_stok_sisa
Snack jagung Cheetos,1288,20,Snack,2.3851851851851853,4.883333333333334,0.48843382631778537,35.0,15,W1,8.4
Mi goreng Sarimi,457,20,Mi,0.8462962962962963,4.097222222222222,0.2065536723163842,29.0,9,W1,23.6
Mi jumbo Indomie,690,16,Mi,1.2777777777777777,3.5231481481481484,0.3626806833114323,25.0,9,W1,12.5
Bubur instan 50g,678,25,Mi,1.2555555555555555,3.436111111111111,0.3654001616814875,25.0,0,W1,19.9
Minyak goreng Bimoli 1L,291,14,Sembako,0.5388888888888889,1.151851851851852,0.46784565916398707,9.0,0,W1,26.0
Daia sachet,204,6,Deterjen,0.37777777777777777,0.7601851851851852,0.49695493300852617,6.0,0,W1,15.9
Minyak kayu putih Cap Lang 30ml (Obat),171,5,Obat,0.31666666666666665,0.6361111111111111,0.4978165938864629,5.0,0,W1,15.8
Nutrisari sachet,880,23,Sachet,1.6296296296296295,3.825,0.42604696199467434,27.0,4,W3,14.1
Kopi ABC sachet,715,20,Sachet,1.3240740740740742,2.8185185185185184,0.46977660972404733,20.0,0,W3,15.1
Djarum Super 12 batang,509,17,Rokok,0.9425925925925925,2.2712962962962964,0.4150020383204239,16.0,0,W3,18.0
Snack jagung Cheetos,244,4,Snack,0.45185185185185184,1.223148148148148,0.36941710825132473,9.0,5,W3,8.9
Keripik kentang Chitato 68g,322,27,Snack,0.5962962962962963,1.2046296296296297,0.4950038431975403,9.0,0,W3,45.3
Permen karet Big Babol,275,24,Snack,0.5092592592592593,1.1759259259259258,0.43307086614173235,9.0,0,W3,47.1
Mi kari ayam Indomie,210,17,Mi,0.3888888888888889,1.1074074074074074,0.3511705685618729,8.0,0,W3,43.7
Indomie Cup,264,29,Mi,0.4888888888888889,1.1046296296296296,0.4425817267393126,8.0,0,W3,59.3
Astor,233,9,Snack,0.43148148148148147,1.1046296296296296,0.3906119027661358,8.0,0,W3,20.9
LPG 3kg,161,3,LPG,0.29814814814814816,0.7537037037037037,0.39557739557739563,6.0,3,W3,10.1
Sabun batang Lifebuoy,163,7,Perawatan,0.30185185185185187,0.6259259259259259,0.48224852071005925,5.0,0,W3,23.2
Beras medium 1kg,497,6,Sembako,0.9203703703703704,2.035185185185185,0.45222929936305734,15.0,9,W4,6.5
Gudang Garam 16 batang,489,29,Rokok,0.9055555555555556,1.913888888888889,0.4731494920174165,14.0,0,W4,32.0
Sampoerna Mild 16 batang,382,16,Rokok,0.7074074074074074,1.8685185185185185,0.3785926660059465,14.0,0,W4,22.6
Sunlight 400ml,216,4,Deterjen,0.4,0.8148148148148148,0.49090909090909096,6.0,2,W5,10.0
Korek gas,801,8,Rokok,1.4833333333333334,3.25,0.45641025641025645,23.0,15,W6,5.4
Kopi ABC sachet,723,21,Sachet,1.3388888888888888,2.811111111111111,0.4762845849802372,20.0,0,W6,15.7
Djarum Super 12 batang,587,13,Rokok,1.087037037037037,2.199074074074074,0.4943157894736842,16.0,3,W6,12.0
Indomie Cup,288,12,Mi,0.5333333333333333,1.0824074074074075,0.4927288280581693,8.0,0,W6,22.5
