warung_id,tanggal,produk,harga_lama,harga_baru
W1,2025-03-03,Permen karet Big Babol,2000,2100
W1,2025-04-07,Telur ayam 1kg,32000,33000
W1,2025-04-07,Beras premium 10kg,148000,152500
W1,2025-04-07,Beras medium 1kg,14000,14500
W1,2025-04-07,Telur ayam 1 butir,2300,2400
W1,2025-04-07,Bubur instan 50g,5000,5200
W1,2025-04-07,Makaroni pedas 100g,6000,6200
W1,2025-04-07,Astor,2500,2600
W1,2025-04-07,Kopi Torabika sachet,2000,2100
W1,2025-04-07,Kopi susu Good Day sachet,2000,2100
W1,2025-04-07,Tembakau linting,15000,15500
W1,2025-04-07,Minyak rambut Gatsby 75g,15000,15500
W1,2025-04-07,Rinso sachet,2500,2600
W1,2025-04-07,Susu formula SGM 200g,25000,26000
W1,2025-04-07,Penggaris Butterfly 30cm,3000,3100
W1,2025-04-07,Keset,15000,15500
W1,2025-04-07,Bohlam LED Philips 5W,15000,15500
W1,2025-04-07,Aluminium foil,10000,10500
W1,2025-04-07,Tempura 250g,15000,15500
W1,2025-04-07,Cornetto,12000,12500
W1,2025-05-05,Tepung beras Rose Brand 500g,8500,8800
W1,2025-05-05,Minyakita 1L,17000,18000
W1,2025-05-05,Minyak goreng Sania 1L,20500,21500
W1,2025-05-05,Beras premium 5kg,75000,77500
W1,2025-05-05,Mi goreng Sarimi,3000,3100
W1,2025-05-05,Kaldu bubuk Royco 100g,5500,5700
W1,2025-05-05,Beng-Beng,2500,2600
W1,2025-05-05,Cokelat SilverQueen,12000,12500
W1,2025-05-05,Nescafe 220ml,6000,6200
W1,2025-05-05,Le Minerale 1.5L,6000,6200
W1,2025-05-05,Cappuccino Good Day sachet,2500,2600
W1,2025-05-05,Nutrisari sachet,2000,2100
W1,2025-05-05,Tembakau linting,15500,15000
W1,2025-05-05,Body lotion Citra 100ml,10000,10500
W1,2025-05-05,Kantong sampah,8000,8300
W1,2025-05-05,FreshCare 10ml,12000,12500
W1,2025-05-05,Paracetamol strip,3000,3100
W1,2025-05-05,Penghapus Faber-Castell,2500,2600
W1,2025-05-05,Sapu lidi,10000,10500
W1,2025-05-05,Lakban,5000,5200
W1,2025-05-05,Aluminium foil,10500,10000
W1,2025-05-05,Plastik kresek kecil,5000,5200
W1,2025-05-05,Sosis So Nice,15000,15500
W1,2025-05-05,Cornetto,12500,12000
W1,2025-06-02,Gula pasir Gulaku 1kg,19000,20000
W1,2025-06-02,Gula pasir curah 1kg,18000,19000
W1,2025-06-02,Kecap manis ABC 135ml,6000,6200
W1,2025-06-02,Cuka 100ml,4000,4200
W1,2025-06-02,Saus sambal ABC 135ml,7000,7300
W1,2025-06-02,Keripik kentang Chitato 68g,12000,12500
W1,2025-06-02,Snack jagung Cheetos,3000,3100
W1,2025-06-02,Basreng 100g,7000,7300
W1,2025-06-02,Extra Joss,2500,2600
W1,2025-06-02,Aqua 330ml,3000,3100
W1,2025-06-02,Kopiko 78C 240ml,6000,6200
W1,2025-06-02,Kukubima sachet,2500,2600
W1,2025-06-02,Tembakau linting,15000,15500
W1,2025-06-02,Sabun batang Lux,4500,4700
W1,2025-06-02,Sunlight 400ml,9000,9300
W1,2025-06-02,Daia sachet,2000,2100
W1,2025-06-02,Tisu basah Mitu,8000,8300
W1,2025-06-02,Tisu basah Cussons,9000,9300
W1,2025-06-02,Biskuit bayi Promina 100g,10000,10500
W1,2025-06-02,Popok Merries isi 10,28000,29000
W1,2025-06-02,Salonpas 10 pcs,15000,15500
W1,2025-06-02,Balsem Geliga 20g,8000,8300
W1,2025-06-02,Rautan Joyko,3000,3100
W1,2025-06-02,Correction pen Joyko,5000,5200
W1,2025-06-02,Lem Fox 10g,3000,3100
W1,2025-06-02,Bohlam LED Hannochs 9W,15000,15500
W1,2025-06-02,Senter,20000,21000
W1,2025-06-02,Charger,30000,31000
W1,2025-06-02,Spons cuci piring,3000,3100
W1,2025-06-02,Aluminium foil,10000,10500
W1,2025-06-02,Pengharum mobil,15000,15500
W1,2025-06-02,Es krim cup Wall's,5000,5200
W1,2025-06-02,Cornetto,12000,12500
W1,2025-07-07,Minyak goreng Bimoli 1L,22000,23000
W1,2025-07-07,Garam Dolphin 500g,3500,3700
W1,2025-07-07,Mi goreng Indomie,3500,3700
W1,2025-07-07,Pop Mie,6000,6200
W1,2025-07-07,Penyedap Masako,1500,1600
W1,2025-07-07,Kecap manis Bango 135ml,7000,7300
W1,2025-07-07,Penyedap Royco,1500,1600
W1,2025-07-07,Better,2500,2600
W1,2025-07-07,Good Day 250ml,5000,5200
W1,2025-07-07,Extra Joss sachet,2000,2100
W1,2025-07-07,Teh Sariwangi 25 kantong,8000,8300
W1,2025-07-07,Shampoo H&S sachet,2000,2100
W1,2025-07-07,Bayclin 500ml,8000,8300
W1,2025-07-07,Minyak kayu putih Cap Lang 30ml (Bayi),10000,10500
W1,2025-07-07,Bubur bayi Promina 120g,12000,12500
W1,2025-07-07,Oralit sachet,2000,2100
W1,2025-07-07,Vitamin C CDR,3000,3100
W1,2025-07-07,Baterai AAA ABC 2pcs,8000,8300
W1,2025-07-07,Tali per meter,2000,2100
W1,2025-07-07,Tusuk gigi,3000,3100
W1,2025-08-04,Telur ayam 1kg,33000,34000
W1,2025-08-04,Beras medium 1kg,14500,15000
W1,2025-08-04,Mi jumbo Indomie,4500,4700
W1,2025-08-04,Mayones Maestro 100g,7000,7300
W1,2025-08-04,Coca-Cola 390ml,6000,6200
W1,2025-08-04,Teh Gelas 350ml,2500,2600
W1,2025-08-04,LA Ice 16 batang,31000,32000
W1,2025-08-04,Shampoo Clear sachet,1500,1600
W1,2025-08-04,Wipol 450ml,9000,9300
W1,2025-08-04,Karbol 500ml,7000,7300
W1,2025-08-04,Downy sachet,2000,2100
W1,2025-08-04,Tisu Tessa,7000,7300
W1,2025-08-04,Tisu Nice,7000,7300
W1,2025-08-04,Susu formula Dancow 200g,30000,31000
W1,2025-08-04,Promag strip,8000,8300
W1,2025-08-04,Oralit sachet,2100,2000
W1,2025-08-04,Terminal listrik,20000,21000
W1,2025-08-04,Kabel USB,15000,15500
W1,2025-08-04,Sedotan,5000,5200
W1,2025-08-04,Kentang frozen 500g,20000,21000
W1,2025-09-01,Gula pasir Gulaku 1kg,20000,22500
W1,2025-09-01,Telur ayam 1kg,34000,37500
W1,2025-09-01,Beras premium 10kg,152500,172500
W1,2025-09-01,Minyak goreng Bimoli 1L,23000,25500
W1,2025-09-01,Beras medium 1kg,15000,16500
W1,2025-09-01,Garam Refina 500g,4000,4600
W1,2025-09-01,Tepung beras Rose Brand 500g,8800,10000
W1,2025-09-01,Minyakita 1L,18000,20000
W1,2025-09-01,Minyak goreng Sania 1L,21500,24500
W1,2025-09-01,Gula pasir curah 1kg,19000,21500
W1,2025-09-01,Telur ayam 1 butir,2400,2700
W1,2025-09-01,Beras premium 5kg,77500,87500
W1,2025-09-01,Garam Dolphin 500g,3700,4100
W1,2025-09-01,Oatmeal Quaker 35g,3500,3700
W1,2025-09-01,Saus sambal sachet ABC,1500,1600
W1,2025-09-01,Kaldu bubuk Royco 100g,5700,5900
W1,2025-09-01,Better,2600,2500
W1,2025-09-01,Makaroni pedas 100g,6200,6400
W1,2025-09-01,Kacang atom Garuda 100g,7000,7300
W1,2025-09-01,Kacang kulit Garuda 100g,7000,7300
W1,2025-09-01,LA Bold 16 batang,30000,31000
W1,2025-09-01,Shampoo Sunsilk sachet,1500,1600
W1,2025-09-01,Sabun batang Nuvo,3500,3700
W1,2025-09-01,Pasta gigi Close Up 65g,7000,7300
W1,2025-09-01,Shampoo Pantene sachet,1500,1600
W1,2025-09-01,Sikat,7000,7300
W1,2025-09-01,Tisu Paseo,8000,8300
W1,2025-09-01,Pembalut Laurier,10000,10500
W1,2025-09-01,Paracetamol strip,3100,3200
W1,2025-09-01,Oralit sachet,2000,2100
W1,2025-09-01,Pulpen Standard AE7,2500,2600
W1,2025-09-01,Keset,15500,16000
W1,2025-09-01,Lap dapur,7000,7300
W1,2025-09-01,LPG 12kg,220000,227000
W1,2025-09-01,Es krim cone Wall's,5000,5200
W1,2025-09-01,Es krim cup Wall's,5200,5400
W1,2025-10-06,Makaroni 200g,7000,7300
W1,2025-10-06,Better,2500,2600
W1,2025-10-06,Permen karet Big Babol,2100,2200
W1,2025-10-06,Permen Relaxa,7000,7300
W1,2025-10-06,Pocari Sweat 500ml,9000,9300
W1,2025-10-06,Le Minerale 600ml,4000,4200
W1,2025-10-06,Sampoerna A 16 batang,36000,37500
W1,2025-10-06,Minyak rambut Gatsby 75g,15500,16000
W1,2025-10-06,Sikat gigi Formula,7000,7300
W1,2025-10-06,Pantyliner Laurier,12000,12500
W1,2025-10-06,Tisu basah Mitu,8300,8600
W1,2025-10-06,Tisu basah Cussons,9300,9600
W1,2025-10-06,Bohlam LED Philips 5W,15500,16000
W1,2025-10-06,Gayung,7000,7300
W1,2025-10-06,Sendok plastik,5000,5200
W1,2025-10-06,LPG 5.5kg,105000,108500
W1,2025-11-03,Bubur instan 50g,5200,5400
W1,2025-11-03,Mi goreng Sarimi,3100,3200
W1,2025-11-03,Pop Mie,6200,6400
W1,2025-11-03,Mi kuah Sedaap,3500,3700
W1,2025-11-03,Kecap manis ABC 135ml,6200,6400
W1,2025-11-03,Merica bubuk Ladaku,1500,1600
W1,2025-11-03,Better,2600,2500
W1,2025-11-03,Cokelat SilverQueen,12500,13000
W1,2025-11-03,Aqua 330ml,3100,3200
W1,2025-11-03,Surya 12 batang,25000,26000
W1,2025-11-03,Korek kayu,2000,2100
W1,2025-11-03,Rinso sachet,2600,2700
W1,2025-11-03,Popok Merries isi 10,29000,30000
W1,2025-11-03,Penghapus Faber-Castell,2600,2700
W1,2025-11-03,Stabilo,8000,8300
W1,2025-11-03,Bohlam LED Hannochs 9W,15500,16000
W1,2025-11-03,Aluminium foil,10500,11000
W1,2025-11-03,Plastik klip,5000,5200
W1,2025-11-03,Sosis So Nice,15500,16000
W1,2025-11-17,Mayones Maestro 100g,7300,7800
W1,2025-11-17,Penyedap Masako,1600,1700
W1,2025-11-17,Kecap manis ABC 135ml,6400,6800
W1,2025-11-17,Saus sambal sachet ABC,1600,1700
W1,2025-11-17,Kecap manis Bango 135ml,7300,8000
W1,2025-11-17,Merica bubuk Ladaku,1600,1700
W1,2025-11-17,Kaldu bubuk Royco 100g,5900,6400
W1,2025-11-17,Penyedap Royco,1600,1700
W1,2025-11-17,Cuka 100ml,4200,4600
W1,2025-11-17,Saus sambal ABC 135ml,7300,8000
W1,2025-12-01,Beras premium 10kg,172500,178000
W1,2025-12-01,Beras medium 1kg,16500,17000
W1,2025-12-01,Telur ayam 1 butir,2700,2800
W1,2025-12-01,Beras premium 5kg,87500,90500
W1,2025-12-01,Better,2500,2600
W1,2025-12-01,Beng-Beng,2600,2700
W1,2025-12-01,Astor,2600,2700
W1,2025-12-01,Extra Joss,2600,2700
W1,2025-12-01,Teh Pucuk 350ml,4000,4200
W1,2025-12-01,Milo sachet,3500,3700
W1,2025-12-01,Correction pen Joyko,5200,5400
W1,2025-12-01,Lem Fox 10g,3100,3200
W1,2025-12-01,Bohlam LED Hannochs 9W,16000,15500
W1,2025-12-01,Lakban,5200,5400
W1,2025-12-01,Plastik kresek kecil,5200,5400
W1,2025-12-01,Tempura 250g,15500,16000
W1,2026-01-05,Telur ayam 1kg,37500,39000
W1,2026-01-05,Garam Refina 500g,4600,4800
W1,2026-01-05,Gula pasir curah 1kg,21500,22500
W1,2026-01-05,Mi goreng Sedaap,3500,3700
W1,2026-01-05,Kopiko 78C 240ml,6200,6400
W1,2026-01-05,Kukubima sachet,2600,2700
W1,2026-01-05,LA Bold 16 batang,31000,35000
W1,2026-01-05,Sampoerna Mild 16 batang,34000,38500
W1,2026-01-05,LA Ice 16 batang,32000,35500
W1,2026-01-05,Surya 12 batang,26000,28500
W1,2026-01-05,Sampoerna A 16 batang,37500,41500
W1,2026-01-05,Gudang Garam 16 batang,30000,33500
W1,2026-01-05,Korek kayu,2100,2300
W1,2026-01-05,Tembakau linting,15500,17500
W1,2026-01-05,Djarum Super 16 batang,32000,35500
W1,2026-01-05,Wipol 450ml,9300,9600
W1,2026-01-05,Bayclin 500ml,8300,8600
W1,2026-01-05,Rinso 800g,18000,19000
W1,2026-01-05,Biskuit bayi Promina 100g,10500,11000
W1,2026-01-05,Penggaris Butterfly 30cm,3100,3200
W1,2026-01-05,Bohlam LED Hannochs 9W,15500,16000
W1,2026-01-05,Kabel USB,15500,16000
W1,2026-01-05,Sedotan,5200,5400
W1,2026-01-05,Spons cuci piring,3100,3200
W1,2026-01-05,Es krim cup Wall's,5400,5600
W1,2026-01-05,Cornetto,12500,13000
W1,2026-02-02,Tepung beras Rose Brand 500g,10000,10500
W1,2026-02-02,Minyakita 1L,20000,21000
W1,2026-02-02,Minyak goreng Sania 1L,24500,25500
W1,2026-02-02,Mi jumbo Indomie,4700,4900
W1,2026-02-02,Penyedap Masako,1700,1800
W1,2026-02-02,Kaldu bubuk Royco 100g,6400,6600
W1,2026-02-02,Makaroni pedas 100g,6400,6600
W1,2026-02-02,Kacang kulit Garuda 100g,7300,7600
W1,2026-02-02,Coca-Cola 390ml,6200,6400
W1,2026-02-02,Nescafe 220ml,6200,6400
W1,2026-02-02,Le Minerale 1.5L,6200,6400
W1,2026-02-02,Cappuccino Good Day sachet,2600,2700
W1,2026-02-02,Nutrisari sachet,2100,2200
W1,2026-02-02,Kopi Torabika sachet,2100,2200
W1,2026-02-02,Shampoo H&S sachet,2100,2200
W1,2026-02-02,Baby oil My Baby 50ml,7000,7300
W1,2026-02-02,Susu formula Dancow 200g,31000,32000
W1,2026-02-02,Minyak kayu putih Cap Lang 30ml (Obat),10000,10500
W1,2026-02-02,Balsem Geliga 20g,8300,8600
W1,2026-02-02,Paracetamol strip,3200,3300
W1,2026-02-02,Amplop,1000,1100
W1,2026-02-02,Charger,31000,32000
W1,2026-02-02,Baterai AA ABC 2pcs,8000,8300
W1,2026-02-02,Minyak rem 100ml,15000,15500
W1,2026-02-02,Es krim cone Wall's,5200,5400
W1,2026-02-02,Sosis So Nice,16000,16500
W1,2026-03-02,Gula pasir Gulaku 1kg,22500,25000
W1,2026-03-02,Telur ayam 1kg,39000,42500
W1,2026-03-02,Beras premium 10kg,178000,198500
W1,2026-03-02,Minyak goreng Bimoli 1L,25500,28500
W1,2026-03-02,Beras medium 1kg,17000,19000
W1,2026-03-02,Garam Refina 500g,4800,5200
W1,2026-03-02,Tepung beras Rose Brand 500g,10500,11000
W1,2026-03-02,Minyakita 1L,21000,22500
W1,2026-03-02,Minyak goreng Sania 1L,25500,27500
W1,2026-03-02,Gula pasir curah 1kg,22500,24500
W1,2026-03-02,Telur ayam 1 butir,2800,3100
W1,2026-03-02,Beras premium 5kg,90500,101000
W1,2026-03-02,Garam Dolphin 500g,4100,4600
W1,2026-03-02,Mayones Maestro 100g,7800,8100
W1,2026-03-02,Snack jagung Cheetos,3100,3200
W1,2026-03-02,Kuaci Rebo 100g,7000,7300
W1,2026-03-02,Pocari Sweat 500ml,9300,9600
W1,2026-03-02,Aqua 600ml,4000,4200
W1,2026-03-02,Kopi susu Good Day sachet,2100,2200
W1,2026-03-02,Pasta gigi Sensodyne 40g,20000,21000
W1,2026-03-02,Pasta gigi Close Up 65g,7300,7600
W1,2026-03-02,Sabun batang Lux,4700,4900
W1,2026-03-02,Sikat,7300,7600
W1,2026-03-02,Karbol 500ml,7300,7600
W1,2026-03-02,Tisu basah Cussons,9600,9900
W1,2026-03-02,Bubur bayi Promina 120g,12500,13000
W1,2026-03-02,FreshCare 10ml,12500,13000
W1,2026-03-02,Amplop,1100,1000
W1,2026-03-02,Keset,16000,16500
W1,2026-03-02,Bohlam LED Philips 5W,16000,16500
W1,2026-03-02,Baterai AAA ABC 2pcs,8300,8600
W1,2026-03-02,Pengharum mobil,15500,16000
W1,2026-03-02,Oli motor 0.8L,45000,46500
W1,2026-03-02,Lem ban,8000,8300
W1,2026-04-06,Tepung beras Rose Brand 500g,11000,11500
W1,2026-04-06,Kecap manis Bango 135ml,8000,8300
W1,2026-04-06,Penyedap Royco,1700,1800
W1,2026-04-06,Good Day 250ml,5200,5400
W1,2026-04-06,Teh Gelas 350ml,2600,2700
W1,2026-04-06,Teh Sariwangi 25 kantong,8300,8600
W1,2026-04-06,Minyak rambut Gatsby 75g,16000,16500
W1,2026-04-06,Sabun batang Nuvo,3700,3900
W1,2026-04-06,Body lotion Citra 100ml,10500,11000
W1,2026-04-06,Sikat gigi Formula,7300,7600
W1,2026-04-06,Pantyliner Laurier,12500,13000
W1,2026-04-06,Tisu Paseo,8300,8600
W1,2026-04-06,Tisu Nice,7300,7600
W1,2026-04-06,Minyak kayu putih Cap Lang 30ml (Bayi),10500,11000
W1,2026-04-06,Amplop,1000,1100
W1,2026-04-06,Rautan Joyko,3100,3200
W1,2026-04-06,Terminal listrik,21000,22000
W1,2026-04-06,Gayung,7300,7600
W1,2026-04-06,Lap dapur,7300,7600
W1,2026-04-06,Tusuk gigi,3100,3200
W1,2026-05-04,Telur ayam 1kg,42500,44000
W1,2026-05-04,Pop Mie,6400,6600
W1,2026-05-04,Cuka 100ml,4600,4800
W1,2026-05-04,Saus sambal ABC 135ml,8000,8300
W1,2026-05-04,Kantong sampah,8300,8600
W1,2026-05-04,Rinso sachet,2700,2800
W1,2026-05-04,Sunlight 400ml,9300,9700
W1,2026-05-04,Tisu basah Mitu,8600,8900
W1,2026-05-04,Pembalut Laurier,10500,11000
W1,2026-05-04,Susu formula SGM 200g,26000,27000
W1,2026-05-04,Salonpas 10 pcs,15500,16000
W1,2026-05-04,Paracetamol strip,3300,3400
W1,2026-05-04,Cutter Joyko,5000,5200
W1,2026-05-04,Spidol Snowman,5000,5200
W1,2026-05-04,Kentang frozen 500g,21000,22000
W1,2026-06-01,Minyak goreng Sania 1L,27500,28500
W1,2026-06-01,Gula pasir curah 1kg,24500,25500
W1,2026-06-01,Telur ayam 1 butir,3100,3200
W1,2026-06-01,Kecap manis ABC 135ml,6800,7100
W1,2026-06-01,Kaldu bubuk Royco 100g,6600,6800
W1,2026-06-01,Keripik kentang Chitato 68g,12500,13000
W1,2026-06-01,Kacang atom Garuda 100g,7300,7600
W1,2026-06-01,Cokelat SilverQueen,13000,13500
W1,2026-06-01,Astor,2700,2800
W1,2026-06-01,Aqua 330ml,3200,3300
W1,2026-06-01,Downy sachet,2100,2200
W1,2026-06-01,Daia sachet,2100,2200
W1,2026-06-01,Tisu Tessa,7300,7600
W1,2026-06-01,Vitamin C CDR,3100,3200
W1,2026-06-01,Sapu lidi,10500,11000
W1,2026-06-01,Tali per meter,2100,2200
W1,2026-06-01,Lakban,5400,5600
W1,2026-06-01,Tempura 250g,16000,16500
W1,2026-07-06,Gula pasir Gulaku 1kg,25000,26000
W1,2026-07-06,Garam Refina 500g,5200,5400
W1,2026-07-06,Mi jumbo Indomie,4900,5100
W1,2026-07-06,Merica bubuk Ladaku,1700,1800
W1,2026-07-06,Beng-Beng,2700,2800
W1,2026-07-06,Kopiko 78C 240ml,6400,6600
W1,2026-07-06,Milo sachet,3700,3900
W1,2026-07-06,Korek kayu,2300,2400
W1,2026-07-06,Popok Merries isi 10,30000,31000
W1,2026-07-06,Amplop,1100,1000
W1,2026-07-06,Pulpen Standard AE7,2600,2700
W1,2026-07-06,Stabilo,8300,8600
W1,2026-07-06,Kabel USB,16000,16500
W1,2026-07-06,Charger,32000,33000
W1,2026-07-06,Spons cuci piring,3200,3300
W1,2026-07-06,Plastik klip,5200,5400
W1,2026-07-06,Es krim cup Wall's,5600,5800
W1,2026-07-06,Cornetto,13000,13500
W2,2025-03-03,Es krim Magnum,14500,15000
W2,2025-04-07,Tepung terigu Segitiga Biru 1kg,14000,14500
W2,2025-04-07,Beras medium 1kg,13500,14000
W2,2025-04-07,Beras medium SPHP 5kg,63000,65500
W2,2025-04-07,Beng-Beng,2400,2500
W2,2025-04-07,Body lotion Citra 100ml,9700,10000
W2,2025-04-07,Mama Lemon 400ml,7800,8100
W2,2025-04-07,Pembalut Charm,9700,10000
W2,2025-04-07,Bohlam LED Philips 5W,14500,15000
W2,2025-04-07,Plastic wrap,11500,12000
W2,2025-04-07,Tempura 250g,14500,15000
W2,2025-05-05,Beras premium 5kg,73000,75500
W2,2025-05-05,Margarin Blue Band 200g,7800,8100
W2,2025-05-05,Gula pasir Rose Brand 1kg,18000,19000
W2,2025-05-05,Tepung beras Rose Brand 500g,8200,8500
W2,2025-05-05,Mi jumbo Indomie,4400,4600
W2,2025-05-05,Spaghetti La Fonte 225g,9700,10000
W2,2025-05-05,Astor,2400,2500
W2,2025-05-05,Snack jagung Cheetos,2900,3000
W2,2025-05-05,Keripik kentang Chitato 68g,11500,12000
W2,2025-05-05,Chocolatos sachet,1900,2000
W2,2025-05-05,Kopi susu Torabika sachet,1900,2000
W2,2025-05-05,Pantyliner Laurier,11500,12000
W2,2025-05-05,Lem Fox 10g,2900,3000
W2,2025-05-05,Hanger,2900,3000
W2,2025-05-05,Sosis So Nice,14500,15000
W2,2025-06-02,Minyak goreng Bimoli 1L,21500,22500
W2,2025-06-02,Penyedap Royco,1500,1600
W2,2025-06-02,Terasi ABC 20g,2900,3000
W2,2025-06-02,Ultra Milk 250ml,5300,5500
W2,2025-06-02,Kopiko 78C 240ml,5800,6000
W2,2025-06-02,Sprite 390ml,5800,6000
W2,2025-06-02,Extra Joss sachet,1900,2000
W2,2025-06-02,Esse 16 batang,33000,34000
W2,2025-06-02,Pomade Gatsby 80g,19500,20500
W2,2025-06-02,Attack sachet,2400,2500
W2,2025-06-02,Molto sachet,1900,2000
W2,2025-06-02,Wipol 450ml,8700,9000
W2,2025-06-02,Pembalut Laurier,9700,10000
W2,2025-06-02,Bubur bayi Promina 120g,11500,12000
W2,2025-06-02,Minyak kayu putih Cap Lang 30ml (Obat),9700,10000
W2,2025-06-02,Pulpen Standard AE7,2400,2500
W2,2025-06-02,Pel,19500,20500
W2,2025-06-02,Bohlam LED Hannochs 9W,14500,15000
W2,2025-06-02,Es krim cone Wall's,4800,5000
W2,2025-07-07,Beras premium 10kg,143500,149500
W2,2025-07-07,Garam Dolphin 500g,3400,3600
W2,2025-07-07,Bihun Rose Brand 320g,7800,8100
W2,2025-07-07,Indomie Cup,6300,6500
W2,2025-07-07,Kecap manis Bango 135ml,6800,7100
W2,2025-07-07,Kaldu bubuk Royco 100g,5300,5500
W2,2025-07-07,Basreng 100g,6800,7100
W2,2025-07-07,Snack kentang Qtela 60g,7800,8200
W2,2025-07-07,Teh Botol Sosro 350ml,4800,5000
W2,2025-07-07,Teh Sariwangi 25 kantong,7800,8100
W2,2025-07-07,Sikat,6800,7100
W2,2025-07-07,Sunlight 400ml,8700,9000
W2,2025-07-07,Kapas Selection,4800,5000
W2,2025-07-07,Biskuit bayi Promina 100g,9700,10000
W2,2025-07-07,Spidol Snowman,4800,5000
W2,2025-07-07,Pulpen Pilot,3900,4100
W2,2025-07-07,Bohlam LED Philips 5W,15000,15500
W2,2025-07-07,Senter,19500,20500
W2,2025-07-07,Lilin,1900,2000
W2,2025-07-07,Gelas plastik,7800,8100
W2,2025-07-07,Aluminium foil,9700,10000
W2,2025-08-04,Tepung terigu Segitiga Biru 1kg,14500,15000
W2,2025-08-04,Minyak goreng Fortune 1L,19500,20500
W2,2025-08-04,Beras medium 1kg,14000,14500
W2,2025-08-04,Tepung beras Rose Brand 500g,8500,8800
W2,2025-08-04,Mi soto Indomie,3400,3600
W2,2025-08-04,Bubur instan 50g,4800,5000
W2,2025-08-04,Cuka 100ml,3900,4100
W2,2025-08-04,Saus tomat ABC 135ml,6800,7100
W2,2025-08-04,Permen karet Big Babol,1900,2000
W2,2025-08-04,Oreo 119g,7800,8100
W2,2025-08-04,Teh Pucuk 350ml,3900,4100
W2,2025-08-04,Le Minerale 1.5L,5800,6000
W2,2025-08-04,Buavita 250ml,6800,7100
W2,2025-08-04,Pocari Sweat 350ml,6800,7100
W2,2025-08-04,Nutrisari sachet,1900,2000
W2,2025-08-04,Korek gas,1950,2050
W2,2025-08-04,Pasta gigi Close Up 65g,6800,7100
W2,2025-08-04,Pasta gigi Pepsodent 75g,6800,7100
W2,2025-08-04,Spons (kebersihan),2900,3000
W2,2025-08-04,Tisu basah Cussons,8700,9000
W2,2025-08-04,Pembalut Softex,8700,9000
W2,2025-08-04,Baby powder My Baby 50g,6800,7100
W2,2025-08-04,Antangin sachet,3400,3600
W2,2025-08-04,Tali per meter,1900,2000
W2,2025-08-04,Terminal listrik,19500,20500
W2,2025-08-04,Baterai AAA ABC 2pcs,7800,8100
W2,2025-08-04,Plastik kresek kecil,4800,5000
W2,2025-08-04,Tusuk sate,4800,5000
W2,2025-08-04,Kentang frozen 500g,19500,20500
W2,2025-08-04,Es krim Magnum,15000,15500
W2,2025-09-01,Beras premium 5kg,75500,85000
W2,2025-09-01,Beras premium 10kg,149500,166000
W2,2025-09-01,Margarin Blue Band 200g,8100,9100
W2,2025-09-01,Tepung terigu Segitiga Biru 1kg,15000,16500
W2,2025-09-01,Gula pasir Rose Brand 1kg,19000,21500
W2,2025-09-01,Minyak goreng Fortune 1L,20500,22500
W2,2025-09-01,Minyak goreng Bimoli 1L,22500,25000
W2,2025-09-01,Garam Dolphin 500g,3600,4000
W2,2025-09-01,Beras medium 1kg,14500,16000
W2,2025-09-01,Tepung beras Rose Brand 500g,8800,9700
W2,2025-09-01,Beras medium SPHP 5kg,65500,74000
W2,2025-09-01,Mi goreng Sarimi,2900,3000
W2,2025-09-01,Spaghetti La Fonte 225g,10000,10500
W2,2025-09-01,Saus sambal sachet ABC,1500,1600
W2,2025-09-01,Mayones Maestro 100g,6800,7100
W2,2025-09-01,Kacang atom Garuda 100g,6800,7100
W2,2025-09-01,Kratingdaeng 150ml,7800,8100
W2,2025-09-01,Shampoo H&S sachet,1900,2000
W2,2025-09-01,Body lotion Citra 100ml,10000,10500
W2,2025-09-01,Parfum Gatsby 100ml,24000,25000
W2,2025-09-01,Daia sachet,1900,2000
W2,2025-09-01,Baby oil My Baby 50ml,6800,7100
W2,2025-09-01,Salonpas 10 pcs,14500,15000
W2,2025-09-01,Sendok plastik,4800,5000
W2,2025-09-01,Regulator gas,97000,100000
W2,2025-10-06,Roma Kelapa 300g,8700,9000
W2,2025-10-06,Gudang Garam Filter 12 batang,22500,23500
W2,2025-10-06,Pasta gigi Sensodyne 40g,19500,20500
W2,2025-10-06,Deodoran Rexona sachet,3900,4100
W2,2025-10-06,Wipol 450ml,9000,9300
W2,2025-10-06,Pantyliner Laurier,12000,12500
W2,2025-10-06,Minyak kayu putih Cap Lang 30ml (Bayi),9700,10000
W2,2025-10-06,Ember,19500,20500
W2,2025-10-06,LPG 5.5kg,102000,105500
W2,2025-11-03,Permen Relaxa,6800,7100
W2,2025-11-03,Extra Joss,2400,2500
W2,2025-11-03,Dancow sachet,3400,3600
W2,2025-11-03,Teh Tong Tji sachet,1000,1100
W2,2025-11-03,Sampoerna A 16 batang,35000,36500
W2,2025-11-03,LA Bold 16 batang,29000,30000
W2,2025-11-03,Sunlight 400ml,9000,9300
W2,2025-11-03,Popok Merries isi 10,27000,28000
W2,2025-11-03,Balsem Geliga 20g,7800,8100
W2,2025-11-03,Buku tulis Sinar Dunia,3900,4100
W2,2025-11-03,Buku tulis Kiky,5800,6000
W2,2025-11-03,Tempura 250g,15000,15500
W2,2025-11-17,Cuka 100ml,4100,4400
W2,2025-11-17,Penyedap Royco,1600,1700
W2,2025-11-17,Saus tomat ABC 135ml,7100,7700
W2,2025-11-17,Kecap manis Bango 135ml,7100,7800
W2,2025-11-17,Terasi ABC 20g,3000,3200
W2,2025-11-17,Saus sambal sachet ABC,1600,1700
W2,2025-11-17,Mayones Maestro 100g,7100,7600
W2,2025-11-17,Kaldu bubuk Royco 100g,5500,6000
W2,2025-12-01,Minyak goreng Bimoli 1L,25000,26000
W2,2025-12-01,Tepung beras Rose Brand 500g,9700,10000
W2,2025-12-01,Mi jumbo Indomie,4600,4800
W2,2025-12-01,Mi kuah Sedaap,3400,3600
W2,2025-12-01,Astor,2500,2600
W2,2025-12-01,Kopiko 78C 240ml,6000,6200
W2,2025-12-01,Frestea 350ml,3900,4100
W2,2025-12-01,Shampoo Clear sachet,1500,1600
W2,2025-12-01,Pembalut Laurier,10000,10500
W2,2025-12-01,Pembalut Charm,10000,10500
W2,2025-12-01,Minyak kayu putih Cap Lang 30ml (Obat),10000,10500
W2,2025-12-01,FreshCare 10ml,11500,12000
W2,2025-12-01,Paracetamol Sanmol strip,3900,4100
W2,2025-12-01,Amplop,1000,1100
W2,2025-12-01,Lem Fox 10g,3000,3100
W2,2025-12-01,Baterai AAA ABC 2pcs,8100,8400
W2,2025-12-01,Bohlam LED Hannochs 9W,15000,15500
W2,2025-12-01,Lap dapur,6800,7100
W2,2025-12-01,Aluminium foil,10000,10500
W2,2025-12-01,Es krim Magnum,15500,16000
W2,2026-01-05,Beras premium 5kg,85000,89000
W2,2026-01-05,Beras premium 10kg,166000,171500
W2,2026-01-05,Tepung terigu Segitiga Biru 1kg,16500,17000
W2,2026-01-05,Gula pasir Rose Brand 1kg,21500,22500
W2,2026-01-05,Beras medium SPHP 5kg,74000,76500
W2,2026-01-05,Beng-Beng,2500,2600
W2,2026-01-05,Chocolatos sachet,2000,2100
W2,2026-01-05,Teh Sariwangi 25 kantong,8100,8400
W2,2026-01-05,Gudang Garam Filter 12 batang,23500,26000
W2,2026-01-05,Korek gas,2050,2300
W2,2026-01-05,Sampoerna Mild 16 batang,33000,36000
W2,2026-01-05,Marlboro 16 batang,40500,45500
W2,2026-01-05,Sampoerna A 16 batang,36500,40000
W2,2026-01-05,LA Bold 16 batang,30000,33000
W2,2026-01-05,Gudang Garam 16 batang,29000,32500
W2,2026-01-05,Esse 16 batang,34000,38000
W2,2026-01-05,Mama Lemon 400ml,8100,8400
W2,2026-01-05,Kapas Selection,5000,5200
W2,2026-01-05,Hanger,3000,3100
W2,2026-01-05,Bohlam LED Philips 5W,15500,16000
W2,2026-01-05,Plastic wrap,12000,12500
W2,2026-01-05,Sosis So Nice,15000,15500
W2,2026-02-02,Beras medium 1kg,16000,16500
W2,2026-02-02,Terasi ABC 20g,3200,3300
W2,2026-02-02,Basreng 100g,7100,7400
W2,2026-02-02,Keripik kentang Chitato 68g,12000,12500
W2,2026-02-02,Snack kentang Qtela 60g,8200,8500
W2,2026-02-02,Parfum Gatsby 100ml,25000,26000
W2,2026-02-02,Shampoo Sunsilk sachet,1500,1600
W2,2026-02-02,Spons (kebersihan),3000,3100
W2,2026-02-02,Attack sachet,2500,2600
W2,2026-02-02,Bubur bayi Promina 120g,12000,12500
W2,2026-02-02,Buku gambar,6800,7100
W2,2026-02-02,Pel,20500,21500
W2,2026-02-02,Senter,20500,21500
W2,2026-02-02,Gelas plastik,8100,8400
W2,2026-02-02,LPG 3kg,20500,21500
W2,2026-03-02,Beras premium 5kg,89000,97000
W2,2026-03-02,Beras premium 10kg,171500,190500
W2,2026-03-02,Margarin Blue Band 200g,9100,10000
W2,2026-03-02,Tepung terigu Segitiga Biru 1kg,17000,18500
W2,2026-03-02,Gula pasir Rose Brand 1kg,22500,25000
W2,2026-03-02,Minyak goreng Fortune 1L,22500,25500
W2,2026-03-02,Minyak goreng Bimoli 1L,26000,28500
W2,2026-03-02,Garam Dolphin 500g,4000,4400
W2,2026-03-02,Beras medium 1kg,16500,17500
W2,2026-03-02,Tepung beras Rose Brand 500g,10000,11000
W2,2026-03-02,Beras medium SPHP 5kg,76500,83000
W2,2026-03-02,Bubur instan 50g,5000,5200
W2,2026-03-02,Penyedap Royco,1700,1800
W2,2026-03-02,Saus tomat ABC 135ml,7700,8000
W2,2026-03-02,Kacang atom Garuda 100g,7100,7400
W2,2026-03-02,Le Minerale 1.5L,6000,6200
W2,2026-03-02,Pocari Sweat 350ml,7100,7400
W2,2026-03-02,Shampoo H&S sachet,2000,2100
W2,2026-03-02,Wipol 450ml,9300,9600
W2,2026-03-02,Pembalut Softex,9000,9300
W2,2026-03-02,Minyak kayu putih Cap Lang 30ml (Bayi),10000,10500
W2,2026-03-02,Salonpas 10 pcs,15000,15500
W2,2026-03-02,Spidol Snowman,5000,5200
W2,2026-03-02,Ember,20500,21500
W2,2026-03-02,Sendok plastik,5000,5200
W2,2026-03-02,Tusuk sate,5000,5200
W2,2026-03-02,Es krim cone Wall's,5000,5200
W2,2026-04-06,Margarin Blue Band 200g,10000,10500
W2,2026-04-06,Bihun Rose Brand 320g,8100,8400
W2,2026-04-06,Indomie Cup,6500,6700
W2,2026-04-06,Cuka 100ml,4400,4600
W2,2026-04-06,Oreo 119g,8100,8400
W2,2026-04-06,Kopi susu Torabika sachet,2000,2100
W2,2026-04-06,Extra Joss sachet,2000,2100
W2,2026-04-06,Pasta gigi Close Up 65g,7100,7400
W2,2026-04-06,Sikat,7100,7400
W2,2026-04-06,Molto sachet,2000,2100
W2,2026-04-06,Popok Merries isi 10,28000,29000
W2,2026-04-06,Bohlam LED Hannochs 9W,15500,16000
W2,2026-04-06,Regulator gas,100000,103000
W2,2026-05-04,Garam Dolphin 500g,4400,4600
W2,2026-05-04,Tepung beras Rose Brand 500g,11000,11500
W2,2026-05-04,Saus sambal sachet ABC,1700,1800
W2,2026-05-04,Kaldu bubuk Royco 100g,6000,6200
W2,2026-05-04,Sprite 390ml,6000,6200
W2,2026-05-04,Nutrisari sachet,2000,2100
W2,2026-05-04,Teh Sariwangi 1 kantong,500,600
W2,2026-05-04,Pomade Gatsby 80g,20500,21500
W2,2026-05-04,Sunlight 400ml,9300,9600
W2,2026-05-04,Pantyliner Laurier,12500,13000
W2,2026-05-04,Baby powder My Baby 50g,7100,7400
W2,2026-05-04,Diapet strip,6800,7100
W2,2026-05-04,Tempura 250g,15500,16000
W2,2026-06-01,Mi jumbo Indomie,4800,5000
W2,2026-06-01,Mi soto Indomie,3600,3800
W2,2026-06-01,Mi goreng Sarimi,3000,3100
W2,2026-06-01,Spaghetti La Fonte 225g,10500,11000
W2,2026-06-01,Terasi ABC 20g,3300,3400
W2,2026-06-01,Mayones Maestro 100g,7600,7900
W2,2026-06-01,Permen Relaxa,7100,7400
W2,2026-06-01,Permen karet Big Babol,2000,2100
W2,2026-06-01,Astor,2600,2700
W2,2026-06-01,Snack jagung Cheetos,3000,3100
W2,2026-06-01,Roma Kelapa 300g,9000,9300
W2,2026-06-01,Teh Pucuk 350ml,4100,4300
W2,2026-06-01,Kratingdaeng 150ml,8100,8400
W2,2026-06-01,Buavita 250ml,7100,7400
W2,2026-06-01,Frestea 350ml,4100,4300
W2,2026-06-01,Deodoran Rexona sachet,4100,4300
W2,2026-06-01,Pasta gigi Pepsodent 75g,7100,7400
W2,2026-06-01,Kapas Selection,5200,5400
W2,2026-06-01,Balsem Geliga 20g,8100,8400
W2,2026-06-01,Pulpen Standard AE7,2500,2600
W2,2026-06-01,Tali per meter,2000,2100
W2,2026-06-01,Terminal listrik,20500,21500
W2,2026-06-01,Plastik kresek kecil,5000,5200
W2,2026-06-01,Es krim Magnum,16000,16500
W2,2026-07-06,Beras premium 5kg,97000,100000
W2,2026-07-06,Minyak goreng Fortune 1L,25500,26500
W2,2026-07-06,Minyak goreng Bimoli 1L,28500,29500
W2,2026-07-06,Beras medium SPHP 5kg,83000,85500
W2,2026-07-06,Kecap manis Bango 135ml,7800,8100
W2,2026-07-06,Kaldu bubuk Royco 100g,6200,6400
W2,2026-07-06,Basreng 100g,7400,7700
W2,2026-07-06,Kacang atom Garuda 100g,7400,7700
W2,2026-07-06,Keripik kentang Chitato 68g,12500,13000
W2,2026-07-06,Kopiko 78C 240ml,6200,6400
W2,2026-07-06,LA Bold 16 batang,33000,34000
W2,2026-07-06,Spons (kebersihan),3100,3200
W2,2026-07-06,Mama Lemon 400ml,8400,8700
W2,2026-07-06,Tisu basah Cussons,9000,9300
W2,2026-07-06,Pembalut Charm,10500,11000
W2,2026-07-06,Pulpen Pilot,4100,4300
W2,2026-07-06,Lem Fox 10g,3100,3200
W3,2025-03-03,Keripik kentang Chitato 68g,12500,13000
W3,2025-03-03,Rinso sachet,2600,2700
W3,2025-03-03,Lem Fox 10g,3100,3200
W3,2025-03-03,Kabel USB,15500,16000
W3,2025-03-03,Tusuk gigi,3100,3200
W3,2025-03-03,Es krim Magnum,15500,16000
W3,2025-03-03,Sosis So Nice,15500,16000
W3,2025-04-07,Telur ayam 1 butir,2400,2500
W3,2025-04-07,Tepung terigu Segitiga Biru 1kg,15000,15500
W3,2025-04-07,Beras premium 10kg,152500,157500
W3,2025-04-07,Beras medium 1kg,14500,15000
W3,2025-04-07,Tepung terigu Kompas 1kg,13000,13500
W3,2025-04-07,Terasi ABC 20g,3100,3200
W3,2025-04-07,Snack jagung Chiki,3100,3200
W3,2025-04-07,Astor,2600,2700
W3,2025-04-07,Snack jagung Cheetos,3100,3200
W3,2025-04-07,Kopi ABC sachet,2100,2200
W3,2025-04-07,Attack sachet,2600,2700
W3,2025-04-07,Pantyliner Laurier,12500,13000
W3,2025-04-07,Susu formula Dancow 200g,31000,32000
W3,2025-04-07,Pulpen Standard AE7,2600,2700
W3,2025-04-07,Pensil Faber-Castell,3100,3200
W3,2025-04-07,Isolasi,3100,3200
W3,2025-04-07,Bohlam LED Hannochs 9W,15500,16000
W3,2025-04-07,Bohlam LED Philips 5W,15500,16000
W3,2025-04-07,Tempura 250g,15500,16000
W3,2025-05-05,Minyakita 1L,17500,18500
W3,2025-05-05,Telur ayam 1kg,33000,34000
W3,2025-05-05,Minyak goreng Fortune 1L,20500,21500
W3,2025-05-05,Margarin Blue Band 200g,8200,8500
W3,2025-05-05,Tepung beras Rose Brand 500g,8800,9100
W3,2025-05-05,Pop Mie,6200,6400
W3,2025-05-05,Kecap manis Sedap 135ml,5700,5900
W3,2025-05-05,Roma Kelapa 300g,9300,9600
W3,2025-05-05,Khong Guan 200g,9300,9600
W3,2025-05-05,Snack kentang Qtela 60g,8200,8500
W3,2025-05-05,Sprite 390ml,6200,6400
W3,2025-05-05,Milo sachet,3600,3800
W3,2025-05-05,Marlboro 16 batang,43500,45000
W3,2025-05-05,Sabun cair Lifebuoy 250ml,12500,13000
W3,2025-05-05,Soklin sachet,2100,2200
W3,2025-05-05,Spons (kebersihan),3100,3200
W3,2025-05-05,Tisu basah Cussons,9300,9600
W3,2025-05-05,Pembalut Charm,10500,11000
W3,2025-05-05,Bubur bayi Promina 120g,12500,13000
W3,2025-05-05,Pulpen Standard AE7,2700,2600
W3,2025-05-05,Baterai AA ABC 2pcs,8200,8500
W3,2025-05-05,Hanger,3100,3200
W3,2025-05-05,Sapu lidi,10500,11000
W3,2025-05-05,Cornetto,12500,13000
W3,2025-06-02,Gula pasir Gulaku 1kg,19500,20500
W3,2025-06-02,Garam Refina 500g,4100,4300
W3,2025-06-02,Beras medium SPHP 5kg,67000,69500
W3,2025-06-02,Minyak goreng Bimoli 1L,22500,23500
W3,2025-06-02,Mi jumbo Indomie,4600,4800
W3,2025-06-02,Merica bubuk Ladaku,1500,1600
W3,2025-06-02,Kaldu bubuk Royco 100g,5700,5900
W3,2025-06-02,Kecap manis ABC 135ml,6200,6400
W3,2025-06-02,Penyedap Masako,1500,1600
W3,2025-06-02,Oreo 119g,8200,8500
W3,2025-06-02,Cokelat SilverQueen,12500,13000
W3,2025-06-02,Teh Gelas 350ml,2600,2700
W3,2025-06-02,Chocolatos sachet,2100,2200
W3,2025-06-02,Kopi susu Good Day sachet,2100,2200
W3,2025-06-02,Parfum Gatsby 100ml,26000,27000
W3,2025-06-02,Karbol 500ml,7200,7500
W3,2025-06-02,Susu formula SGM 200g,26000,27000
W3,2025-06-02,Balsem Geliga 20g,8200,8500
W3,2025-06-02,Oralit sachet,2100,2200
W3,2025-06-02,Pulpen Standard AE7,2600,2700
W3,2025-06-02,Tali per meter,2100,2200
W3,2025-06-02,Lakban,5200,5400
W3,2025-06-02,Ember,20500,21500
W3,2025-06-02,Aluminium foil,10500,11000
W3,2025-06-02,Nugget So Good 250g,22500,23500
W3,2025-07-07,Tepung terigu Segitiga Biru 1kg,15500,16000
W3,2025-07-07,Margarin Blue Band 500g,18500,19500
W3,2025-07-07,Beras medium 1kg,15000,15500
W3,2025-07-07,Mi goreng Sarimi,3100,3200
W3,2025-07-07,Saus tomat ABC 135ml,7200,7500
W3,2025-07-07,Saus tiram Saori 133ml,8200,8500
W3,2025-07-07,Teh Gelas 350ml,2700,2600
W3,2025-07-07,Kratingdaeng 150ml,8200,8500
W3,2025-07-07,Le Minerale 1.5L,6200,6400
W3,2025-07-07,Teh Sariwangi 25 kantong,8200,8500
W3,2025-07-07,Kopi Torabika sachet,2100,2200
W3,2025-07-07,Deodoran Rexona sachet,4100,4300
W3,2025-07-07,Super Pell 450ml,8200,8500
W3,2025-07-07,Kantong sampah,8200,8500
W3,2025-07-07,Cotton bud Selection,5200,5400
W3,2025-07-07,Kapas Selection,5200,5400
W3,2025-07-07,Pembalut Softex,9300,9600
W3,2025-07-07,Hansaplast 10 pcs,8200,8500
W3,2025-07-07,Tolak Angin sachet,4100,4300
W3,2025-07-07,Penggaris Butterfly 30cm,3100,3200
W3,2025-07-07,Map,2600,2700
W3,2025-07-07,Charger,31000,32000
W3,2025-07-07,Lem Alteco,4100,4300
W3,2025-07-07,Gelas plastik,8200,8500
W3,2025-07-07,Plastik kiloan,10500,11000
W3,2025-07-07,Plastik kresek sedang,7200,7500
W3,2025-07-07,Oli motor 1L,62000,64000
W3,2025-07-07,Nugget Fiesta 250g,26000,27000
W3,2025-07-07,Tempura 250g,16000,16500
W3,2025-08-04,Telur ayam 1 butir,2500,2600
W3,2025-08-04,Margarin Blue Band 200g,8500,8800
W3,2025-08-04,Tepung beras Rose Brand 500g,9100,9400
W3,2025-08-04,Bubur instan 50g,5200,5400
W3,2025-08-04,Mi soto Indomie,3600,3800
W3,2025-08-04,Bihun Rose Brand 320g,8200,8500
W3,2025-08-04,Bawang goreng 50g,7200,7500
W3,2025-08-04,Penyedap Royco,1500,1600
W3,2025-08-04,Basreng 100g,7200,7500
W3,2025-08-04,Good Day 250ml,5200,5400
W3,2025-08-04,Kopi Good Day sachet,2100,2200
W3,2025-08-04,Kopi susu Torabika sachet,2100,2200
W3,2025-08-04,Pasta gigi Pepsodent 75g,7200,7500
W3,2025-08-04,Shampoo Pantene sachet,1500,1600
W3,2025-08-04,Shampoo Sunsilk sachet,1500,1600
W3,2025-08-04,Sunlight sachet,2100,2200
W3,2025-08-04,Sikat,7200,7500
W3,2025-08-04,Rinso 800g,18500,19500
W3,2025-08-04,Sunlight 400ml,9300,9600
W3,2025-08-04,Spons (kebersihan),3200,3300
W3,2025-08-04,Popok Merries isi 10,29000,30000
W3,2025-08-04,Biskuit bayi Promina 100g,10500,11000
W3,2025-08-04,Popok MamyPoko isi 10,26000,27000
W3,2025-08-04,Promag strip,8200,8500
W3,2025-08-04,Antangin sachet,3600,3800
W3,2025-08-04,Salonpas 10 pcs,15500,16000
W3,2025-08-04,Spidol Snowman,5200,5400
W3,2025-08-04,Gunting Joyko,7200,7500
W3,2025-08-04,Kabel USB,16000,16500
W3,2025-08-04,Gayung,7200,7500
W3,2025-08-04,Plastik es,5200,5400
W3,2025-08-04,Tusuk sate,5200,5400
W3,2025-08-04,Es krim Magnum,16000,16500
W3,2025-08-04,Es krim cup Wall's,5200,5400
W3,2025-08-04,Sosis So Nice,16000,16500
W3,2025-09-01,Minyakita 1L,18500,20500
W3,2025-09-01,Telur ayam 1kg,34000,38000
W3,2025-09-01,Telur ayam 1 butir,2600,2800
W3,2025-09-01,Gula pasir Gulaku 1kg,20500,23000
W3,2025-09-01,Tepung terigu Segitiga Biru 1kg,16000,17500
W3,2025-09-01,Garam Refina 500g,4300,4800
W3,2025-09-01,Beras premium 10kg,157500,176500
W3,2025-09-01,Minyak goreng Fortune 1L,21500,24000
W3,2025-09-01,Beras medium SPHP 5kg,69500,78500
W3,2025-09-01,Margarin Blue Band 500g,19500,22000
W3,2025-09-01,Margarin Blue Band 200g,8800,9700
W3,2025-09-01,Minyak goreng Bimoli 1L,23500,26000
W3,2025-09-01,Beras medium 1kg,15500,17000
W3,2025-09-01,Tepung beras Rose Brand 500g,9400,10500
W3,2025-09-01,Tepung terigu Kompas 1kg,13500,15000
W3,2025-09-01,Oatmeal Quaker 35g,3600,3800
W3,2025-09-01,Mi goreng Sedaap,3600,3800
W3,2025-09-01,Kecap manis Bango 135ml,7200,7500
W3,2025-09-01,Kacang kulit Garuda 100g,7200,7500
W3,2025-09-01,Wafer Tango 115g,7200,7500
W3,2025-09-01,Snack jagung Cheetos,3200,3300
W3,2025-09-01,Teh Gelas 350ml,2600,2700
W3,2025-09-01,Teh Botol Sosro 350ml,5200,5400
W3,2025-09-01,Teh Pucuk 350ml,4100,4300
W3,2025-09-01,Aqua 330ml,3100,3200
W3,2025-09-01,Teh Tong Tji sachet,1000,1100
W3,2025-09-01,Nutrisari sachet,2100,2200
W3,2025-09-01,Deodoran Rexona 45ml,18500,19500
W3,2025-09-01,Body lotion Citra 100ml,10500,11000
W3,2025-09-01,Pasta gigi Close Up 65g,7200,7500
W3,2025-09-01,Pomade Gatsby 80g,20500,21500
W3,2025-09-01,Tisu Paseo,8200,8500
W3,2025-09-01,Minyak kayu putih Cap Lang 30ml (Bayi),10500,11000
W3,2025-09-01,Buku tulis Sinar Dunia,4100,4300
W3,2025-09-01,Sendok plastik,5200,5400
W3,2025-10-06,Telur ayam 1 butir,2800,2900
W3,2025-10-06,Terasi ABC 20g,3200,3300
W3,2025-10-06,Kaldu bubuk Royco 100g,5900,6100
W3,2025-10-06,Kecap manis Sedap 135ml,5900,6100
W3,2025-10-06,Permen Relaxa,7200,7500
W3,2025-10-06,Permen karet Big Babol,2100,2200
W3,2025-10-06,Khong Guan 200g,9600,9900
W3,2025-10-06,Kacang atom Garuda 100g,7200,7500
W3,2025-10-06,Pocari Sweat 500ml,9300,9600
W3,2025-10-06,Kopiko 78C 240ml,6200,6400
W3,2025-10-06,Tembakau linting,15500,16000
W3,2025-10-06,Sikat gigi Formula,7200,7500
W3,2025-10-06,Sabun batang Lux,4600,4800
W3,2025-10-06,Mama Lemon 400ml,8200,8500
W3,2025-10-06,Minyak kayu putih Cap Lang 30ml (Bayi),11000,10500
W3,2025-10-06,FreshCare 10ml,12500,13000
W3,2025-10-06,Amplop,1000,1100
W3,2025-10-06,Bohlam LED Philips 5W,16000,16500
W3,2025-10-06,Lilin,2100,2200
W3,2025-10-06,Tusuk gigi,3200,3300
W3,2025-11-03,Tepung terigu Kompas 1kg,15000,15500
W3,2025-11-03,Mi kari ayam Indomie,3600,3800
W3,2025-11-03,Kecap manis ABC 135ml,6400,6600
W3,2025-11-03,Roma Kelapa 300g,9600,9900
W3,2025-11-03,Snack jagung Chiki,3200,3300
W3,2025-11-03,Indomilk 190ml,5200,5400
W3,2025-11-03,Buavita 250ml,7200,7500
W3,2025-11-03,Djarum Super 16 batang,33000,34000
W3,2025-11-03,Surya 12 batang,26000,27000
W3,2025-11-03,Sabun batang Lifebuoy,4100,4300
W3,2025-11-03,Tisu basah Cussons,9600,9900
W3,2025-11-03,Tisu Tessa,7200,7500
W3,2025-11-03,Minyak kayu putih Cap Lang 30ml (Bayi),10500,11000
W3,2025-11-03,Susu formula Dancow 200g,32000,33000
W3,2025-11-03,Buku tulis Kiky,6200,6400
W3,2025-11-03,Pulpen Standard AE7,2700,2800
W3,2025-11-03,Isolasi,3200,3300
W3,2025-11-03,Bohlam LED Hannochs 9W,16000,16500
W3,2025-11-03,Baterai AAA ABC 2pcs,8200,8500
W3,2025-11-03,Lap dapur,7200,7500
W3,2025-11-17,Terasi ABC 20g,3300,3500
W3,2025-11-17,Merica bubuk Ladaku,1600,1700
W3,2025-11-17,Kecap manis Bango 135ml,7500,8000
W3,2025-11-17,Kaldu bubuk Royco 100g,6100,6600
W3,2025-11-17,Kecap manis ABC 135ml,6600,7100
W3,2025-11-17,Kecap manis Sedap 135ml,6100,6500
W3,2025-11-17,Penyedap Masako,1600,1700
W3,2025-11-17,Bawang goreng 50g,7500,8200
W3,2025-11-17,Saus tomat ABC 135ml,7500,8100
W3,2025-11-17,Saus tiram Saori 133ml,8500,9300
W3,2025-11-17,Penyedap Royco,1600,1700
W3,2025-12-01,Beras medium SPHP 5kg,78500,81000
W3,2025-12-01,Margarin Blue Band 200g,9700,10000
W3,2025-12-01,Keripik kentang Chitato 68g,13000,13500
W3,2025-12-01,Astor,2700,2800
W3,2025-12-01,Sprite 390ml,6400,6600
W3,2025-12-01,Korek gas,2100,2200
W3,2025-12-01,Rinso sachet,2700,2800
W3,2025-12-01,Karbol 500ml,7500,7800
W3,2025-12-01,Pembalut Charm,11000,11500
W3,2025-12-01,Bubur bayi Promina 120g,13000,13500
W3,2025-12-01,Minyak kayu putih Cap Lang 30ml (Obat),10500,11000
W3,2025-12-01,Cutter Joyko,5200,5400
W3,2025-12-01,Pensil Faber-Castell,3200,3300
W3,2025-12-01,Lem Alteco,4300,4500
W3,2025-12-01,Kabel USB,16500,17000
W3,2025-12-01,Sedotan,5200,5400
W3,2025-12-01,Minyak rem 100ml,15500,16000
W3,2025-12-01,Tempura 250g,16500,17000
W3,2025-12-01,Nugget So Good 250g,23500,24500
W3,2025-12-01,Es krim cup Wall's,5400,5600
W3,2026-01-05,Minyak goreng Fortune 1L,24000,25000
W3,2026-01-05,Minyak goreng Bimoli 1L,26000,27000
W3,2026-01-05,Tepung beras Rose Brand 500g,10500,11000
W3,2026-01-05,Indomie Cup,6700,7000
W3,2026-01-05,Cokelat SilverQueen,13000,13500
W3,2026-01-05,Snack jagung Cheetos,3300,3400
W3,2026-01-05,Good Day 250ml,5400,5600
W3,2026-01-05,Kratingdaeng 150ml,8500,8800
W3,2026-01-05,Ultra Milk 250ml,5700,5900
W3,2026-01-05,Le Minerale 600ml,4100,4300
W3,2026-01-05,Teh Sariwangi 25 kantong,8500,8800
W3,2026-01-05,Djarum Super 12 batang,24500,27000
W3,2026-01-05,Tembakau linting,16000,17500
W3,2026-01-05,Surya 16 batang,33000,36500
W3,2026-01-05,Korek gas,2200,2400
W3,2026-01-05,Sampoerna A 16 batang,37000,42000
W3,2026-01-05,Esse 16 batang,35000,39000
W3,2026-01-05,Marlboro 16 batang,45000,49500
W3,2026-01-05,Djarum Super 16 batang,34000,37500
W3,2026-01-05,Sampoerna Mild 16 batang,35000,39000
W3,2026-01-05,Surya 12 batang,27000,30000
W3,2026-01-05,Sunlight 400ml,9600,10000
W3,2026-01-05,Pantyliner Laurier,13000,13500
W3,2026-01-05,Minyak telon My Baby 60ml,10500,11000
W3,2026-01-05,Balsem Geliga 20g,8500,8800
W3,2026-01-05,Promag strip,8500,8800
W3,2026-01-05,Salonpas 10 pcs,16000,16500
W3,2026-01-05,Hanger,3200,3300
W3,2026-01-05,Ember,21500,22500
W3,2026-01-05,Selang gas,31000,32000
W3,2026-01-05,Minyak rem 100ml,16000,15500
W3,2026-01-05,Cornetto,13000,13500
W3,2026-02-02,Minyakita 1L,20500,21500
W3,2026-02-02,Telur ayam 1 butir,2900,3000
W3,2026-02-02,Garam Refina 500g,4800,5000
W3,2026-02-02,Beras premium 10kg,176500,183000
W3,2026-02-02,Margarin Blue Band 500g,22000,23000
W3,2026-02-02,Kaldu bubuk Royco 100g,6600,6800
W3,2026-02-02,Oreo 119g,8500,8800
W3,2026-02-02,Khong Guan 200g,9900,10500
W3,2026-02-02,Aqua 330ml,3200,3300
W3,2026-02-02,Chocolatos sachet,2200,2300
W3,2026-02-02,Kopi ABC sachet,2200,2300
W3,2026-02-02,Super Pell 450ml,8500,8800
W3,2026-02-02,Soklin sachet,2200,2300
W3,2026-02-02,Spons (kebersihan),3300,3400
W3,2026-02-02,Pembalut Softex,9600,9900
W3,2026-02-02,Popok Merries isi 10,30000,31000
W3,2026-02-02,Hansaplast 10 pcs,8500,8800
W3,2026-02-02,Sapu lidi,11000,11500
W3,2026-02-02,Gelas plastik,8500,8800
W3,2026-02-02,Aluminium foil,11000,11500
W3,2026-02-02,Minyak rem 100ml,15500,16000
W3,2026-02-02,Es krim Magnum,16500,17000
W3,2026-03-02,Minyakita 1L,21500,23500
W3,2026-03-02,Telur ayam 1kg,38000,42500
W3,2026-03-02,Telur ayam 1 butir,3000,3200
W3,2026-03-02,Gula pasir Gulaku 1kg,23000,25500
W3,2026-03-02,Tepung terigu Segitiga Biru 1kg,17500,19500
W3,2026-03-02,Garam Refina 500g,5000,5500
W3,2026-03-02,Beras premium 10kg,183000,199000
W3,2026-03-02,Minyak goreng Fortune 1L,25000,27500
W3,2026-03-02,Beras medium SPHP 5kg,81000,89500
W3,2026-03-02,Margarin Blue Band 500g,23000,25000
W3,2026-03-02,Margarin Blue Band 200g,10000,11000
W3,2026-03-02,Minyak goreng Bimoli 1L,27000,29500
W3,2026-03-02,Beras medium 1kg,17000,19000
W3,2026-03-02,Tepung beras Rose Brand 500g,11000,12000
W3,2026-03-02,Tepung terigu Kompas 1kg,15500,17000
W3,2026-03-02,Wafer Tango 115g,7500,7800
W3,2026-03-02,Snack kentang Qtela 60g,8500,8800
W3,2026-03-02,Basreng 100g,7500,7800
W3,2026-03-02,Aqua 330ml,3300,3200
W3,2026-03-02,Le Minerale 1.5L,6400,6600
W3,2026-03-02,Kopi Good Day sachet,2200,2300
W3,2026-03-02,Kopi susu Torabika sachet,2200,2300
W3,2026-03-02,Kopi Torabika sachet,2200,2300
W3,2026-03-02,Sabun cair Lifebuoy 250ml,13000,13500
W3,2026-03-02,Deodoran Rexona 45ml,19500,20500
W3,2026-03-02,Sabun batang Lux,4800,5000
W3,2026-03-02,Pasta gigi Close Up 65g,7500,7800
W3,2026-03-02,Attack sachet,2700,2800
W3,2026-03-02,Susu formula SGM 200g,27000,28000
W3,2026-03-02,Lem Fox 10g,3200,3300
W3,2026-03-02,Penggaris Butterfly 30cm,3200,3300
W3,2026-03-02,Buku gambar,7200,7500
W3,2026-03-02,Tali per meter,2200,2300
W3,2026-03-02,Bohlam LED Philips 5W,16500,17000
W3,2026-03-02,Baterai AAA ABC 2pcs,8500,8800
W3,2026-03-02,Plastik kresek sedang,7500,7800
W3,2026-04-06,Bubur instan 50g,5400,5600
W3,2026-04-06,Mi goreng Sarimi,3200,3300
W3,2026-04-06,Kecap manis Sedap 135ml,6500,6700
W3,2026-04-06,Penyedap Masako,1700,1800
W3,2026-04-06,Saus tomat ABC 135ml,8100,8400
W3,2026-04-06,Saus tiram Saori 133ml,9300,9600
W3,2026-04-06,Kopiko 78C 240ml,6400,6600
W3,2026-04-06,Milo sachet,3800,4000
W3,2026-04-06,Sikat gigi Formula,7500,7800
W3,2026-04-06,Parfum Gatsby 100ml,27000,28000
W3,2026-04-06,Sikat,7500,7800
W3,2026-04-06,Kantong sampah,8500,8800
W3,2026-04-06,Kapas Selection,5400,5600
W3,2026-04-06,Popok Merries isi 10,31000,32000
W3,2026-04-06,Biskuit bayi Promina 100g,11000,11500
W3,2026-04-06,Oralit sachet,2200,2300
W3,2026-04-06,Buku tulis Sinar Dunia,4300,4500
W3,2026-04-06,Bohlam LED Hannochs 9W,16500,17000
W3,2026-04-06,Lakban,5400,5600
W3,2026-04-06,Tusuk gigi,3300,3400
W3,2026-04-06,Sendok plastik,5400,5600
W3,2026-04-06,Nugget Fiesta 250g,27000,28000
W3,2026-04-06,Sosis So Nice,16500,17000
W3,2026-05-04,Telur ayam 1 butir,3200,3300
W3,2026-05-04,Pop Mie,6400,6600
W3,2026-05-04,Bihun Rose Brand 320g,8500,8800
W3,2026-05-04,Terasi ABC 20g,3500,3700
W3,2026-05-04,Merica bubuk Ladaku,1700,1800
W3,2026-05-04,Penyedap Royco,1700,1800
W3,2026-05-04,Kacang kulit Garuda 100g,7500,7800
W3,2026-05-04,Permen Relaxa,7500,7800
W3,2026-05-04,Keripik kentang Chitato 68g,13500,14000
W3,2026-05-04,Nutrisari sachet,2200,2300
W3,2026-05-04,Kopi susu Good Day sachet,2200,2300
W3,2026-05-04,Djarum Super 12 batang,27000,28000
W3,2026-05-04,Mama Lemon 400ml,8500,8800
W3,2026-05-04,Rinso sachet,2800,2900
W3,2026-05-04,Rinso 800g,19500,20500
W3,2026-05-04,Tisu basah Cussons,9900,10500
W3,2026-05-04,Tisu Paseo,8500,8800
W3,2026-05-04,Antangin sachet,3800,4000
W3,2026-05-04,Isolasi,3300,3400
W3,2026-05-04,Baterai AA ABC 2pcs,8500,8800
W3,2026-05-04,Lem ban,8200,8500
W3,2026-06-01,Gula pasir Gulaku 1kg,25500,26500
W3,2026-06-01,Beras medium SPHP 5kg,89500,93000
W3,2026-06-01,Margarin Blue Band 200g,11000,11500
W3,2026-06-01,Tepung beras Rose Brand 500g,12000,12500
W3,2026-06-01,Oatmeal Quaker 35g,3800,4000
W3,2026-06-01,Kecap manis Bango 135ml,8000,8300
W3,2026-06-01,Permen karet Big Babol,2200,2300
W3,2026-06-01,Snack jagung Chiki,3300,3400
W3,2026-06-01,Astor,2800,2900
W3,2026-06-01,Pocari Sweat 500ml,9600,9900
W3,2026-06-01,Indomilk 190ml,5400,5600
W3,2026-06-01,Pocari Sweat 350ml,7200,7500
W3,2026-06-01,Teh Botol Sosro 350ml,5400,5600
W3,2026-06-01,Aqua 330ml,3200,3300
W3,2026-06-01,Teh Sariwangi 25 kantong,8800,9100
W3,2026-06-01,Pasta gigi Pepsodent 75g,7500,7800
W3,2026-06-01,Pomade Gatsby 80g,21500,22500
W3,2026-06-01,Sunlight sachet,2200,2300
W3,2026-06-01,Susu formula Dancow 200g,33000,34000
W3,2026-06-01,Popok MamyPoko isi 10,27000,28000
W3,2026-06-01,Buku tulis Kiky,6400,6600
W3,2026-06-01,Spidol Snowman,5400,5600
W3,2026-06-01,Pensil Faber-Castell,3300,3400
W3,2026-06-01,Charger,32000,33000
W3,2026-06-01,Hanger,3300,3400
W3,2026-06-01,Plastik kiloan,11000,11500
W3,2026-06-01,Oli motor 0.8L,46500,48000
W3,2026-06-01,Nugget So Good 250g,24500,25500
W3,2026-06-01,Es krim cup Wall's,5600,5800
W3,2026-07-06,Minyakita 1L,23500,24500
W3,2026-07-06,Garam Refina 500g,5500,5700
W3,2026-07-06,Minyak goreng Fortune 1L,27500,28500
W3,2026-07-06,Margarin Blue Band 500g,25000,26000
W3,2026-07-06,Minyak goreng Bimoli 1L,29500,30500
W3,2026-07-06,Tepung terigu Kompas 1kg,17000,18000
W3,2026-07-06,Mi goreng Sedaap,3800,4000
W3,2026-07-06,Kecap manis ABC 135ml,7100,7400
W3,2026-07-06,Bawang goreng 50g,8200,8500
W3,2026-07-06,Saus tiram Saori 133ml,9600,9900
W3,2026-07-06,Kacang atom Garuda 100g,7500,7800
W3,2026-07-06,Shampoo Sunsilk sachet,1600,1700
W3,2026-07-06,Minyak kayu putih Cap Lang 30ml (Bayi),11000,11500
W3,2026-07-06,Pulpen Standard AE7,2800,2900
W3,2026-07-06,Lem Alteco,4500,4700
W3,2026-07-06,Lilin,2200,2300
W3,2026-07-06,Gayung,7500,7800
W3,2026-07-06,Tusuk sate,5400,5600
W3,2026-07-06,Lap dapur,7500,7800
W3,2026-07-06,LPG 5.5kg,108000,111500
W3,2026-07-06,Tempura 250g,17000,18000
W4,2025-04-07,Beras medium 1kg,14000,14500
W4,2025-04-07,Tepung terigu Kompas 1kg,12500,13000
W4,2025-04-07,Sabun cair Lifebuoy 250ml,12000,12500
W4,2025-04-07,Spons (kebersihan),3000,3100
W4,2025-04-07,Rautan Joyko,3000,3100
W4,2025-04-07,Charger,30000,31000
W4,2025-04-07,Sosis So Nice,15000,15500
W4,2025-05-05,Beras premium 5kg,75000,77500
W4,2025-05-05,Beras medium SPHP 5kg,65000,67000
W4,2025-05-05,Kecap manis ABC 135ml,6000,6200
W4,2025-05-05,Keripik kentang Chitato 68g,12000,12500
W4,2025-05-05,Kuaci Rebo 100g,7000,7300
W4,2025-05-05,Minyak rambut Gatsby 75g,15000,15500
W4,2025-05-05,Pembalut Charm,10000,10500
W4,2025-05-05,Pantyliner Laurier,12000,12500
W4,2025-05-05,Minyak telon My Baby 60ml,10000,10500
W4,2025-05-05,Popok Merries isi 10,28000,29000
W4,2025-05-05,Penghapus Faber-Castell,2500,2600
W4,2025-05-05,Pulpen Standard AE7,2500,2600
W4,2025-05-05,Map,2500,2600
W4,2025-05-05,Sapu lidi,10000,10500
W4,2025-05-05,Aluminium foil,10000,10500
W4,2025-05-05,Bakso 250g,15000,15500
W4,2025-06-02,Minyakita 1L,17000,18000
W4,2025-06-02,Minyak goreng Fortune 1L,20000,21000
W4,2025-06-02,Garam Refina 500g,4000,4200
W4,2025-06-02,Beras premium 10kg,148000,153000
W4,2025-06-02,Merica bubuk Ladaku,1500,1600
W4,2025-06-02,Saus tomat ABC 135ml,7000,7300
W4,2025-06-02,Kecap manis Sedap 135ml,5500,5700
W4,2025-06-02,Cuka 100ml,4000,4200
W4,2025-06-02,Saus sambal ABC 135ml,7000,7300
W4,2025-06-02,Indomilk 190ml,5000,5200
W4,2025-06-02,Kopi ABC sachet,2000,2100
W4,2025-06-02,Teh Sariwangi 25 kantong,8000,8300
W4,2025-06-02,Chocolatos sachet,2000,2100
W4,2025-06-02,Soklin sachet,2000,2100
W4,2025-06-02,Susu formula Dancow 200g,30000,31000
W4,2025-06-02,Hansaplast 10 pcs,8000,8300
W4,2025-06-02,Buku tulis Kiky,6000,6200
W4,2025-06-02,Hanger,3000,3100
W4,2025-06-02,Isolasi,3000,3100
W4,2025-06-02,Senter,20000,21000
W4,2025-06-02,Gelas plastik,8000,8300
W4,2025-07-07,Beras medium 1kg,14500,15000
W4,2025-07-07,Gula pasir Gulaku 1kg,19000,20000
W4,2025-07-07,Gula pasir curah 1kg,18000,19000
W4,2025-07-07,Indomie Cup,6500,6700
W4,2025-07-07,Mi goreng Indomie,3500,3700
W4,2025-07-07,Terasi ABC 20g,3000,3100
W4,2025-07-07,Basreng 100g,7000,7300
W4,2025-07-07,Kukubima sachet,2500,2600
W4,2025-07-07,Kopi Kapal Api sachet,2000,2100
W4,2025-07-07,Sunlight sachet,2000,2100
W4,2025-07-07,Baby powder My Baby 50g,7000,7300
W4,2025-07-07,Antangin sachet,3500,3700
W4,2025-07-07,Gunting Joyko,7000,7300
W4,2025-07-07,Kabel USB,15000,15500
W4,2025-07-07,Gayung,7000,7300
W4,2025-07-07,Charger,31000,32000
W4,2025-07-07,Plastik kresek kecil,5000,5200
W4,2025-07-07,Pengharum mobil,15000,15500
W4,2025-07-07,Sosis So Nice,15500,16000
W4,2025-08-04,Tepung terigu Kompas 1kg,13000,13500
W4,2025-08-04,Kacang kulit Garuda 100g,7000,7300
W4,2025-08-04,Roma Kelapa 300g,9000,9300
W4,2025-08-04,Makaroni pedas 100g,6000,6200
W4,2025-08-04,Permen Kopiko,8000,8300
W4,2025-08-04,Kopiko 78C 240ml,6000,6200
W4,2025-08-04,Nescafe 220ml,6000,6200
W4,2025-08-04,Le Minerale 600ml,4000,4200
W4,2025-08-04,Kopi susu Good Day sachet,2000,2100
W4,2025-08-04,Esse 16 batang,34000,35500
W4,2025-08-04,Deodoran Rexona 45ml,18000,19000
W4,2025-08-04,Sikat gigi Formula,7000,7300
W4,2025-08-04,Rinso 800g,18000,19000
W4,2025-08-04,Sunlight sachet,2100,2000
W4,2025-08-04,Tisu basah Mitu,8000,8300
W4,2025-08-04,Oralit sachet,2000,2100
W4,2025-08-04,FreshCare 10ml,12000,12500
W4,2025-08-04,Lakban,5000,5200
W4,2025-08-04,Plastik kresek sedang,7000,7300
W4,2025-08-04,Es krim cup Wall's,5000,5200
W4,2025-08-04,Nugget Fiesta 250g,25000,26000
W4,2025-09-01,Minyakita 1L,18000,20500
W4,2025-09-01,Minyak goreng Fortune 1L,21000,23500
W4,2025-09-01,Beras medium 1kg,15000,16500
W4,2025-09-01,Tepung terigu Kompas 1kg,13500,15000
W4,2025-09-01,Garam Refina 500g,4200,4700
W4,2025-09-01,Gula pasir Gulaku 1kg,20000,22000
W4,2025-09-01,Beras premium 10kg,153000,170500
W4,2025-09-01,Beras premium 5kg,77500,88000
W4,2025-09-01,Beras medium SPHP 5kg,67000,76000
W4,2025-09-01,Gula pasir curah 1kg,19000,21000
W4,2025-09-01,Mi goreng Sedaap,3500,3700
W4,2025-09-01,Mi kari ayam Indomie,3500,3700
W4,2025-09-01,Oatmeal Quaker 35g,3500,3700
W4,2025-09-01,Kacang sukro Garuda 80g,6000,6200
W4,2025-09-01,Kerupuk 100g,5000,5200
W4,2025-09-01,Aqua 1.5L,6000,6200
W4,2025-09-01,LA Bold 16 batang,30000,31000
W4,2025-09-01,Shampoo Sunsilk sachet,1500,1600
W4,2025-09-01,Shampoo Clear sachet,1500,1600
W4,2025-09-01,Minyak rambut Gatsby 75g,15500,16000
W4,2025-09-01,Sabun batang Lux,4500,4700
W4,2025-09-01,Spons (kebersihan),3100,3200
W4,2025-09-01,Mama Lemon 400ml,8000,8300
W4,2025-09-01,Balsem Geliga 20g,8000,8300
W4,2025-09-01,Buku gambar,7000,7300
W4,2025-09-01,Plastik es,5000,5200
W4,2025-09-01,Lap dapur,7000,7300
W4,2025-10-06,Keripik kentang Chitato 68g,12500,13000
W4,2025-10-06,Khong Guan 200g,9000,9300
W4,2025-10-06,Ultra Milk 250ml,5500,5700
W4,2025-10-06,Korek gas,2000,2100
W4,2025-10-06,Sabun batang Lifebuoy,4000,4200
W4,2025-10-06,Sunlight sachet,2000,2100
W4,2025-10-06,Bayclin 500ml,8000,8300
W4,2025-10-06,Tisu Nice,7000,7300
W4,2025-10-06,Susu formula SGM 200g,25000,26000
W4,2025-10-06,Map,2600,2700
W4,2025-10-06,Hanger,3100,3200
W4,2025-10-06,Charger,32000,33000
W4,2025-10-06,Bakso 250g,15500,16000
W4,2025-11-03,Beras medium 1kg,16500,17000
W4,2025-11-03,Makaroni 200g,7000,7400
W4,2025-11-03,Mi jumbo Indomie,4500,4700
W4,2025-11-03,Terasi ABC 20g,3100,3200
W4,2025-11-03,Kecap manis Sedap 135ml,5700,5900
W4,2025-11-03,Kecap manis ABC 135ml,6200,6400
W4,2025-11-03,Saus sambal ABC 135ml,7300,7600
W4,2025-11-03,Pocari Sweat 350ml,7000,7300
W4,2025-11-03,Extra Joss sachet,2000,2100
W4,2025-11-03,Sikat,7000,7300
W4,2025-11-03,Pantyliner Laurier,12500,13000
W4,2025-11-03,Kabel USB,15500,16000
W4,2025-11-03,Sapu lidi,10500,11000
W4,2025-11-03,Selang gas,30000,31000
W4,2025-11-17,Merica bubuk Ladaku,1600,1700
W4,2025-11-17,Saus tomat ABC 135ml,7300,8000
W4,2025-11-17,Terasi ABC 20g,3200,3400
W4,2025-11-17,Kecap manis Sedap 135ml,5900,6300
W4,2025-11-17,Kecap manis ABC 135ml,6400,6800
W4,2025-11-17,Cuka 100ml,4200,4600
W4,2025-11-17,Saus sambal ABC 135ml,7600,8100
W4,2025-12-01,Beras premium 5kg,88000,91000
W4,2025-12-01,Permen Kopiko,8300,8600
W4,2025-12-01,Frestea 350ml,4000,4200
W4,2025-12-01,Korek kayu,2000,2100
W4,2025-12-01,Sabun cair Lifebuoy 250ml,12500,13000
W4,2025-12-01,Super Pell 450ml,8000,8300
W4,2025-12-01,Minyak telon My Baby 60ml,10500,11000
W4,2025-12-01,Popok Merries isi 10,29000,30000
W4,2025-12-01,Buku tulis Kiky,6200,6400
W4,2025-12-01,Pel,20000,21000
W4,2025-12-01,Pengharum mobil,15500,15000
W4,2026-01-05,Minyak goreng Fortune 1L,23500,24500
W4,2026-01-05,Tepung terigu Kompas 1kg,15000,15500
W4,2026-01-05,Gula pasir Gulaku 1kg,22000,23000
W4,2026-01-05,Beras premium 10kg,170500,176000
W4,2026-01-05,Basreng 100g,7300,7600
W4,2026-01-05,Korek kayu,2100,2300
W4,2026-01-05,Korek gas,2100,2300
W4,2026-01-05,LA Bold 16 batang,31000,34500
W4,2026-01-05,Gudang Garam 16 batang,30000,34000
W4,2026-01-05,Sampoerna Mild 16 batang,34000,38500
W4,2026-01-05,Esse 16 batang,35500,39000
W4,2026-01-05,Djarum Super 12 batang,24000,27000
W4,2026-01-05,Diapet strip,7000,7300
W4,2026-01-05,Rautan Joyko,3100,3200
W4,2026-01-05,Buku tulis Sinar Dunia,4000,4200
W4,2026-01-05,Kabel USB,16000,15500
W4,2026-01-05,Gelas plastik,8300,8600
W4,2026-01-05,Plastik kresek kecil,5200,5400
W4,2026-01-05,Sosis So Nice,16000,16500
W4,2026-01-05,Nugget Fiesta 250g,26000,27000
W4,2026-02-02,Minyakita 1L,20500,21500
W4,2026-02-02,Garam Refina 500g,4700,4900
W4,2026-02-02,Beras medium SPHP 5kg,76000,79000
W4,2026-02-02,Gula pasir curah 1kg,21000,22000
W4,2026-02-02,Merica bubuk Ladaku,1700,1800
W4,2026-02-02,Khong Guan 200g,9300,9600
W4,2026-02-02,Kacang kulit Garuda 100g,7300,7600
W4,2026-02-02,Kuaci Rebo 100g,7300,7600
W4,2026-02-02,Teh Sariwangi 25 kantong,8300,8600
W4,2026-02-02,Kopi Kapal Api sachet,2100,2200
W4,2026-02-02,Chocolatos sachet,2100,2200
W4,2026-02-02,Teh Tong Tji sachet,1000,1100
W4,2026-02-02,Deodoran Rexona sachet,4000,4200
W4,2026-02-02,Soklin sachet,2100,2200
W4,2026-02-02,Spons (kebersihan),3200,3300
W4,2026-02-02,Mama Lemon 400ml,8300,8600
W4,2026-02-02,Gunting Joyko,7300,7600
W4,2026-02-02,Kabel USB,15500,16000
W4,2026-02-02,Charger,33000,34000
W4,2026-02-02,Aluminium foil,10500,11000
W4,2026-02-02,Es krim cup Wall's,5200,5400
W4,2026-02-02,Bakso 250g,16000,16500
W4,2026-03-02,Minyakita 1L,21500,23000
W4,2026-03-02,Minyak goreng Fortune 1L,24500,27000
W4,2026-03-02,Beras medium 1kg,17000,19000
W4,2026-03-02,Tepung terigu Kompas 1kg,15500,16500
W4,2026-03-02,Garam Refina 500g,4900,5300
W4,2026-03-02,Gula pasir Gulaku 1kg,23000,25000
W4,2026-03-02,Beras premium 10kg,176000,193500
W4,2026-03-02,Beras premium 5kg,91000,101500
W4,2026-03-02,Beras medium SPHP 5kg,79000,85500
W4,2026-03-02,Gula pasir curah 1kg,22000,23500
W4,2026-03-02,Mi goreng Indomie,3700,3900
W4,2026-03-02,Cuka 100ml,4600,4800
W4,2026-03-02,Sabun batang Lux,4700,4900
W4,2026-03-02,Rinso 800g,19000,20000
W4,2026-03-02,Pembalut Charm,10500,11000
W4,2026-03-02,Tisu Tessa,7000,7300
W4,2026-03-02,Susu formula Dancow 200g,31000,32000
W4,2026-03-02,Baby powder My Baby 50g,7300,7600
W4,2026-03-02,Lakban,5200,5400
W4,2026-04-06,Tepung terigu Kompas 1kg,16500,17000
W4,2026-04-06,Kecap manis Sedap 135ml,6300,6500
W4,2026-04-06,Makaroni pedas 100g,6200,6400
W4,2026-04-06,Kacang sukro Garuda 80g,6200,6400
W4,2026-04-06,Kopiko 78C 240ml,6200,6400
W4,2026-04-06,Nescafe 220ml,6200,6400
W4,2026-04-06,Kratingdaeng 150ml,8000,8300
W4,2026-04-06,Kukubima sachet,2600,2700
W4,2026-04-06,Deodoran Rexona 45ml,19000,20000
W4,2026-04-06,Shampoo Sunsilk sachet,1600,1700
W4,2026-04-06,Sabun cair Lifebuoy 250ml,13000,13500
W4,2026-04-06,Minyak rambut Gatsby 75g,16000,16500
W4,2026-04-06,Sikat gigi Formula,7300,7600
W4,2026-04-06,Hansaplast 10 pcs,8300,8600
W4,2026-04-06,Antangin sachet,3700,3900
W4,2026-04-06,Buku gambar,7300,7600
W4,2026-04-06,Map,2700,2800
W4,2026-04-06,Hanger,3200,3300
W4,2026-04-06,Senter,21000,22000
W4,2026-04-06,Plastik kresek sedang,7300,7600
W4,2026-04-06,Plastik es,5200,5400
W4,2026-04-06,Lap dapur,7300,7600
W4,2026-04-06,Pengharum mobil,15000,15500
W4,2026-05-04,Indomie Cup,6700,7000
W4,2026-05-04,Makaroni 200g,7400,7700
W4,2026-05-04,Oatmeal Quaker 35g,3700,3900
W4,2026-05-04,Mi jumbo Indomie,4700,4900
W4,2026-05-04,Saus tomat ABC 135ml,8000,8300
W4,2026-05-04,Kecap manis ABC 135ml,6800,7100
W4,2026-05-04,Kerupuk 100g,5200,5400
W4,2026-05-04,Aqua 1.5L,6200,6400
W4,2026-05-04,Minyak rambut Gatsby 75g,16500,16000
W4,2026-05-04,Sabun batang Lifebuoy,4200,4400
W4,2026-05-04,Mama Lemon 400ml,8600,8900
W4,2026-05-04,Bayclin 500ml,8300,8600
W4,2026-05-04,Tisu basah Mitu,8300,8600
W4,2026-05-04,Pulpen Standard AE7,2600,2700
W4,2026-05-04,Kabel USB,16000,16500
W4,2026-05-04,Klem selang,5000,5200
W4,2026-05-04,Sosis So Nice,16500,17000
W4,2026-05-04,Nugget Fiesta 250g,27000,28000
W4,2026-06-01,Beras premium 5kg,101500,105000
W4,2026-06-01,Gula pasir curah 1kg,23500,24500
W4,2026-06-01,Mi goreng Sedaap,3700,3900
W4,2026-06-01,Saus sambal ABC 135ml,8100,8400
W4,2026-06-01,Permen Kopiko,8600,8900
W4,2026-06-01,Frestea 350ml,4200,4400
W4,2026-06-01,Kopi ABC sachet,2100,2200
W4,2026-06-01,Shampoo Clear sachet,1600,1700
W4,2026-06-01,Minyak rambut Gatsby 75g,16000,16500
W4,2026-06-01,Super Pell 450ml,8300,8600
W4,2026-06-01,Tisu Nice,7300,7600
W4,2026-06-01,Pantyliner Laurier,13000,13500
W4,2026-06-01,Minyak telon My Baby 60ml,11000,11500
W4,2026-06-01,FreshCare 10ml,12500,13000
W4,2026-06-01,Isolasi,3100,3200
W4,2026-06-01,Gayung,7300,7600
W4,2026-06-01,Bakso 250g,16500,17000
W4,2026-07-06,Minyakita 1L,23000,24000
W4,2026-07-06,Beras premium 10kg,193500,200500
W4,2026-07-06,Beras medium SPHP 5kg,85500,89000
W4,2026-07-06,Mi kari ayam Indomie,3700,3900
W4,2026-07-06,Khong Guan 200g,9600,9900
W4,2026-07-06,Roma Kelapa 300g,9300,9700
W4,2026-07-06,Kopi susu Good Day sachet,2100,2200
W4,2026-07-06,Esse 16 batang,39000,40500
W4,2026-07-06,Spons (kebersihan),3300,3400
W4,2026-07-06,Sunlight sachet,2100,2200
W4,2026-07-06,Sikat,7300,7600
W4,2026-07-06,Susu formula SGM 200g,26000,27000
W4,2026-07-06,Susu formula Dancow 200g,32000,33000
W4,2026-07-06,Oralit sachet,2100,2200
W4,2026-07-06,FreshCare 10ml,13000,12500
W4,2026-07-06,Gelas plastik,8600,8900
W4,2026-07-06,Plastik kresek kecil,5400,5600
W5,2025-03-03,Minyak kayu putih Cap Lang 30ml (Bayi),10000,10500
W5,2025-03-03,Bakso 250g,15500,16000
W5,2025-04-07,Tepung terigu Segitiga Biru 1kg,15000,15500
W5,2025-04-07,Kecap asin ABC 135ml,6100,6300
W5,2025-04-07,Better,2600,2700
W5,2025-04-07,Permen karet Big Babol,2000,2100
W5,2025-04-07,Snack jagung Cheetos,3100,3200
W5,2025-04-07,Daia sachet,2000,2100
W5,2025-04-07,Rautan Joyko,3100,3200
W5,2025-04-07,Tempura 250g,15500,16000
W5,2025-05-05,Minyak goreng Bimoli 1L,22500,23500
W5,2025-05-05,Beras medium SPHP 5kg,66500,68500
W5,2025-05-05,Tepung beras Rose Brand 500g,8700,9000
W5,2025-05-05,Telur ayam 1 butir,2300,2400
W5,2025-05-05,Beras premium 10kg,151000,157500
W5,2025-05-05,Beras premium 5kg,76500,79500
W5,2025-05-05,Mi goreng Sarimi,3100,3200
W5,2025-05-05,Indomie Cup,6600,6800
W5,2025-05-05,Terasi ABC 20g,3100,3200
W5,2025-05-05,Keripik kentang Chitato 68g,12000,12500
W5,2025-05-05,Astor,2600,2700
W5,2025-05-05,Snack kentang Qtela 60g,8200,8500
W5,2025-05-05,Coca-Cola 390ml,6100,6300
W5,2025-05-05,Kopi susu Torabika sachet,2000,2100
W5,2025-05-05,Nutrisari sachet,2000,2100
W5,2025-05-05,Kopi Kapal Api sachet,2000,2100
W5,2025-05-05,Super Pell 450ml,8200,8500
W5,2025-05-05,Tisu basah Cussons,9200,9500
W5,2025-05-05,Minyak telon My Baby 60ml,10000,10500
W5,2025-05-05,Bubur bayi Promina 120g,12000,12500
W5,2025-05-05,Vitamin C CDR,3100,3200
W5,2025-05-05,Paracetamol strip,3100,3200
W5,2025-05-05,Minyak kayu putih Cap Lang 30ml (Obat),10000,10500
W5,2025-05-05,Pensil Faber-Castell,3100,3200
W5,2025-05-05,Map,2600,2700
W5,2025-05-05,Isolasi,3100,3200
W5,2025-05-05,Pengki,12000,12500
W5,2025-05-05,Kabel USB,15500,16000
W5,2025-05-05,Hanger,3100,3200
W5,2025-05-05,Sapu lidi,10000,10500
W5,2025-05-05,Nugget So Good 250g,22500,23500
W5,2025-05-05,Cornetto,12000,12500
W5,2025-06-02,Gula pasir Rose Brand 1kg,19000,20000
W5,2025-06-02,Pop Mie,6100,6300
W5,2025-06-02,Makaroni 200g,7100,7400
W5,2025-06-02,Saus tomat ABC 135ml,7100,7400
W5,2025-06-02,Mayones Maestro 100g,7100,7400
W5,2025-06-02,Makaroni pedas 100g,6100,6300
W5,2025-06-02,Ultra Milk 250ml,5600,5800
W5,2025-06-02,Aqua 1.5L,6100,6300
W5,2025-06-02,Djarum Super 16 batang,32500,33500
W5,2025-06-02,Shampoo Sunsilk sachet,1500,1600
W5,2025-06-02,Minyak rambut Gatsby 75g,15500,16000
W5,2025-06-02,Karbol 500ml,7100,7400
W5,2025-06-02,Tisu basah Mitu,8200,8500
W5,2025-06-02,Baby powder My Baby 50g,7100,7400
W5,2025-06-02,Bubur bayi Promina 120g,12500,12000
W5,2025-06-02,Lakban,5100,5300
W5,2025-06-02,Bohlam LED Hannochs 9W,15500,16000
W5,2025-06-02,Plastic wrap,12000,12500
W5,2025-06-02,Plastik kresek kecil,5100,5300
W5,2025-06-02,Plastik klip,5100,5300
W5,2025-06-02,Aluminium foil,10000,10500
W5,2025-06-02,Es krim cup Wall's,5100,5300
W5,2025-06-02,Nugget Fiesta 250g,25500,26500
W5,2025-07-07,Santan Kara 65ml,4100,4300
W5,2025-07-07,Garam Dolphin 500g,3600,3800
W5,2025-07-07,Minyakita 1L,17500,18500
W5,2025-07-07,Mi goreng Indomie,3600,3800
W5,2025-07-07,Kecap manis Sedap 135ml,5600,5800
W5,2025-07-07,Kecap manis ABC 135ml,6100,6300
W5,2025-07-07,Kaldu bubuk Royco 100g,5600,5800
W5,2025-07-07,Kerupuk 100g,5100,5300
W5,2025-07-07,Roma Kelapa 300g,9200,9500
W5,2025-07-07,Teh Botol Sosro 350ml,5100,5300
W5,2025-07-07,Aqua 330ml,3100,3200
W5,2025-07-07,Kopi ABC sachet,2000,2100
W5,2025-07-07,Surya 16 batang,32500,33500
W5,2025-07-07,Shampoo H&S sachet,2000,2100
W5,2025-07-07,Sabun batang Lifebuoy,4100,4300
W5,2025-07-07,Sunlight 400ml,9200,9500
W5,2025-07-07,Rinso sachet,2600,2700
W5,2025-07-07,Attack sachet,2600,2700
W5,2025-07-07,Pembalut Softex,9200,9500
W5,2025-07-07,Susu formula Dancow 200g,30500,31500
W5,2025-07-07,Bubur bayi Promina 120g,12000,12500
W5,2025-07-07,Ember,20500,21500
W5,2025-07-07,Tusuk sate,5100,5300
W5,2025-07-07,Sedotan,5100,5300
W5,2025-07-07,Sendok plastik,5100,5300
W5,2025-07-07,Bakso 250g,16000,16500
W5,2025-08-04,Tepung terigu Segitiga Biru 1kg,15500,16000
W5,2025-08-04,Minyak goreng Sania 1L,21000,22000
W5,2025-08-04,Bubur instan 50g,5100,5300
W5,2025-08-04,Cuka 100ml,4100,4300
W5,2025-08-04,Terasi ABC 20g,3200,3300
W5,2025-08-04,Wafer Tango 115g,7100,7400
W5,2025-08-04,Sabun batang Lux,4600,4800
W5,2025-08-04,Pasta gigi Sensodyne 40g,20500,21500
W5,2025-08-04,Shampoo Pantene sachet,1500,1600
W5,2025-08-04,Wipol 450ml,9200,9500
W5,2025-08-04,Rinso sachet,2700,2600
W5,2025-08-04,Tisu Nice,7100,7400
W5,2025-08-04,Oralit sachet,2000,2100
W5,2025-08-04,Baterai AAA ABC 2pcs,8200,8500
W5,2025-08-04,Tempura 250g,16000,16500
W5,2025-09-01,Santan Kara 65ml,4300,4800
W5,2025-09-01,Minyak goreng Bimoli 1L,23500,26500
W5,2025-09-01,Tepung terigu Segitiga Biru 1kg,16000,17500
W5,2025-09-01,Garam Dolphin 500g,3800,4200
W5,2025-09-01,Beras medium SPHP 5kg,68500,78000
W5,2025-09-01,Tepung beras Rose Brand 500g,9000,10000
W5,2025-09-01,Minyakita 1L,18500,20500
W5,2025-09-01,Minyak goreng Sania 1L,22000,24000
W5,2025-09-01,Telur ayam 1 butir,2400,2700
W5,2025-09-01,Beras premium 10kg,157500,179000
W5,2025-09-01,Beras premium 5kg,79500,90500
W5,2025-09-01,Gula pasir Rose Brand 1kg,20000,22500
W5,2025-09-01,Mi goreng Sarimi,3200,3300
W5,2025-09-01,Mi ayam bawang Indomie,3600,3800
W5,2025-09-01,Saus tiram Saori 133ml,8200,8500
W5,2025-09-01,Kecap asin ABC 135ml,6300,6500
W5,2025-09-01,Astor,2700,2800
W5,2025-09-01,Basreng 100g,7100,7400
W5,2025-09-01,Snack jagung Cheetos,3200,3300
W5,2025-09-01,Indomilk 190ml,5100,5300
W5,2025-09-01,Teh Pucuk 350ml,4100,4300
W5,2025-09-01,Good Day 250ml,5100,5300
W5,2025-09-01,Extra Joss sachet,2000,2100
W5,2025-09-01,Teh Tong Tji sachet,1000,1100
W5,2025-09-01,Body lotion Citra 100ml,10000,10500
W5,2025-09-01,Shampoo Pantene sachet,1600,1500
W5,2025-09-01,Pomade Gatsby 80g,20500,21500
W5,2025-09-01,Rinso sachet,2600,2700
W5,2025-09-01,Pembalut Charm,10000,10500
W5,2025-09-01,Promag strip,8200,8500
W5,2025-09-01,Cutter Joyko,5100,5300
W5,2025-09-01,Penggaris Butterfly 30cm,3100,3200
W5,2025-09-01,Gayung,7100,7400
W5,2025-09-01,Sapu ijuk,20500,21500
W5,2025-10-06,Tepung beras Rose Brand 500g,10000,10500
W5,2025-10-06,Pop Mie,6300,6500
W5,2025-10-06,Astor,2800,2700
W5,2025-10-06,Khong Guan 200g,9200,9500
W5,2025-10-06,Sprite 390ml,6100,6300
W5,2025-10-06,Kopi susu Good Day sachet,2000,2100
W5,2025-10-06,Dancow sachet,3600,3800
W5,2025-10-06,Korek gas,2000,2100
W5,2025-10-06,Shampoo Pantene sachet,1500,1600
W5,2025-10-06,Deodoran Rexona 45ml,18500,19500
W5,2025-10-06,Downy sachet,2000,2100
W5,2025-10-06,Tisu basah Cussons,9500,9900
W5,2025-10-06,Pengki,12500,13000
W5,2025-10-06,Pengharum mobil,15500,16000
W5,2025-11-03,Kaldu bubuk Royco 100g,5800,6000
W5,2025-11-03,Mayones Maestro 100g,7400,7700
W5,2025-11-03,Astor,2700,2800
W5,2025-11-03,Ultra Milk 250ml,5800,6000
W5,2025-11-03,Korek kayu,2000,2100
W5,2025-11-03,Minyak kayu putih Cap Lang 30ml (Bayi),10500,11000
W5,2025-11-03,Buku tulis Kiky,6100,6300
W5,2025-11-03,Map,2700,2800
W5,2025-11-03,Nugget So Good 250g,23500,24500
W5,2025-11-03,Cornetto,12500,13000
W5,2025-11-03,Es krim cup Wall's,5300,5500
W5,2025-11-03,Tempura 250g,16500,17000
W5,2025-11-17,Saus tiram Saori 133ml,8500,9300
W5,2025-11-17,Kecap asin ABC 135ml,6500,7000
W5,2025-11-17,Saus tomat ABC 135ml,7400,8100
W5,2025-11-17,Kecap manis Sedap 135ml,5800,6400
W5,2025-11-17,Cuka 100ml,4300,4600
W5,2025-11-17,Terasi ABC 20g,3300,3600
W5,2025-11-17,Kecap manis ABC 135ml,6300,6900
W5,2025-11-17,Kaldu bubuk Royco 100g,6000,6400
W5,2025-11-17,Mayones Maestro 100g,7700,8200
W5,2025-12-01,Minyak goreng Bimoli 1L,26500,27500
W5,2025-12-01,Minyak goreng Sania 1L,24000,25000
W5,2025-12-01,Kerupuk 100g,5300,5500
W5,2025-12-01,Makaroni pedas 100g,6300,6500
W5,2025-12-01,Permen karet Big Babol,2100,2200
W5,2025-12-01,Kopiko 78C 240ml,6100,6300
W5,2025-12-01,Djarum Super 12 batang,24500,25500
W5,2025-12-01,Sampoerna A 16 batang,36500,38000
W5,2025-12-01,Karbol 500ml,7400,7700
W5,2025-12-01,Wipol 450ml,9500,9800
W5,2025-12-01,Bayclin 500ml,8200,8500
W5,2025-12-01,Super Pell 450ml,8500,8800
W5,2025-12-01,Popok Sweety isi 10,22500,23500
W5,2025-12-01,Vitamin C CDR,3200,3300
W5,2025-12-01,Paracetamol strip,3200,3300
W5,2025-12-01,Buku gambar,7100,7400
W5,2025-12-01,Pensil Faber-Castell,3200,3300
W5,2025-12-01,Isolasi,3200,3300
W5,2025-12-01,Kabel USB,16000,16500
W5,2025-12-01,Hanger,3200,3300
W5,2025-12-01,Lem Alteco,4100,4300
W5,2025-12-01,LPG 12kg,224500,231500
W5,2025-12-01,Nugget Fiesta 250g,26500,27500
W5,2026-01-05,Garam Dolphin 500g,4200,4400
W5,2026-01-05,Telur ayam 1 butir,2700,2800
W5,2026-01-05,Beras premium 10kg,179000,185000
W5,2026-01-05,Mi kari ayam Indomie,3600,3800
W5,2026-01-05,Makaroni 200g,7400,7700
W5,2026-01-05,Better,2700,2800
W5,2026-01-05,Roma Kelapa 300g,9500,9800
W5,2026-01-05,Snack kentang Qtela 60g,8500,8800
W5,2026-01-05,Surya 16 batang,33500,37500
W5,2026-01-05,Djarum Super 12 batang,25500,28000
W5,2026-01-05,Djarum Super 16 batang,33500,36500
W5,2026-01-05,Korek kayu,2100,2300
W5,2026-01-05,Sampoerna A 16 batang,38000,42000
W5,2026-01-05,Korek gas,2100,2300
W5,2026-01-05,Gudang Garam Filter 12 batang,23500,26500
W5,2026-01-05,Esse 16 batang,34500,39000
W5,2026-01-05,Sunlight 400ml,9500,9800
W5,2026-01-05,Pensil Faber-Castell,3300,3200
W5,2026-01-05,Pulpen Pilot,4100,4300
W5,2026-01-05,Hanger,3300,3200
W5,2026-01-05,Plastik klip,5300,5500
W5,2026-01-05,Bakso 250g,16500,17000
W5,2026-02-02,Tepung terigu Segitiga Biru 1kg,17500,18500
W5,2026-02-02,Beras medium SPHP 5kg,78000,81000
W5,2026-02-02,Mi goreng Sarimi,3300,3400
W5,2026-02-02,Snack jagung Cheetos,3300,3400
W5,2026-02-02,Coca-Cola 390ml,6300,6500
W5,2026-02-02,Aqua 330ml,3200,3300
W5,2026-02-02,Pasta gigi Sensodyne 40g,21500,22500
W5,2026-02-02,Daia sachet,2100,2200
W5,2026-02-02,Tisu Tessa,7100,7400
W5,2026-02-02,Baby powder My Baby 50g,7400,7700
W5,2026-02-02,Paracetamol Sanmol strip,4100,4300
W5,2026-02-02,Hanger,3200,3300
W5,2026-02-02,Plastik es,5100,5300
W5,2026-03-02,Santan Kara 65ml,4800,5300
W5,2026-03-02,Minyak goreng Bimoli 1L,27500,30500
W5,2026-03-02,Tepung terigu Segitiga Biru 1kg,18500,20000
W5,2026-03-02,Garam Dolphin 500g,4400,4800
W5,2026-03-02,Beras medium SPHP 5kg,81000,88500
W5,2026-03-02,Tepung beras Rose Brand 500g,10500,11500
W5,2026-03-02,Minyakita 1L,20500,23000
W5,2026-03-02,Minyak goreng Sania 1L,25000,27500
W5,2026-03-02,Telur ayam 1 butir,2800,3000
W5,2026-03-02,Beras premium 10kg,185000,204000
W5,2026-03-02,Beras premium 5kg,90500,101500
W5,2026-03-02,Gula pasir Rose Brand 1kg,22500,25000
W5,2026-03-02,Buavita 250ml,7100,7400
W5,2026-03-02,Extra Joss sachet,2100,2200
W5,2026-03-02,Kopi Kapal Api sachet,2100,2200
W5,2026-03-02,Body lotion Citra 100ml,10500,11000
W5,2026-03-02,Minyak rambut Gatsby 75g,16000,16500
W5,2026-03-02,Rinso sachet,2700,2800
W5,2026-03-02,Attack sachet,2700,2800
W5,2026-03-02,Tisu Nice,7400,7700
W5,2026-03-02,Tisu basah Mitu,8500,8800
W5,2026-03-02,Pembalut Softex,9500,9800
W5,2026-03-02,Bubur bayi Promina 120g,12500,13000
W5,2026-03-02,Minyak kayu putih Cap Lang 30ml (Obat),10500,11000
W5,2026-03-02,Pensil Faber-Castell,3200,3300
W5,2026-03-02,Rautan Joyko,3200,3300
W5,2026-03-02,Bohlam LED Hannochs 9W,16000,16500
W5,2026-03-02,Plastik kresek kecil,5300,5500
W5,2026-03-02,Sendok plastik,5300,5500
W5,2026-03-02,Pengharum mobil,16000,15500
W5,2026-03-02,Nugget So Good 250g,24500,25500
W5,2026-04-06,Telur ayam 1 butir,3000,3100
W5,2026-04-06,Bubur instan 50g,5300,5500
W5,2026-04-06,Mi goreng Indomie,3800,4000
W5,2026-04-06,Kaldu bubuk Royco 100g,6400,6600
W5,2026-04-06,Keripik kentang Chitato 68g,12500,13000
W5,2026-04-06,Khong Guan 200g,9500,9800
W5,2026-04-06,Teh Botol Sosro 350ml,5300,5500
W5,2026-04-06,Pocari Sweat 350ml,7100,7400
W5,2026-04-06,Aqua 1.5L,6300,6500
W5,2026-04-06,Shampoo H&S sachet,2100,2200
W5,2026-04-06,Sabun batang Lifebuoy,4300,4500
W5,2026-04-06,Pembalut Charm,10500,11000
W5,2026-04-06,Tisu basah Cussons,9900,10500
W5,2026-04-06,Susu formula Dancow 200g,31500,32500
W5,2026-04-06,Masker,1000,1100
W5,2026-04-06,Buku tulis Kiky,6300,6500
W5,2026-04-06,Pensil Faber-Castell,3300,3200
W5,2026-04-06,Ember,21500,22500
W5,2026-04-06,Kabel USB,16500,17000
W5,2026-04-06,Tusuk sate,5300,5500
W5,2026-04-06,Plastic wrap,12500,13000
W5,2026-04-06,Aluminium foil,10500,11000
W5,2026-04-06,Pengharum mobil,15500,16000
W5,2026-04-06,Oli motor 1L,61000,63000
W5,2026-04-06,Es krim cup Wall's,5500,5700
W5,2026-05-04,Minyak goreng Bimoli 1L,30500,31500
W5,2026-05-04,Pop Mie,6500,6700
W5,2026-05-04,Indomie Cup,6800,7100
W5,2026-05-04,Cuka 100ml,4600,4800
W5,2026-05-04,Better,2800,2900
W5,2026-05-04,Astor,2800,2900
W5,2026-05-04,Basreng 100g,7400,7700
W5,2026-05-04,Dancow sachet,3800,4000
W5,2026-05-04,Minyak telon My Baby 60ml,10500,11000
W5,2026-05-04,Pensil Faber-Castell,3200,3300
W5,2026-05-04,Lakban,5300,5500
W5,2026-05-04,Sapu lidi,10500,11000
W5,2026-05-04,Baterai AAA ABC 2pcs,8500,8800
W5,2026-05-04,Cornetto,13000,13500
W5,2026-06-01,Santan Kara 65ml,5300,5500
W5,2026-06-01,Saus tomat ABC 135ml,8100,8400
W5,2026-06-01,Kecap manis Sedap 135ml,6400,6600
W5,2026-06-01,Terasi ABC 20g,3600,3800
W5,2026-06-01,Kecap manis ABC 135ml,6900,7200
W5,2026-06-01,Makaroni pedas 100g,6500,6700
W5,2026-06-01,Good Day 250ml,5300,5500
W5,2026-06-01,Kopi ABC sachet,2100,2200
W5,2026-06-01,Djarum Super 12 batang,28000,29000
W5,2026-06-01,Diapet strip,7100,7400
W5,2026-06-01,Pensil Faber-Castell,3300,3200
W5,2026-06-01,Penggaris Butterfly 30cm,3200,3300
W5,2026-06-01,Isolasi,3300,3400
W5,2026-06-01,Gayung,7400,7700
W5,2026-06-01,Hanger,3300,3400
W5,2026-06-01,Bohlam LED Hannochs 9W,16500,17000
W5,2026-07-06,Garam Dolphin 500g,4800,5000
W5,2026-07-06,Beras medium SPHP 5kg,88500,92000
W5,2026-07-06,Tepung beras Rose Brand 500g,11500,12000
W5,2026-07-06,Minyak goreng Sania 1L,27500,28500
W5,2026-07-06,Beras premium 10kg,204000,210500
W5,2026-07-06,Beras premium 5kg,101500,106000
W5,2026-07-06,Gula pasir Rose Brand 1kg,25000,26000
W5,2026-07-06,Saus tiram Saori 133ml,9300,9600
W5,2026-07-06,Kecap asin ABC 135ml,7000,7300
W5,2026-07-06,Indomilk 190ml,5300,5500
W5,2026-07-06,Ultra Milk 250ml,6000,6200
W5,2026-07-06,Bayclin 500ml,8500,8800
W5,2026-07-06,Daia sachet,2200,2300
W5,2026-07-06,Baby powder My Baby 50g,7700,8000
W5,2026-07-06,Vitamin C CDR,3300,3400
W5,2026-07-06,Paracetamol strip,3300,3400
W5,2026-07-06,Pensil Faber-Castell,3200,3300
W5,2026-07-06,Correction pen Joyko,5100,5300
W5,2026-07-06,Map,2800,2900
W5,2026-07-06,Sapu ijuk,21500,22500
W6,2025-03-03,Minyakita 1L,16500,17000
W6,2025-03-03,Spons cuci piring,2900,3000
W6,2025-03-03,Sosis So Nice,14500,15000
W6,2025-04-07,Telur ayam 1kg,31500,32500
W6,2025-04-07,Beras premium 10kg,145000,149500
W6,2025-04-07,Beras medium SPHP 5kg,63500,65500
W6,2025-04-07,Tepung terigu Segitiga Biru 1kg,14000,14500
W6,2025-04-07,Pop Mie,5900,6100
W6,2025-04-07,Terasi ABC 20g,2900,3000
W6,2025-04-07,Kecap manis Sedap 135ml,5400,5600
W6,2025-04-07,Kacang sukro Garuda 80g,5900,6100
W6,2025-04-07,Astor,2400,2500
W6,2025-04-07,Sabun cair Lifebuoy 250ml,12000,12500
W6,2025-04-07,Daia sachet,2000,2100
W6,2025-04-07,Susu formula Dancow 200g,29500,30500
W6,2025-04-07,Oralit sachet,2000,2100
W6,2025-04-07,Pensil Faber-Castell,2900,3000
W6,2025-04-07,Rautan Joyko,2900,3000
W6,2025-04-07,Penggaris Butterfly 30cm,2900,3000
W6,2025-04-07,Kabel USB,14500,15000
W6,2025-04-07,Hanger,2900,3000
W6,2025-04-07,Bakso 250g,14500,15000
W6,2025-04-07,Es krim Magnum,14500,15000
W6,2025-05-05,Garam Refina 500g,3900,4100
W6,2025-05-05,Tepung beras Rose Brand 500g,8300,8600
W6,2025-05-05,Indomie Cup,6400,6600
W6,2025-05-05,Kecap manis ABC 135ml,5900,6100
W6,2025-05-05,Cokelat SilverQueen,12000,12500
W6,2025-05-05,Snack jagung Cheetos,2900,3000
W6,2025-05-05,Snack jagung Chiki,2900,3000
W6,2025-05-05,Keripik kentang Chitato 68g,12000,12500
W6,2025-05-05,Teh Gelas 350ml,2400,2500
W6,2025-05-05,Cappuccino Good Day sachet,2400,2500
W6,2025-05-05,Kopi Kapal Api sachet,2000,2100
W6,2025-05-05,Minyak rambut Gatsby 75g,14500,15000
W6,2025-05-05,Sabun batang Dettol,4900,5100
W6,2025-05-05,Downy sachet,2000,2100
W6,2025-05-05,Soklin sachet,2000,2100
W6,2025-05-05,Molto sachet,2000,2100
W6,2025-05-05,Cotton bud Selection,4900,5100
W6,2025-05-05,FreshCare 10ml,12000,12500
W6,2025-05-05,Map,2400,2500
W6,2025-05-05,Spidol Snowman,4900,5100
W6,2025-05-05,Isolasi,2900,3000
W6,2025-06-02,Minyak goreng Bimoli 1L,21500,22500
W6,2025-06-02,Gula pasir Gulaku 1kg,18500,19500
W6,2025-06-02,Santan Kara 65ml,3900,4100
W6,2025-06-02,Mi goreng Sarimi,2900,3000
W6,2025-06-02,Penyedap Royco,1500,1600
W6,2025-06-02,Saus sambal sachet ABC,1500,1600
W6,2025-06-02,Roma Kelapa 300g,8800,9100
W6,2025-06-02,Better,2400,2500
W6,2025-06-02,Le Minerale 1.5L,5900,6100
W6,2025-06-02,LA Ice 16 batang,30500,31500
W6,2025-06-02,Spons (kebersihan),2900,3000
W6,2025-06-02,Bayclin 500ml,7800,8100
W6,2025-06-02,Sunlight sachet,2000,2100
W6,2025-06-02,Sikat,6900,7200
W6,2025-06-02,Tisu basah Mitu,7800,8100
W6,2025-06-02,Tisu basah Cussons,8800,9100
W6,2025-06-02,Tisu Paseo,7800,8100
W6,2025-06-02,Popok Merries isi 10,27500,28500
W6,2025-06-02,Bubur bayi Promina 120g,12000,12500
W6,2025-06-02,Buku tulis Kiky,5900,6100
W6,2025-06-02,Lilin,2000,2100
W6,2025-06-02,Tali per meter,2000,2100
W6,2025-06-02,Pengki,12000,12500
W6,2025-06-02,Sedotan,4900,5100
W6,2025-06-02,Es krim cup Wall's,4900,5100
W6,2025-06-02,Nugget Fiesta 250g,24500,25500
W6,2025-07-07,Minyak goreng Fortune 1L,19500,20500
W6,2025-07-07,Gula pasir Rose Brand 1kg,18000,19000
W6,2025-07-07,Mi goreng Sedaap,3400,3600
W6,2025-07-07,Kaldu bubuk Royco 100g,5400,5600
W6,2025-07-07,Penyedap Masako,1500,1600
W6,2025-07-07,Cuka 100ml,3900,4100
W6,2025-07-07,Saus tiram Saori 133ml,7800,8100
W6,2025-07-07,Kacang kulit Garuda 100g,6900,7200
W6,2025-07-07,Makaroni pedas 100g,5900,6100
W6,2025-07-07,Kuaci Rebo 100g,6900,7200
W6,2025-07-07,Basreng 100g,6900,7200
W6,2025-07-07,Kopiko 78C 240ml,5900,6100
W6,2025-07-07,Buavita 250ml,6900,7200
W6,2025-07-07,Nescafe 220ml,5900,6100
W6,2025-07-07,Kratingdaeng 150ml,7800,8100
W6,2025-07-07,Kopi Torabika sachet,2000,2100
W6,2025-07-07,Kopi ABC sachet,2000,2100
W6,2025-07-07,Super Pell 450ml,7800,8100
W6,2025-07-07,Pembalut Softex,8800,9100
W6,2025-07-07,Kapas Selection,4900,5100
W6,2025-07-07,Baby powder My Baby 50g,6900,7200
W6,2025-07-07,Plastik kresek kecil,4900,5100
W6,2025-07-07,Plastik es,4900,5100
W6,2025-07-07,Cornetto,12000,12500
W6,2025-08-04,Beras premium 10kg,149500,154500
W6,2025-08-04,Beras premium 5kg,73500,76000
W6,2025-08-04,Beras medium SPHP 5kg,65500,67500
W6,2025-08-04,Tepung terigu Segitiga Biru 1kg,14500,15000
W6,2025-08-04,Mi jumbo Indomie,4400,4600
W6,2025-08-04,Kukubima sachet,2400,2500
W6,2025-08-04,Extra Joss,2400,2500
W6,2025-08-04,Kopi Good Day sachet,2000,2100
W6,2025-08-04,Sikat gigi Formula,6900,7200
W6,2025-08-04,Pasta gigi Pepsodent 75g,6900,7200
W6,2025-08-04,Sabun batang Nuvo,3400,3600
W6,2025-08-04,Pasta gigi Close Up 65g,6900,7200
W6,2025-08-04,Rinso 800g,17500,18500
W6,2025-08-04,Popok Sweety isi 10,21500,22500
W6,2025-08-04,Salonpas 10 pcs,14500,15000
W6,2025-08-04,Gayung,6900,7200
W6,2025-08-04,Kabel USB,15000,15500
W6,2025-08-04,Lem Alteco,3900,4100
W6,2025-08-04,Bohlam LED Hannochs 9W,14500,15000
W6,2025-08-04,Sapu lidi,9800,10500
W6,2025-08-04,Gelas plastik,7800,8100
W6,2025-08-04,Plastik klip,4900,5100
W6,2025-08-04,Minyak rem 100ml,14500,15000
W6,2025-08-04,Bakso 250g,15000,15500
W6,2025-08-04,Kentang frozen 500g,19500,20500
W6,2025-09-01,Telur ayam 1kg,32500,36500
W6,2025-09-01,Beras premium 10kg,154500,171500
W6,2025-09-01,Garam Refina 500g,4100,4700
W6,2025-09-01,Minyak goreng Bimoli 1L,22500,25000
W6,2025-09-01,Beras premium 5kg,76000,84500
W6,2025-09-01,Beras medium SPHP 5kg,67500,75000
W6,2025-09-01,Gula pasir Gulaku 1kg,19500,22000
W6,2025-09-01,Minyak goreng Sania 1L,20000,23000
W6,2025-09-01,Minyak goreng Fortune 1L,20500,23000
W6,2025-09-01,Minyakita 1L,17000,19500
W6,2025-09-01,Tepung terigu Segitiga Biru 1kg,15000,16500
W6,2025-09-01,Gula pasir Rose Brand 1kg,19000,21000
W6,2025-09-01,Tepung beras Rose Brand 500g,8600,9700
W6,2025-09-01,Garam Dolphin 500g,3400,3900
W6,2025-09-01,Santan Kara 65ml,4100,4600
W6,2025-09-01,Pop Mie,6100,6300
W6,2025-09-01,Makaroni 200g,6900,7200
W6,2025-09-01,Mi kari ayam Indomie,3400,3600
W6,2025-09-01,Merica bubuk Ladaku,1500,1600
W6,2025-09-01,Saus sambal ABC 135ml,6900,7200
W6,2025-09-01,Kacang sukro Garuda 80g,6100,6300
W6,2025-09-01,Beng-Beng,2400,2500
W6,2025-09-01,Kacang atom Garuda 100g,6900,7200
W6,2025-09-01,Sprite 390ml,5900,6100
W6,2025-09-01,Nutrisari sachet,2000,2100
W6,2025-09-01,Korek gas,2000,2100
W6,2025-09-01,Shampoo Pantene sachet,1500,1600
W6,2025-09-01,Minyak telon My Baby 60ml,9800,10500
W6,2025-09-01,Salonpas 10 pcs,15000,14500
W6,2025-09-01,Stabilo,7800,8100
W6,2025-09-01,Cutter Joyko,4900,5100
W6,2025-09-01,Correction pen Joyko,4900,5100
W6,2025-09-01,Plastik kiloan,9800,10500
W6,2025-09-01,Plastik kresek sedang,6900,7200
W6,2025-09-01,Tusuk sate,4900,5100
W6,2025-09-01,Spons cuci piring,3000,3100
W6,2025-09-01,Sosis So Nice,15000,15500
W6,2025-10-06,Spaghetti La Fonte 225g,9800,10500
W6,2025-10-06,Oatmeal Quaker 35g,3400,3600
W6,2025-10-06,Terasi ABC 20g,3000,3100
W6,2025-10-06,Kecap manis ABC 135ml,6100,6300
W6,2025-10-06,Kecap manis Sedap 135ml,5600,5800
W6,2025-10-06,Permen karet Big Babol,2000,2100
W6,2025-10-06,Surya 12 batang,24500,25500
W6,2025-10-06,Sabun cair Lifebuoy 250ml,12500,13000
W6,2025-10-06,Pomade Gatsby 80g,19500,20500
W6,2025-10-06,Sabun batang Lux,4400,4600
W6,2025-10-06,Karbol 500ml,6900,7200
W6,2025-10-06,Sikat,7200,7500
W6,2025-10-06,Attack sachet,2400,2500
W6,2025-10-06,Popok MamyPoko isi 10,24500,25500
W6,2025-10-06,Minyak kayu putih Cap Lang 30ml (Bayi),9800,10500
W6,2025-10-06,Diapet strip,6900,7200
W6,2025-10-06,Promag strip,7800,8100
W6,2025-10-06,Salonpas 10 pcs,14500,15000
W6,2025-10-06,Isolasi,3000,3100
W6,2025-10-06,Baterai AAA ABC 2pcs,7800,8100
W6,2025-10-06,Ember,19500,20500
W6,2025-11-03,Mi ayam bawang Indomie,3400,3600
W6,2025-11-03,Snack jagung Cheetos,3000,3100
W6,2025-11-03,Frestea 350ml,3900,4100
W6,2025-11-03,Good Day 250ml,4900,5100
W6,2025-11-03,Le Minerale 600ml,3900,4100
W6,2025-11-03,LA Bold 16 batang,29500,30500
W6,2025-11-03,Body lotion Citra 100ml,9800,10500
W6,2025-11-03,Soklin sachet,2100,2200
W6,2025-11-03,Susu formula Dancow 200g,30500,31500
W6,2025-11-03,Balsem Geliga 20g,7800,8100
W6,2025-11-03,Vitamin C CDR,2900,3000
W6,2025-11-03,Antangin sachet,3400,3600
W6,2025-11-03,Map,2500,2600
W6,2025-11-03,Pensil Faber-Castell,3000,3100
W6,2025-11-03,Terminal listrik,19500,20500
W6,2025-11-03,Hanger,3000,3100
W6,2025-11-03,Lakban,4900,5100
W6,2025-11-03,Minyak rem 100ml,15000,14500
W6,2025-11-03,Es krim cup Wall's,5100,5300
W6,2025-11-03,Es krim Magnum,15000,15500
W6,2025-11-17,Penyedap Royco,1600,1700
W6,2025-11-17,Kaldu bubuk Royco 100g,5600,6100
W6,2025-11-17,Terasi ABC 20g,3100,3300
W6,2025-11-17,Penyedap Masako,1600,1700
W6,2025-11-17,Cuka 100ml,4100,4500
W6,2025-11-17,Kecap manis ABC 135ml,6300,6800
W6,2025-11-17,Saus tiram Saori 133ml,8100,8700
W6,2025-11-17,Saus sambal sachet ABC,1600,1700
W6,2025-11-17,Merica bubuk Ladaku,1600,1700
W6,2025-11-17,Kecap manis Sedap 135ml,5800,6200
W6,2025-11-17,Saus sambal ABC 135ml,7200,7800
W6,2025-12-01,Tepung terigu Segitiga Biru 1kg,16500,17000
W6,2025-12-01,Indomie Cup,6600,6800
W6,2025-12-01,Cokelat SilverQueen,12500,13000
W6,2025-12-01,Snack jagung Chiki,3000,3100
W6,2025-12-01,Kopi Torabika sachet,2100,2200
W6,2025-12-01,Kopi Kapal Api sachet,2100,2200
W6,2025-12-01,Sabun batang Lifebuoy,3900,4100
W6,2025-12-01,Minyak rambut Gatsby 75g,15000,15500
W6,2025-12-01,Shampoo Clear sachet,1500,1600
W6,2025-12-01,Downy sachet,2100,2200
W6,2025-12-01,Molto sachet,2100,2200
W6,2025-12-01,Cotton bud Selection,5100,5300
W6,2025-12-01,Tisu Paseo,8100,8400
W6,2025-12-01,Popok Merries isi 10,28500,29500
W6,2025-12-01,Tolak Angin sachet,3900,4100
W6,2025-12-01,Rautan Joyko,3000,3100
W6,2025-12-01,Buku tulis Kiky,6100,6300
W6,2025-12-01,Penggaris Butterfly 30cm,3000,3100
W6,2025-12-01,Pengki,12500,13000
W6,2025-12-01,Bakso 250g,15500,16000
W6,2025-12-01,Nugget Fiesta 250g,25500,26500
W6,2026-01-05,Minyak goreng Bimoli 1L,25000,26000
W6,2026-01-05,Beras medium SPHP 5kg,75000,77500
W6,2026-01-05,Gula pasir Gulaku 1kg,22000,23000
W6,2026-01-05,Gula pasir Rose Brand 1kg,21000,22000
W6,2026-01-05,Tepung beras Rose Brand 500g,9700,10000
W6,2026-01-05,Santan Kara 65ml,4600,4800
W6,2026-01-05,Makaroni pedas 100g,6100,6300
W6,2026-01-05,Better,2500,2600
W6,2026-01-05,Pocari Sweat 500ml,8800,9100
W6,2026-01-05,Aqua 600ml,3900,4100
W6,2026-01-05,Sprite 390ml,6100,6300
W6,2026-01-05,Surya 12 batang,25500,28000
W6,2026-01-05,Esse 16 batang,33500,38000
W6,2026-01-05,Djarum Super 16 batang,31500,35500
W6,2026-01-05,LA Bold 16 batang,30500,33500
W6,2026-01-05,Korek kayu,2000,2200
W6,2026-01-05,LA Ice 16 batang,31500,35000
W6,2026-01-05,Djarum Super 12 batang,23500,26500
W6,2026-01-05,Korek gas,2100,2300
W6,2026-01-05,Gudang Garam 16 batang,29500,33000
W6,2026-01-05,Marlboro 16 batang,41000,46500
W6,2026-01-05,Spons (kebersihan),3000,3100
W6,2026-01-05,Rinso 800g,18500,19500
W6,2026-01-05,Molto sachet,2200,2100
W6,2026-01-05,Tisu basah Cussons,9100,9400
W6,2026-01-05,Baby powder My Baby 50g,7200,7500
W6,2026-01-05,Minyak kayu putih Cap Lang 30ml (Obat),9800,10500
W6,2026-01-05,Oralit sachet,2100,2200
W6,2026-01-05,FreshCare 10ml,12500,13000
W6,2026-01-05,Bohlam LED Hannochs 9W,15000,15500
W6,2026-01-05,Gelas plastik,8100,8400
W6,2026-01-05,Aluminium foil,9800,10500
W6,2026-01-05,Pengharum mobil,14500,15000
W6,2026-02-02,Telur ayam 1kg,36500,38000
W6,2026-02-02,Beras premium 10kg,171500,177500
W6,2026-02-02,Beras premium 5kg,84500,87500
W6,2026-02-02,Minyak goreng Sania 1L,23000,24000
W6,2026-02-02,Minyakita 1L,19500,20500
W6,2026-02-02,Garam Dolphin 500g,3900,4100
W6,2026-02-02,Terasi ABC 20g,3300,3400
W6,2026-02-02,Beng-Beng,2500,2600
W6,2026-02-02,Nescafe 220ml,6100,6300
W6,2026-02-02,Chocolatos sachet,2000,2100
W6,2026-02-02,Dancow sachet,3400,3600
W6,2026-02-02,Molto sachet,2100,2200
W6,2026-02-02,Tisu basah Mitu,8100,8400
W6,2026-02-02,Pembalut Softex,9100,9400
W6,2026-02-02,Pembalut Charm,9800,10500
W6,2026-02-02,Kapas Selection,5100,5300
W6,2026-02-02,Bubur bayi Promina 120g,12500,13000
W6,2026-02-02,Amplop,1000,1100
W6,2026-02-02,Correction pen Joyko,5100,5300
W6,2026-02-02,Baterai AA ABC 2pcs,7800,8100
W6,2026-02-02,Spons cuci piring,3100,3200
W6,2026-02-02,Cornetto,12500,13000
W6,2026-03-02,Telur ayam 1kg,38000,41000
W6,2026-03-02,Beras premium 10kg,177500,194000
W6,2026-03-02,Garam Refina 500g,4700,5200
W6,2026-03-02,Minyak goreng Bimoli 1L,26000,28500
W6,2026-03-02,Beras premium 5kg,87500,94500
W6,2026-03-02,Beras medium SPHP 5kg,77500,85500
W6,2026-03-02,Gula pasir Gulaku 1kg,23000,25000
W6,2026-03-02,Minyak goreng Sania 1L,24000,26000
W6,2026-03-02,Minyak goreng Fortune 1L,23000,25500
W6,2026-03-02,Minyakita 1L,20500,22000
W6,2026-03-02,Tepung terigu Segitiga Biru 1kg,17000,18500
W6,2026-03-02,Gula pasir Rose Brand 1kg,22000,24000
W6,2026-03-02,Tepung beras Rose Brand 500g,10000,11000
W6,2026-03-02,Garam Dolphin 500g,4100,4400
W6,2026-03-02,Santan Kara 65ml,4800,5200
W6,2026-03-02,Makaroni 200g,7200,7500
W6,2026-03-02,Mi goreng Sarimi,3000,3100
W6,2026-03-02,Mi jumbo Indomie,4600,4800
W6,2026-03-02,Roma Kelapa 300g,9100,9400
W6,2026-03-02,Astor,2500,2600
W6,2026-03-02,Kuaci Rebo 100g,7200,7500
W6,2026-03-02,Indomilk 190ml,4900,5100
W6,2026-03-02,Buavita 250ml,7200,7500
W6,2026-03-02,Teh Gelas 350ml,2500,2600
W6,2026-03-02,Kratingdaeng 150ml,8100,8400
W6,2026-03-02,Cappuccino Good Day sachet,2500,2600
W6,2026-03-02,Korek kayu,2200,2300
W6,2026-03-02,Sabun cair Lifebuoy 250ml,13000,13500
W6,2026-03-02,Daia sachet,2100,2200
W6,2026-03-02,Tisu Nice,6900,7200
W6,2026-03-02,Kabel USB,15500,16000
W6,2026-03-02,Tali per meter,2100,2200
W6,2026-03-02,Isolasi,3100,3200
W6,2026-03-02,Sapu lidi,10500,11000
W6,2026-03-02,Plastik kresek sedang,7200,7500
W6,2026-03-02,Plastik es,5100,5300
W6,2026-03-02,Sosis So Nice,15500,16000
W6,2026-04-06,Penyedap Royco,1700,1800
W6,2026-04-06,Kaldu bubuk Royco 100g,6100,6300
W6,2026-04-06,Cuka 100ml,4500,4700
W6,2026-04-06,Saus sambal sachet ABC,1700,1800
W6,2026-04-06,Kecap manis Sedap 135ml,6200,6400
W6,2026-04-06,Saus sambal ABC 135ml,7800,8100
W6,2026-04-06,Kacang kulit Garuda 100g,7200,7500
W6,2026-04-06,Keripik kentang Chitato 68g,12500,13000
W6,2026-04-06,Kopiko 78C 240ml,6100,6300
W6,2026-04-06,Milo sachet,3400,3600
W6,2026-04-06,Korek gas,2300,2400
W6,2026-04-06,Sikat gigi Formula,7200,7500
W6,2026-04-06,Super Pell 450ml,8100,8400
W6,2026-04-06,Attack sachet,2500,2600
W6,2026-04-06,Popok Sweety isi 10,22500,23500
W6,2026-04-06,Popok Merries isi 10,29500,30500
W6,2026-04-06,Stabilo,8100,8400
W6,2026-04-06,Spidol Snowman,5100,5300
W6,2026-04-06,Gunting Joyko,6900,7200
W6,2026-04-06,Hanger,3100,3200
W6,2026-04-06,Es krim Magnum,15500,16000
W6,2026-04-06,Kentang frozen 500g,20500,21500
W6,2026-05-04,Santan Kara 65ml,5200,5400
W6,2026-05-04,Mi kari ayam Indomie,3600,3800
W6,2026-05-04,Snack jagung Cheetos,3100,3200
W6,2026-05-04,Makaroni pedas 100g,6300,6500
W6,2026-05-04,Snack jagung Chiki,3100,3200
W6,2026-05-04,Basreng 100g,7200,7500
W6,2026-05-04,Le Minerale 1.5L,6100,6300
W6,2026-05-04,Sunlight sachet,2100,2200
W6,2026-05-04,Tisu basah Mitu,8400,8700
W6,2026-05-04,Susu formula Dancow 200g,31500,32500
W6,2026-05-04,Baby powder My Baby 50g,7500,7800
W6,2026-05-04,Penggaris Butterfly 30cm,3100,3200
W6,2026-05-04,Ember,20500,21500
W6,2026-05-04,Lakban,5100,5300
W6,2026-05-04,Sedotan,5100,5300
W6,2026-05-04,Oli motor 1L,59000,61000
W6,2026-05-04,Es krim cup Wall's,5300,5500
W6,2026-05-04,Nugget Fiesta 250g,26500,27500
W6,2026-06-01,Minyak goreng Bimoli 1L,28500,29500
W6,2026-06-01,Minyak goreng Sania 1L,26000,27000
W6,2026-06-01,Minyak goreng Fortune 1L,25500,26500
W6,2026-06-01,Mi goreng Sedaap,3600,3800
W6,2026-06-01,Penyedap Masako,1700,1800
W6,2026-06-01,Merica bubuk Ladaku,1700,1800
W6,2026-06-01,Cokelat SilverQueen,13000,13500
W6,2026-06-01,Kacang sukro Garuda 80g,6300,6500
W6,2026-06-01,Permen karet Big Babol,2100,2200
W6,2026-06-01,Kopi Good Day sachet,2100,2200
W6,2026-06-01,Soklin sachet,2200,2300
W6,2026-06-01,Popok MamyPoko isi 10,25500,26500
W6,2026-06-01,Diapet strip,7200,7500
W6,2026-06-01,Promag strip,8100,8400
W6,2026-06-01,Salonpas 10 pcs,15000,15500
W6,2026-06-01,Pensil Faber-Castell,3100,3200
W6,2026-06-01,Cutter Joyko,5100,5300
W6,2026-06-01,Gayung,7200,7500
W6,2026-06-01,Plastik kresek kecil,5100,5300
W6,2026-06-01,Tusuk sate,5100,5300
W6,2026-06-01,Minyak rem 100ml,14500,15000
W6,2026-06-01,Es krim Magnum,16000,16500
W6,2026-07-06,Telur ayam 1kg,41000,42500
W6,2026-07-06,Minyakita 1L,22000,23000
W6,2026-07-06,Gula pasir Rose Brand 1kg,24000,25000
W6,2026-07-06,Kecap manis ABC 135ml,6800,7100
W6,2026-07-06,Roma Kelapa 300g,9400,9700
W6,2026-07-06,Frestea 350ml,4100,4300
W6,2026-07-06,Good Day 250ml,5100,5300
W6,2026-07-06,Sprite 390ml,6300,6500
W6,2026-07-06,Kopi Torabika sachet,2200,2300
W6,2026-07-06,Nutrisari sachet,2100,2200
W6,2026-07-06,Kopi Kapal Api sachet,2200,2300
W6,2026-07-06,Kopi ABC sachet,2100,2200
W6,2026-07-06,Djarum Super 12 batang,26500,27500
W6,2026-07-06,Sabun batang Dettol,5100,5300
W6,2026-07-06,Pasta gigi Close Up 65g,7200,7500
W6,2026-07-06,Spons (kebersihan),3100,3200
W6,2026-07-06,Bayclin 500ml,8100,8400
W6,2026-07-06,Downy sachet,2200,2300
W6,2026-07-06,Karbol 500ml,7200,7500
W6,2026-07-06,Pembalut Charm,10500,11000
W6,2026-07-06,Minyak telon My Baby 60ml,10500,11000
W6,2026-07-06,Balsem Geliga 20g,8100,8400
W6,2026-07-06,Tolak Angin sachet,4100,4300
W6,2026-07-06,Buku gambar,6900,7200
W6,2026-07-06,Rautan Joyko,3100,3200
W6,2026-07-06,Buku tulis Kiky,6300,6500
W6,2026-07-06,Terminal listrik,20500,21500
W6,2026-07-06,Hanger,3200,3300
W6,2026-07-06,Lem Alteco,4100,4300
W6,2026-07-06,Spons cuci piring,3200,3300
W6,2026-07-06,Regulator gas,98000,101000
W6,2026-07-06,LPG 3kg,20500,21500
W6,2026-07-06,Minyak rem 100ml,15000,14500
