antecedents,consequents,pair_count,support,confidence,lift,leverage
Bumbu,Sembako,3583,0.03492134656244518,0.34581604092269086,2.400962067312893,0.020376615915563938
Sembako,Bumbu,3583,0.03492134656244518,0.24245500067668155,2.4009620673128924,0.020376615915563938
LPG,Rokok,1198,0.011676185649402546,0.35633551457465795,2.3312335947452056,0.006667598918445322
Rokok,LPG,1198,0.011676185649402546,0.0763884460881209,2.331233594745205,0.006667598918445322
Deterjen,Sembako,2701,0.02632502290403696,0.32281582407075415,2.2412741359661332,0.01457946153713653
Sembako,Deterjen,2701,0.02632502290403696,0.18277168764379484,2.2412741359661332,0.01457946153713653
Deterjen,Bumbu,1818,0.017718952846923063,0.21728217999282898,2.1516828715012295,0.009484025162361189
Bumbu,Deterjen,1818,0.017718952846923063,0.17546568864009265,2.1516828715012295,0.009484025162361189
RumahTangga,Rokok,651,0.006344905557396542,0.32647943831494486,2.135907883057449,0.003374316044746719
Rokok,RumahTangga,651,0.006344905557396542,0.041509915194796916,2.135907883057449,0.003374316044746719
Bayi,Sembako,354,0.0034502251418101013,0.2896890343698854,2.011278542726958,0.0017347863955029033
Sembako,Bayi,354,0.0034502251418101013,0.02395452699959399,2.011278542726958,0.0017347863955029033
Plastik,Deterjen,445,0.004337147424026822,0.1636029411764706,2.0062135736331106,0.002175290141717364
Deterjen,Plastik,445,0.004337147424026822,0.053185132066451535,2.0062135736331106,0.002175290141717364
Tisu,Sembako,620,0.0060427671975205165,0.285451197053407,1.9818557125506608,0.00299372222454242
Sembako,Tisu,620,0.0060427671975205165,0.04195425632697253,1.9818557125506608,0.00299372222454242
Bumbu,Bayi,241,0.002348882088068459,0.023260303059550236,1.9529898645793564,0.0011461712442134798
Bayi,Bumbu,241,0.002348882088068459,0.1972176759410802,1.9529898645793562,0.0011461712442134798
Plastik,Bumbu,530,0.0051655913140094736,0.1948529411764706,1.929572577028109,0.002488526260584316
Bumbu,Plastik,530,0.0051655913140094736,0.0511533635749445,1.929572577028109,0.002488526260584316
Plastik,Sembako,750,0.007309799029258689,0.2757352941176471,1.9143992859019372,0.003491473832895695
Sembako,Plastik,750,0.007309799029258689,0.05075111652456354,1.914399285901937,0.003491473832895695
Tisu,Bumbu,412,0.00401551626673944,0.18968692449355432,1.8784150011473468,0.0018778010843719978
Bumbu,Tisu,412,0.00401551626673944,0.03976450149599459,1.8784150011473468,0.0018778010843719978
Tisu,Deterjen,324,0.0031578331806397537,0.14917127071823205,1.829242347105539,0.0014315265566779364
Deterjen,Tisu,324,0.0031578331806397537,0.03872355683040516,1.8292423471055388,0.0014315265566779364
Sachet,Rokok,7336,0.07149958090485566,0.22040620117774307,1.4419509694088373,0.021914274315569443
Rokok,Sachet,7336,0.07149958090485566,0.46776764649620606,1.441950969408837,0.021914274315569443
ATK,Snack,1202,0.011715171244225258,0.35363342159458666,1.1837622368747442,0.0018186135747100245
Snack,ATK,1202,0.011715171244225258,0.0392156862745098,1.183762236874744,0.0018186135747100245
LPG,Sachet,1279,0.012465643944562484,0.38042831647828673,1.1727168046900964,0.0018359301938017693
Sachet,LPG,1279,0.012465643944562484,0.038426871770219924,1.1727168046900964,0.0018359301938017693
Perawatan,Sembako,1336,0.013021188670786145,0.16362522963870177,1.136031655933826,0.0015591941015567889
Sembako,Perawatan,1336,0.013021188670786145,0.09040465556908919,1.136031655933826,0.0015591941015567889
Sembako,Frozen,1106,0.010779516968480146,0.0748409798348897,1.1021722711381303,0.0009992700408841988
Frozen,Sembako,1106,0.010779516968480146,0.15874838524472512,1.10217227113813,0.0009992700408841988
