produk,kategori,n_observations,units,price_sd,elasticity,se,ci_low,ci_high,p_value,reliable
Correction pen Joyko,ATK,1515,269.0,0.021144591735450892,-7.05453102191425,3.8104205514603384,-14.522955302776513,0.4138932589480131,0.06411510720932534,False
Tusuk gigi,Plastik,1010,284.0,0.015376773259064244,-5.25738765766592,5.634491108458603,-16.300990230244782,5.78621491491294,0.3507826326383059,False
Permen Kopiko,Snack,505,2027.0,0.010746733067080837,-5.107630725328691,3.3028661352304742,-11.58124835038042,1.3659868997230387,0.12200225535308351,False
Attack sachet,Deterjen,2020,1665.0,0.014963953893994374,-4.313756146809062,2.390522925772348,-8.999181081322863,0.3716687877047393,0.0711491901119834,False
Minyak kayu putih Cap Lang 30ml (Bayi),Bayi,2525,416.0,0.015806202522197457,-3.7186301132677793,3.5414651188486084,-10.659901746211052,3.222641519675493,0.29370620313252127,False
Baterai AA ABC 2pcs,RumahTangga,1515,124.0,0.02053462613394887,-3.5844895589472583,3.910179327193855,-11.248441040247213,4.079461922352698,0.3592960899754485,False
Bihun Rose Brand 320g,Mi,1010,4412.0,0.015782418038080566,-3.435506040695868,1.0723487583594673,-5.537309607080424,-1.3337024743113122,0.0013566396053041885,True
Pulpen Pilot,ATK,1010,533.0,0.020004389499857854,-3.2818074060964877,2.319708421412358,-7.828435912064709,1.2648210998717335,0.15714181924669757,False
Frestea 350ml,Minuman,1515,6997.0,0.01629018680195444,-3.0893334730784163,0.6705338166461791,-4.4035797537049275,-1.7750871924519054,4.079809183377137e-06,True
Tempura 250g,Frozen,2020,1922.0,0.014446664618695695,-3.038793120087143,2.064501475772072,-7.085216012600403,1.0076297724261174,0.14104089817679522,False
Mi jumbo Indomie,Mi,2525,7654.0,0.015988835756397084,-2.9815299560695436,0.91852914523287,-4.781847080725969,-1.1812128314131185,0.0011704584402290052,True
Shampoo Clear sachet,Perawatan,2020,1339.0,0.017668063124238402,-2.948730249540028,2.281819764280462,-7.421096987529734,1.5236364884496778,0.19626319882445564,False
Keripik kentang Chitato 68g,Snack,3030,10105.0,0.018537906688424827,-2.9140222913247773,0.8675229352537062,-4.614367244422041,-1.2136773382275132,0.0007822090664491022,True
Basreng 100g,Snack,3030,10410.0,0.01595744490511669,-2.7862566971269396,0.9084301943871762,-4.566779878125805,-1.0057335161280743,0.0021613821696635505,True
Nugget Fiesta 250g,Frozen,2020,1530.0,0.012744500226624295,-2.735682676077176,2.316316572264462,-7.275663157715522,1.8042978055611698,0.2375833775104068,False
Beras premium 5kg,Sembako,2525,887.0,0.07497441609113643,-2.6575206608936788,0.4786043429592686,-3.5955851730938453,-1.7194561486935123,2.813769572895808e-08,True
Aqua 330ml,Minuman,1515,4142.0,0.01441087011736386,-2.625131749307728,1.3426662526071487,-5.256757604417739,0.006494105802283379,0.05056380161187857,False
Sikat gigi Formula,Perawatan,2020,1525.0,0.012921576606530148,-2.578700704026775,2.2178465218139287,-6.925679886782075,1.7682784787285248,0.24494931039870993,False
Permen karet Big Babol,Snack,2525,7428.0,0.01598851122277696,-2.5568169750919374,0.9584308367551778,-4.435341415132086,-0.678292535051789,0.007636980236494839,True
Gunting Joyko,ATK,1515,498.0,0.019118463438713422,-2.489257351022956,4.148341764255301,-10.620007208963347,5.641492506917435,0.5484657043535279,False
Sabun batang Lux,Perawatan,2525,1684.0,0.015257687340111402,-2.461233211391696,1.9948683847804196,-6.371175245561318,1.4487088227779261,0.2172840539851979,False
Pasta gigi Pepsodent 75g,Perawatan,1515,1061.0,0.018330421888261474,-2.4525663431129336,1.799292752054327,-5.979180137139414,1.0740474509135471,0.1728596848476469,False
Snack kentang Qtela 60g,Snack,1515,3294.0,0.01518776899449366,-2.4246036220472953,2.20677744720757,-6.749887418574133,1.9006801744795419,0.2718955337102713,False
Cotton bud Selection,Tisu,1010,384.0,0.018305083844546648,-2.3344927288913486,4.4052329623898245,-10.968749335175405,6.299763877392708,0.5961561171235608,False
Astor,Snack,2525,6775.0,0.015307222445618511,-2.3254378185907085,1.3137603759532093,-4.900408155458999,0.2495325182775816,0.07671674954246499,False
Kerupuk 100g,Snack,1010,3349.0,0.013353358810626501,-2.319086793004635,1.5841306093683636,-5.4239827873666275,0.7858092013573579,0.14320781953513562,False
Amplop,ATK,2020,705.0,0.026257998616896802,-2.315169965427318,1.8886033779448872,-6.016832586199297,1.3864926553446608,0.22025004262188141,False
Vitamin C CDR,Obat,1515,699.0,0.01893567859800983,-2.2616504410626783,2.735298656289209,-7.622835807389528,3.0995349252641713,0.4083285630660569,False
Sedotan,Plastik,2020,625.0,0.01807448441901068,-2.2466519688902675,2.48412159413318,-7.1155302933913,2.6222263556107652,0.3657806924556035,False
Sampoerna Mild 16 batang,Rokok,2020,2866.0,0.03130991776807252,-2.238181005706763,0.9581291595497793,-4.11611415842433,-0.3602478529891957,0.019491715382937702,True
Kopiko 78C 240ml,Minuman,3030,12074.0,0.01595506580285597,-2.107338234909569,0.8394393098913916,-3.7526392822966965,-0.4620371875224416,0.0120590489036978,True
Beras medium SPHP 5kg,Sembako,2525,1441.0,0.07443851603683786,-2.084822193738211,0.3494377910746698,-2.769720264244564,-1.3999241232318584,2.4281516797231006e-09,True
Gudang Garam 16 batang,Rokok,2020,2964.0,0.032081655438544146,-2.0645410875168184,0.8201553667123198,-3.672045606272965,-0.45703656876067167,0.011827283010486855,True
Oreo 119g,Snack,1010,3569.0,0.014151221749928127,-2.0183734068082155,1.6897677359420333,-5.330318169254601,1.2935713556381696,0.23229496975401975,False
Teh Gelas 350ml,Minuman,1515,5990.0,0.01832473259279478,-1.9585845328701725,1.0287381649535718,-3.9749113361791735,0.0577422704388284,0.056927015435663364,False
Bawang goreng 50g,Bumbu,505,690.0,0.03196933789866004,-1.8687498500234576,1.2103959902232158,-4.241125990860961,0.5036262908140454,0.12260866056718189,False
Super Pell 450ml,Deterjen,2020,1197.0,0.015205445769374118,-1.8670596941573239,2.49873892063767,-6.764587978607157,3.030468590292509,0.4549423676250104,False
Biskuit bayi Promina 100g,Bayi,1515,247.0,0.018142275674084402,-1.8437425993797685,3.8407030599254894,-9.371520596833728,5.68403539807419,0.6311894157817166,False
Cokelat SilverQueen,Snack,1515,2045.0,0.013455093802333876,-1.8341000049031617,2.481798789927253,-6.698425633160578,3.030225623354254,0.4598945927755409,False
Shampoo H&S sachet,Perawatan,1515,804.0,0.013212360713485749,-1.7782015985299977,4.137626839051861,-9.887950203071645,6.3315470060116485,0.6673675798345391,False
Mi goreng Sarimi,Mi,2525,5451.0,0.015588383611402521,-1.7423850824008573,1.0647470918542554,-3.829289382435198,0.34451921763348325,0.10174942858581182,False
Pocari Sweat 350ml,Minuman,2020,11679.0,0.021655174351502257,-1.7302122466049343,0.7052480943421817,-3.1124985115156107,-0.34792598169425815,0.014153711003569214,True
Antangin sachet,Obat,2020,1269.0,0.01694854023924476,-1.7295961420458512,2.5160488085591464,-6.661051806821778,3.201859522730075,0.49181462505751217,False
Kopi susu Torabika sachet,Sachet,1515,5536.0,0.020320987211304715,-1.7036750103993343,0.7715571858475364,-3.215927094660506,-0.19142292613816303,0.027237340202445948,True
Indomilk 190ml,Minuman,2020,7312.0,0.021286873209316663,-1.6553593515060585,0.7664298742673522,-3.157561905070069,-0.15315679794204828,0.03078571953504139,True
Sikat,Deterjen,2525,2083.0,0.015039543934224504,-1.6299082731661583,1.678046514916505,-4.918879442402508,1.6590628960701912,0.33139247310204434,False
Bayclin 500ml,Deterjen,2020,1624.0,0.018403222672024926,-1.62581300504303,1.9780881735213327,-5.502865825144842,2.2512398150587822,0.4111273861758944,False
Plastik es,Plastik,2020,537.0,0.017103287676699032,-1.5840369871962054,3.2604617195799306,-7.974541957572869,4.8064679831804575,0.6270862081337343,False
Teh Tong Tji sachet,Sachet,2525,10078.0,0.026640630037615923,-1.5473440255135424,0.48792156223100513,-2.5036702874863126,-0.5910177635407724,0.0015176006823407473,True
Surya 12 batang,Rokok,1515,2435.0,0.03587341524464417,-1.5452011870423055,0.6174269811681493,-2.7553580701318783,-0.3350443039527329,0.012326875861100595,True
Makaroni 200g,Mi,2020,4267.0,0.014224848569206187,-1.5429961494847637,1.1862402710893019,-3.8680270808197954,0.782034781850268,0.19334573972643687,False
Snack jagung Cheetos,Snack,2525,7060.0,0.016173855844494486,-1.522962303354882,0.6864534719814119,-2.8684111084384494,-0.17751349827131468,0.026514283804143668,True
Teh Pucuk 350ml,Minuman,2020,9668.0,0.017122948875447245,-1.5215349433424037,0.652290591760066,-2.800024503192133,-0.24304538349267446,0.019668995201912454,True
Kacang sukro Garuda 80g,Snack,1010,3548.0,0.015519019670432312,-1.497591297738097,1.4216331966806184,-4.283992363232109,1.2888097677559152,0.2921438835806267,False
Shampoo Sunsilk sachet,Perawatan,2525,2180.0,0.019764133737742,-1.4689206066351757,1.2757806644735115,-3.969450709003258,1.0316094957329067,0.24957198474786413,False
Hansaplast 10 pcs,Obat,1010,669.0,0.01608209911817305,-1.4622621393843374,2.3112590487609226,-5.992329874955745,3.0678055961870707,0.5269497645661567,False
Sampoerna A 16 batang,Rokok,2020,2524.0,0.03762179891664453,-1.447450815201209,0.703622577054139,-2.8265510662273217,-0.06835056417509677,0.03967266985460394,True
Marlboro 16 batang,Rokok,1515,2196.0,0.03198235376726544,-1.4430870358503607,0.8716918790317753,-3.1516031187526403,0.2654290470519187,0.09782285365762533,False
Penyedap Masako,Bumbu,1515,1759.0,0.03480445256323206,-1.3926562323278067,0.7841062928403558,-2.929504566294904,0.14419210163929064,0.07571537582504506,False
LA Bold 16 batang,Rokok,2020,2733.0,0.03521741645396327,-1.3630196854729062,0.712172797428361,-2.7588783684324936,0.0328389974866814,0.05563433978594445,False
Baby oil My Baby 50ml,Bayi,1010,109.0,0.02002446466678321,-1.3526448989769044,4.875545347624142,-10.908713780320223,8.203423982366413,0.7814464286586313,False
Gula pasir curah 1kg,Sembako,1010,818.0,0.08128499479109028,-1.3466623667505306,0.5781766387003557,-2.479888578603228,-0.2134361548978334,0.019850914685317633,True
Klem selang,LPG,1010,644.0,0.031171078471931617,-1.3119711513290444,1.0352497464486765,-3.3410606543684507,0.7171183517103616,0.20504833481477913,False
Gula pasir Gulaku 1kg,Sembako,2020,1844.0,0.07380051037995505,-1.3110206875105623,0.34957380751898115,-1.9961853502477653,-0.6258560247733593,0.0001765948488898772,True
Kukubima sachet,Minuman,1515,5187.0,0.01699156446446594,-1.3081119764362543,1.2027154821780677,-3.6654343215052667,1.049210368632758,0.27675754992140433,False
Telur ayam 1kg,Sembako,1515,1718.0,0.06883580980384368,-1.2787843591694226,0.4269332811172593,-2.1155735901592507,-0.4419951281795943,0.00274193772332465,True
Buku gambar,ATK,2525,961.0,0.022567483109351034,-1.2759968283859566,2.0579127952355605,-5.3095059070476545,2.7575122502757416,0.5352287080786684,False
Teh Botol Sosro 350ml,Minuman,1515,7575.0,0.018527420405247116,-1.2736566087306473,0.7299815022450996,-2.7044203531310425,0.15710713566974777,0.08102329475308134,False
Beras medium 1kg,Sembako,2020,4010.0,0.06933878677866696,-1.2521141885626963,0.4042514620841163,-2.044447054247564,-0.45978132287782836,0.001952495352055994,True
Daia sachet,Deterjen,2020,1665.0,0.019191754210217665,-1.245577470042238,1.8046957685138874,-4.782781176329458,2.2916262362449813,0.4900766282753537,False
Kopi susu Good Day sachet,Sachet,2020,9799.0,0.018659132355200798,-1.2444782450029084,0.5949316371974152,-2.4105442539098423,-0.0784122360959747,0.03645637332236329,True
Pop Mie,Mi,2020,2379.0,0.01663984255310076,-1.1935439381633322,1.6429893605644317,-4.413803084869619,2.026715208542954,0.4675650684965815,False
Wafer Tango 115g,Snack,1010,1208.0,0.015686111442797336,-1.1663565853385442,2.1939501822397416,-5.466498942528438,3.1337857718513495,0.594986434650111,False
Rinso sachet,Deterjen,1515,1720.0,0.013404717066504649,-1.1628229459320647,2.1111944767517996,-5.300764120365591,2.9751182285014623,0.5817782440324064,False
Minyakita 1L,Sembako,2525,3986.0,0.07389945453437267,-1.157015041445698,0.3041907234727602,-1.753228859452308,-0.5608012234390879,0.0001426174648795353,True
Minyak goreng Bimoli 1L,Sembako,2525,2767.0,0.075271818091234,-1.133958271631717,0.3143141318230301,-1.750013970004856,-0.5179025732585779,0.0003088962071042811,True
Buavita 250ml,Minuman,2020,7093.0,0.017486784652621504,-1.1193526375875371,0.8386661647993722,-2.7631383205943063,0.5244330454192323,0.18198044592801432,False
Tisu basah Cussons,Tisu,2525,816.0,0.016076908061327964,-1.1123856329365451,3.154198202057258,-7.294614108968771,5.06984284309568,0.7243371473414788,False
Pasta gigi Sensodyne 40g,Perawatan,1515,968.0,0.017512013430497613,-1.1120816389813768,2.4663505073262777,-5.946128633340881,3.721965355378127,0.6520603975202175,False
LA Ice 16 batang,Rokok,1010,1372.0,0.030785007372045876,-1.1099046704299842,0.9416871619703736,-2.9556115078919163,0.7358021670319481,0.23854387751673367,False
Oli motor 0.8L,LPG,3030,943.0,0.03146788038785021,-1.099976481134602,1.229581066869136,-3.5099553721981085,1.3100024099289047,0.3710038836934344,False
Pulpen Standard AE7,ATK,2020,853.0,0.020624947930763922,-1.0387971461044607,2.2186828286949556,-5.387415490346574,3.3098211981376524,0.6396383990294883,False
Cappuccino Good Day sachet,Sachet,1010,2801.0,0.01666209968556193,-1.0053423641713934,1.5129691543072983,-3.9707619066136983,1.9600771782709112,0.5063811913912737,False
Indomie Cup,Mi,2525,11519.0,0.019020359232339405,-0.9240396653806612,0.642805893645645,-2.183939216926125,0.3358598861648029,0.1505732371627415,False
Terasi ABC 20g,Bumbu,2525,3087.0,0.02964456263917349,-0.910761853346124,0.8981044436418066,-2.671046562884065,0.849522856191817,0.3105381527470057,False
Mi goreng Indomie,Mi,1515,15195.0,0.017812760970918058,-0.898003764101889,0.878217840513278,-2.619310731507914,0.8233032033041359,0.30653029594112535,False
Chocolatos sachet,Sachet,2020,8227.0,0.015824248333137156,-0.8934732147297548,1.0991410970677529,-3.04778976498255,1.2608433355230406,0.4162850887924219,False
Kuaci Rebo 100g,Snack,1515,4126.0,0.017627811008858695,-0.8760865284829052,1.82883457188523,-4.460602289377956,2.7084292324121453,0.6319095444041911,False
Parfum Gatsby 100ml,Perawatan,1010,532.0,0.014139105374343377,-0.8600103815871705,3.551085219966614,-7.820137412721734,6.100116649547393,0.8086388231305834,False
Aqua 600ml,Minuman,1010,7584.0,0.01923436518014702,-0.8598580839668332,0.7020749061122413,-2.235924899946826,0.5162087320131598,0.22067380805777748,False
Margarin Blue Band 200g,Sembako,1010,1494.0,0.07759299241721788,-0.8517632484040721,0.3816304439204852,-1.599758918488223,-0.10376757831992123,0.025621181310841123,True
Minyak goreng Fortune 1L,Sembako,2020,2482.0,0.07587279342010442,-0.846441477814662,0.3680117713390615,-1.5677445496392224,-0.1251384059901014,0.02144600274049746,True
Mi kuah Sedaap,Mi,1010,2974.0,0.016259089920220873,-0.8448682318473437,1.5590651749485325,-3.900635974746467,2.21089951105178,0.5878826184384369,False
Surya 16 batang,Rokok,1010,3932.0,0.03149964551737749,-0.8435298383702651,0.6104430730502515,-2.039998261548758,0.3529385848082277,0.16702325791677364,False
Tepung terigu Kompas 1kg,Sembako,1010,930.0,0.07047443922473783,-0.8351728620542453,0.5390164109684749,-1.8916450275524561,0.22129930344396542,0.12127630788103949,False
Dancow sachet,Sachet,1515,7305.0,0.017100228552172036,-0.8318006867476014,0.9529213250254566,-2.6995264837974964,1.0359251103022933,0.3827200677330018,False
Tepung terigu Segitiga Biru 1kg,Sembako,2020,2548.0,0.06705378406158347,-0.8010181982164759,0.3803092108440727,-1.5464242514708584,-0.055612144962093435,0.03518448593468282,True
Extra Joss,Minuman,1515,7936.0,0.018205606587086847,-0.794648489286246,0.7843194956528288,-2.3319147007657905,0.7426177221932984,0.3109792681950201,False
Tepung beras Rose Brand 500g,Sembako,2525,2510.0,0.07947789833296076,-0.7861065936329561,0.30464304239711826,-1.383206956731308,-0.1890062305346043,0.009868059804225782,True
Mi kari ayam Indomie,Mi,2020,5257.0,0.01659903095605596,-0.770821971112714,0.9447022030171986,-2.622438289026423,1.0807943468009953,0.41453345064558644,False
Telur ayam 1 butir,Sembako,1515,3293.0,0.07694875186706232,-0.7704484699844402,0.29628071173410303,-1.351158664983282,-0.18973827498559825,0.009311505502783035,True
Garam Dolphin 500g,Sembako,2020,2531.0,0.07496051779637336,-0.7543672340280874,0.3341607231643081,-1.4093222514301313,-0.09941221662604349,0.023976961280905096,True
Susu formula SGM 200g,Bayi,1515,161.0,0.02039519685648935,-0.7344101018510232,4.546206369323268,-9.64497458572463,8.176154382022581,0.8716653508995984,False
Esse 16 batang,Rokok,2525,3536.0,0.033066144623069796,-0.7310393524745409,0.5610366451280173,-1.830671176925455,0.3685924719763731,0.1925695259957685,False
Better,Snack,1515,2737.0,0.017995426544903107,-0.7206261534206373,1.5844830690335667,-3.826212968726428,2.3849606618851533,0.6492516528378702,False
Promag strip,Obat,2020,492.0,0.017608035806136898,-0.7002721709962896,3.2754203679577807,-7.12009609219354,5.71955175020096,0.8307060496141601,False
Margarin Blue Band 500g,Sembako,505,473.0,0.08641627176510831,-0.6980119892527477,0.5936125041707473,-1.8614924974274123,0.465468518921917,0.23964625368548598,False
Santan Kara 65ml,Sembako,1010,2168.0,0.07786836505839188,-0.6790046676805856,0.3035670580165565,-1.2739961013930363,-0.08401323396813498,0.02530245776895068,True
Gula pasir Rose Brand 1kg,Sembako,1515,1996.0,0.07860738565246563,-0.6765638474720425,0.35470396376453833,-1.3717836164505375,0.018655921506452677,0.05646825964548885,False
Kopi Kapal Api sachet,Sachet,1515,13331.0,0.014671766838606801,-0.6688337140446893,0.9104768461535157,-2.4533683325055797,1.1157009044162014,0.46258486236989804,False
LPG 3kg,LPG,2020,1400.0,0.029634722712068868,-0.6428198090032261,0.8475446207324452,-2.304007265638819,1.0183676476323664,0.4481819233923714,False
Roma Kelapa 300g,Snack,2525,9628.0,0.01756343677329302,-0.605867064650005,0.764500593199504,-2.1042882273210326,0.8925540980210228,0.4280689290922117,False
Pocari Sweat 500ml,Minuman,1515,4616.0,0.016880946048605745,-0.6026258455102887,1.1477726525426972,-2.852260244493975,1.6470085534733978,0.5995558133589327,False
Garam Refina 500g,Sembako,2020,2964.0,0.07460464264214466,-0.5940891687400615,0.2788502904033987,-1.1406357379307228,-0.04754259954939999,0.03313076246581215,True
Korek kayu,Rokok,2020,4481.0,0.03818036190219242,-0.5908018944485358,0.44384488070387895,-1.4607378606281385,0.27913407173106697,0.18315612844854323,False
Milo sachet,Sachet,1515,3172.0,0.020211225691974134,-0.5899497732777178,1.3213506410772116,-3.1797970297890523,1.999897483233617,0.6552543062887226,False
Nescafe 220ml,Minuman,1515,7269.0,0.015597845463350395,-0.5844956991304868,0.949328017394657,-2.4451786132240145,1.2761872149630409,0.5380964043111798,False
Cuka 100ml,Bumbu,2525,2806.0,0.03539286727504993,-0.5612307456046722,0.7078646024232905,-1.9486453663543215,0.8261838751449772,0.4278649780438619,False
Sabun batang Nuvo,Perawatan,1010,443.0,0.017528017538777276,-0.5447350917680478,3.5515794971287855,-7.505830906140467,6.416360722604372,0.8780999862009637,False
Spidol Snowman,ATK,2020,651.0,0.01989606484777962,-0.5301597457996855,2.5801199455408876,-5.587194839059825,4.526875347460455,0.8371981217742515,False
Extra Joss sachet,Sachet,2020,12299.0,0.018019140037363757,-0.5278523841580574,0.6192691833586615,-1.741619983541034,0.6859152152249193,0.3940034699366981,False
Bakso 250g,Frozen,1515,1351.0,0.011979126140363233,-0.5142510090436175,2.5453068682924003,-5.503052470896722,4.4745504528094875,0.8398863105771621,False
Rautan Joyko,ATK,2020,741.0,0.019111456557698116,-0.4937659911377398,2.5258134850785243,-5.4443604218916475,4.456828439616168,0.8450110040346275,False
Ultra Milk 250ml,Minuman,2020,11542.0,0.021077281040662216,-0.4774007181659752,0.5352444664569397,-1.526479872421577,0.5716784360896265,0.37243033210495424,False
Tembakau linting,Rokok,1010,1764.0,0.03330561092551166,-0.4707904446461391,0.8799923453372097,-2.1955754415070703,1.253994552214792,0.59265414780787,False
Le Minerale 1.5L,Minuman,2020,7261.0,0.016678278945677093,-0.4706787398811328,1.054610843011804,-2.5377159921842685,1.596358512422003,0.6553765015124311,False
Mi goreng Sedaap,Mi,2020,5180.0,0.01730222836081802,-0.4627208280716452,1.0921225403705521,-2.603281007197927,1.6778393510546368,0.6717922904433524,False
Teh Sariwangi 25 kantong,Sachet,2020,6815.0,0.013633600467275171,-0.44398694475454015,1.287786260233904,-2.968048014812992,2.080074125303912,0.730269112309212,False
Nutrisari sachet,Sachet,2525,11447.0,0.018049479591133448,-0.43933211713226866,0.7585953916991008,-1.9261790848625062,1.047514850597969,0.5624954394378707,False
Gudang Garam Filter 12 batang,Rokok,1010,2721.0,0.036075918254461735,-0.43857798960969746,0.5851033281559557,-1.5853805127953706,0.7082245335759756,0.45351157481202087,False
Minyak goreng Sania 1L,Sembako,1515,1899.0,0.07823827360777132,-0.4251845680684437,0.3702427255839162,-1.1508603102129193,0.30049117407603204,0.25080590105225475,False
Plastik kiloan,Plastik,1010,349.0,0.018222098307452174,-0.41906135742207135,3.5324962749418183,-7.342754056308035,6.504631341463892,0.9055681995849747,False
Kopi ABC sachet,Sachet,2020,6009.0,0.01997208362036121,-0.38452185979033676,0.7789714278470793,-1.9113058583706122,1.1422621387899385,0.6215691475448493,False
Beng-Beng,Snack,1515,9183.0,0.014328864003389126,-0.38374244394968354,1.1428851119408125,-2.623797263353676,1.856312375454309,0.7370470135141276,False
Spaghetti La Fonte 225g,Mi,1010,3578.0,0.016456134584120576,-0.38139987504417794,1.136754731344983,-2.609439148480345,1.8466393983919889,0.7372355623412976,False
Selang gas,LPG,2020,495.0,0.02810163595839907,-0.37682259104559085,1.6743966803607138,-3.65864008455259,2.904994902461408,0.8219405548210168,False
Cutter Joyko,ATK,2020,202.0,0.020912547256574793,-0.35872203758150584,3.7707644130586018,-7.749420287176365,7.031976212013353,0.9242096276672032,False
Mayones Maestro 100g,Bumbu,1515,1420.0,0.02899612374294464,-0.3332815114686586,1.3500862877282314,-2.9794506354159918,2.312887612478675,0.8050170263566585,False
Downy sachet,Deterjen,1515,895.0,0.016426884919631693,-0.33104411064389894,2.499229981334126,-5.2295348740587855,4.567446652770988,0.8946216914529859,False
Kratingdaeng 150ml,Minuman,2020,9210.0,0.017998423579573198,-0.32818928814199677,0.7782845521153733,-1.8536270102881285,1.197248434004135,0.6732564864445125,False
Sendok plastik,Plastik,2020,628.0,0.013873419710420354,-0.32121927318740745,3.768272640020365,-7.7070336476273225,7.064595101252508,0.9320681197205951,False
Teh Sariwangi 1 kantong,Sachet,1515,6534.0,0.0403178190993869,-0.29416864161015777,0.39397277212628745,-1.0663552749776812,0.4780179917573656,0.4552612628472268,False
Kecap manis Sedap 135ml,Bumbu,2020,2493.0,0.03204179682947747,-0.2651168863804039,0.78051306047035,-1.7949224849022898,1.264688712141482,0.7341050417922588,False
Djarum Super 16 batang,Rokok,2020,3367.0,0.029951225153228168,-0.2398226801874549,0.6422037687195387,-1.4985420668777505,1.018896706502841,0.7088231895387089,False
Penghapus Faber-Castell,ATK,1010,380.0,0.023747147482170577,-0.21391286668440787,2.6037657835318195,-5.317293802406773,4.889468069037958,0.9345233079596211,False
Cornetto,Frozen,2020,1558.0,0.013550977386330742,-0.21286416941431055,2.0810732310877533,-4.2917677023463074,3.866039363517686,0.9185298531830637,False
Wipol 450ml,Deterjen,1515,961.0,0.011061732017512881,-0.209177396204561,3.4917185955404704,-7.052945843463883,6.634591051054761,0.9522299304650181,False
Minyak telon My Baby 60ml,Bayi,2020,262.0,0.01768461712286311,-0.1961429837357622,4.3066916521110725,-8.637258621873464,8.244972654401941,0.9636738858691325,False
Korek gas,Rokok,2525,6161.0,0.038103161843238004,-0.14517333321600445,0.38959191437982593,-0.9087734854004632,0.6184268189684543,0.7094244183387706,False
Saus sambal sachet ABC,Bumbu,1515,1713.0,0.03245589177626009,-0.13033912669031095,0.9602576410417428,-2.0124441031321267,1.751765849751505,0.8920319667738634,False
FreshCare 10ml,Obat,2525,1551.0,0.017593154104792588,-0.09479411900069165,1.68938444708277,-3.4059876352829206,3.216399397281537,0.9552528772604463,False
Aluminium foil,Plastik,3030,705.0,0.015785320762701362,-0.07328852531174344,3.5731790645692674,-7.076719491867507,6.930142441244021,0.9836359493882623,False
Sunlight 400ml,Deterjen,2020,1410.0,0.013861741645586114,-0.07047119533466131,2.765298669762501,-5.490456588069164,5.349514197399841,0.9796688170291632,False
Lap dapur,Plastik,2020,530.0,0.015293342897027,-0.06828791200071165,4.1225631058935255,-8.148511599552021,8.011935775550599,0.9867841006345708,False
Saus sambal ABC 135ml,Bumbu,1515,1423.0,0.03402340895840849,-0.05895722513945687,0.9647912445077259,-1.9499480643745994,1.8320336140956859,0.9512725691707196,False
Gayung,RumahTangga,2525,314.0,0.01721322823618747,-0.004123961483469119,3.262308066410121,-6.398247771647306,6.389999848680368,0.9989913753533808,False
Mi soto Indomie,Mi,1010,4691.0,0.0181581368040555,0.08998163429634623,1.0665894568357421,-2.000533701101708,2.180496969694401,0.9327671174881005,False
Sabun batang Dettol,Perawatan,505,199.0,0.027180853452044202,0.09229033844365503,3.1038871453731267,-5.991328466487674,6.175909143374983,0.9762793607668221,False
Karbol 500ml,Deterjen,2020,1865.0,0.013875094308229266,0.11276149978466646,1.8884130731053848,-3.5885281235018875,3.8140511230712204,0.9523847702401695,False
Masker,Obat,1010,482.0,0.03039592722747223,0.130716043406173,2.07916271980723,-3.9444428874159976,4.205874974228344,0.9498703752264495,False
Sprite 390ml,Minuman,2020,6221.0,0.017527764350918906,0.16782423358988216,0.8589356694379929,-1.515689678508584,1.8513381456883482,0.8450905671898958,False
Kentang frozen 500g,Frozen,1515,1468.0,0.016936688905725108,0.23744193382164214,1.265967339766263,-2.2438540521202333,2.7187379197635178,0.8512233811855607,False
Aqua 1.5L,Minuman,1010,4678.0,0.01759392312581575,0.2855509174119463,0.9489632713395261,-1.5744170944135247,2.1455189292374173,0.763484426887354,False
Pomade Gatsby 80g,Perawatan,2020,972.0,0.01735721273355282,0.30593370328125175,1.9702287830720762,-3.555714711540017,4.167582118102521,0.8766019513155907,False
Djarum Super 12 batang,Rokok,2020,3108.0,0.03552263514530369,0.31475106805015396,0.4989814197714599,-0.6632525147019074,1.2927546508022152,0.5281797060301254,False
Minyak rambut Gatsby 75g,Perawatan,2020,1333.0,0.015129599015261994,0.3465209142988528,1.8401010740942165,-3.260077190925812,3.953119019523517,0.8506287559321055,False
Kaldu bubuk Royco 100g,Bumbu,2525,3251.0,0.03718885739545105,0.38057117701955034,0.7339510878937833,-1.0579729552522648,1.8191153092913654,0.6040927925752952,False
Coca-Cola 390ml,Minuman,1010,2873.0,0.0146161460733461,0.40590764955583464,1.726955960095602,-2.9789260322315454,3.7907413313432143,0.8141759251116856,False
Bohlam LED Philips 5W,RumahTangga,1515,120.0,0.011630728160329715,0.42598463208191883,9.427200364154116,-18.05132808166015,18.903297345823983,0.963958448157888,False
Good Day 250ml,Minuman,2020,5212.0,0.014874170968115273,0.4556768087769904,1.5214934652131944,-2.5264503830408707,3.437804000594851,0.7645638288279824,False
Saus tiram Saori 133ml,Bumbu,1515,2252.0,0.029835558827855654,0.47536643257100636,0.9810970985969326,-1.4475838806789816,2.398316745820994,0.6280130653854399,False
Minyak rem 100ml,LPG,2020,938.0,0.029006134366177504,0.4983210119879416,1.0611286376667477,-1.5814911178388837,2.578133141814767,0.6386307209024853,False
Oli motor 1L,LPG,1515,334.0,0.025893562665359377,0.54519756547118,2.108945373775338,-3.588335367128482,4.678730498070842,0.7960081742054521,False
Tisu Paseo,Tisu,1515,565.0,0.013569122512016026,0.5530564032180478,4.330822273684306,-7.93535525320319,9.041468059639286,0.8983844898261646,False
Le Minerale 600ml,Minuman,2020,7213.0,0.018140636410187573,0.5700302427378433,0.7651508117964174,-0.9296653483831349,2.0697258338588216,0.45627733898972833,False
Sosis So Nice,Frozen,2525,2538.0,0.013297905319899274,0.6163699505011976,1.4152911998548536,-2.1576008012143157,3.3903407022167107,0.6631940869005266,False
Spons (kebersihan),Deterjen,2020,1555.0,0.012076511748939905,0.6558663991197364,3.0061949374254384,-5.236275678234122,6.548008476473596,0.827295401716893,False
Merica bubuk Ladaku,Bumbu,2020,1730.0,0.03458834571357749,0.7615810669160541,0.8692076822484064,-0.9420659902908224,2.4652281241229304,0.38093301292063364,False
Permen Relaxa,Snack,1515,3373.0,0.01591691990662628,0.7939494427706659,1.3369321703411692,-1.8264376110980258,3.4143364966393577,0.5526063028734991,False
Lem ban,LPG,1010,404.0,0.02496126401506071,0.9073646427387652,2.1111700459277287,-3.230528647279583,5.045257932757114,0.6673467300838909,False
Body lotion Citra 100ml,Perawatan,2525,1222.0,0.016972941343874438,0.9526147000016337,2.3213956451215134,-3.597320764436533,5.502550164439801,0.6815397411028126,False
Sabun batang Lifebuoy,Perawatan,2020,1524.0,0.015384686971247181,0.9614263029408824,2.393128283340641,-3.729105132406774,5.651957738288539,0.6878720165722341,False
Paracetamol Sanmol strip,Obat,1010,967.0,0.018357001163990035,0.986096552117628,2.7171750100370646,-4.339566467555018,6.311759571790274,0.7166703103028054,False
Penyedap Royco,Bumbu,2020,2197.0,0.03380539077438352,1.0102800545377275,1.0496650665616893,-1.0470634759231836,3.0676235849986386,0.3358093000642819,False
Oatmeal Quaker 35g,Mi,2020,4183.0,0.015894089740202774,1.0378750048598595,1.2270932591692036,-1.3672277831117794,3.442977792831498,0.3976645408849788,False
Sabun cair Lifebuoy 250ml,Perawatan,1515,1179.0,0.014250344314034455,1.0543201668919737,1.9914465323235178,-2.848915036462121,4.957555370246069,0.5965111516642212,False
Lem Alteco,RumahTangga,1515,193.0,0.016459252051399913,1.1121906926992977,4.7628212641961385,-8.222938985125134,10.447320370523729,0.8153614440724373,False
Kecap asin ABC 135ml,Bumbu,505,581.0,0.02593625117556653,1.1592881372701083,2.4719204307685376,-3.6856759070362255,6.004252181576442,0.6390819384084849,False
Tusuk sate,Plastik,2020,662.0,0.015701838663464335,1.1907592907173556,2.773614460449985,-4.245525051764615,6.627043633199326,0.6676926908166929,False
Snack jagung Chiki,Snack,1010,678.0,0.014016482423883045,1.2012255172801043,3.758994029749936,-6.16640278102977,8.568853815589978,0.7493016215149351,False
Kopi Good Day sachet,Sachet,1010,3190.0,0.014434686684135058,1.2062627641669725,1.6944834394100474,-2.1149247770767206,4.527450305410666,0.47654131976697855,False
Pasta gigi Close Up 65g,Perawatan,2020,1000.0,0.013964082043339966,1.21480367533,3.2364918723738083,-5.128720394522665,7.558327745182664,0.707403298172206,False
Bubur instan 50g,Mi,2020,4496.0,0.013734106660343191,1.2863010329468416,1.852671772789326,-2.3449356417202374,4.917537707613921,0.48749712970785075,False
Minyak kayu putih Cap Lang 30ml (Obat),Obat,2525,1080.0,0.01674707145199944,1.354223847087422,2.51716004276246,-3.5794098367269997,6.287857530901843,0.5905793129393986,False
Plastic wrap,Plastik,1010,223.0,0.017216535916807094,1.4021114507270154,5.3619709615805915,-9.107351633970943,11.911574535424975,0.7937132704704122,False
Soklin sachet,Deterjen,1515,1177.0,0.015294266726710462,1.434798277992483,3.5081406954685708,-5.441157485125916,8.310754041110883,0.6825462017525457,False
Molto sachet,Deterjen,1010,1027.0,0.017557732444413224,1.440670376903953,2.3270614161359537,-3.1203699987225164,6.001710752530423,0.5358542612233261,False
Pengharum mobil,LPG,2525,1075.0,0.02594921689910301,1.5022195243430294,1.1969221639120198,-0.8437479169245294,3.848186965610588,0.20945382776995514,False
Es krim cone Wall's,Frozen,1010,1355.0,0.012998799876725404,1.5270288812244943,2.2860299688463286,-2.95358985771431,6.007647620163299,0.5041445210411681,False
Sunlight sachet,Deterjen,1515,2327.0,0.019121387106583485,1.5906896187868322,1.732275108710507,-1.8045695942857614,4.985948831859426,0.35847953707200064,False
Kecap manis Bango 135ml,Bumbu,1515,1335.0,0.031184698771305187,1.59629271625713,1.3362174771453679,-1.0226935389477907,4.215278971462051,0.23222950732860714,False
Rinso 800g,Deterjen,2020,1370.0,0.015683909812667252,1.6671928540045806,2.2968448039245994,-2.834622961687634,6.169008669696796,0.4679232429037179,False
Kecap manis ABC 135ml,Bumbu,2525,3120.0,0.030478473862204005,1.7592494123223774,0.8626531878397549,0.06844916415645796,3.450049660488297,0.0414153823545349,False
Khong Guan 200g,Snack,1515,3050.0,0.014289917611025554,1.7665810356562752,2.185716863777502,-2.5174240173476288,6.050586088660179,0.4189531624981062,False
Nugget So Good 250g,Frozen,1010,562.0,0.014073640355785108,1.7755091903469755,3.2066777204496115,-4.509579141734262,8.060597522428214,0.5797902083330682,False
Pembalut Charm,Tisu,2525,552.0,0.01637735058618837,1.7770973650304132,3.793286985495012,-5.65774512653981,9.211939856600637,0.6394379250804603,False
Tisu basah Mitu,Tisu,2020,596.0,0.01491458922126657,1.7831171105968735,3.517838045697917,-5.111845458971043,8.67807968016479,0.6122399446631575,False
Kantong sampah,Deterjen,1010,955.0,0.019465995678606914,1.7851858798203095,2.0828905884191715,-2.297279673481267,5.867651433121885,0.3914054453722815,False
Es krim cup Wall's,Frozen,2525,1989.0,0.012351945189574831,1.8268236802032667,2.142534393938593,-2.3725437319163754,6.026191092322909,0.3938555675193611,False
Mi ayam bawang Indomie,Mi,1010,1582.0,0.016351460122691654,1.882472211797909,1.7347395080596524,-1.5176172239990096,5.282561647594827,0.2778502130327878,False
Makaroni pedas 100g,Snack,2020,5131.0,0.012638538501149552,1.9340647610019621,1.306344869819673,-0.6263711838445967,4.494500705848521,0.13873553690808405,False
Oralit sachet,Obat,2525,1238.0,0.018697685846796753,1.9822140988903056,1.7417693812717732,-1.4316538884023697,5.396082086182981,0.25510117374481966,False
Lem Fox 10g,ATK,1515,473.0,0.01880175260947695,2.051518709378976,3.7763077201002018,-5.350044422017419,9.453081840775372,0.5869504767441636,False
Kacang atom Garuda 100g,Snack,2020,4221.0,0.015976051094414905,2.061382921865648,1.7704274491387508,-1.4086548784463035,5.531420722177599,0.24428546856800737,False
Balsem Geliga 20g,Obat,2525,1543.0,0.01736809779221911,2.0927762528070497,1.812231974178615,-1.4591984165830358,5.644750922197135,0.2481699031100475,False
Salonpas 10 pcs,Obat,2020,927.0,0.016160868208953676,2.1656100961096425,2.9358861194433103,-3.588726697999246,7.919946890218531,0.4607367489975607,False
Saus tomat ABC 135ml,Bumbu,2020,1911.0,0.031774004801717506,2.187335400995048,0.973893281576162,0.27850456910577037,4.096166232884325,0.024705909334181486,False
Penggaris Butterfly 30cm,ATK,2020,244.0,0.017361678961169583,2.2374424684180187,4.969726874659001,-7.503222205913623,11.97810714274966,0.6525558736029897,False
Mama Lemon 400ml,Deterjen,1515,807.0,0.01440361690578158,2.342503072854295,3.3838922333392283,-4.289925704490592,8.974931850199182,0.48877966208918755,False
Diapet strip,Obat,2020,1251.0,0.023697925261895122,2.3621315724792384,1.4929980539030223,-0.5641446131706851,5.288407758129162,0.11361767023712477,False
Popok MamyPoko isi 10,Bayi,1010,108.0,0.01627247456843746,2.4282053008671665,6.5943754919230635,-10.496770663302039,15.35318126503637,0.7127064446287108,False
Deodoran Rexona sachet,Perawatan,1515,1612.0,0.01911650537097247,2.5206485260984364,1.6294495094108565,-0.6730725123468422,5.7143695645437145,0.121879504964024,False
Senter,RumahTangga,1515,125.0,0.018651454687467244,2.6763953298029675,4.8521811316380195,-6.83387968820755,12.186670347813486,0.5812320095176959,False
Hanger,RumahTangga,2525,268.0,0.015261353191475127,2.7796396373652525,4.79071028347267,-6.61015251824118,12.169431792971686,0.5617699673676178,False
Kopi Torabika sachet,Sachet,1515,4702.0,0.015078723581361033,2.885112994385004,1.0738843336396169,0.780299700451355,4.989926288318653,0.007218025024471331,False
Plastik kresek kecil,Plastik,2525,588.0,0.01645849603289473,2.894003190653477,3.028037980914257,-3.040951251938466,8.82895763324542,0.3392059162210077,False
Sapu lidi,RumahTangga,2525,289.0,0.019298314196149274,3.0017119120767535,2.7852958906709886,-2.4574680336383845,8.460891857791891,0.28116789397703945,False
Kacang kulit Garuda 100g,Snack,2020,5368.0,0.012234405882298722,3.205460174021573,1.8697467900214426,-0.4592435344204544,6.870163882463601,0.08645859874643325,False
Shampoo Pantene sachet,Perawatan,2020,1143.0,0.01810683698668823,3.211466241062017,2.342839368112383,-1.380498920438253,7.803431402562287,0.170450349830634,False
Deodoran Rexona 45ml,Perawatan,1515,1026.0,0.014776764445478681,3.2889390870813564,3.319161096044506,-3.216616661165875,9.794494835328589,0.32173700817180784,False
Plastik klip,Plastik,1515,526.0,0.017651019573197004,3.3024536494003254,3.2504453169821304,-3.06841917188465,9.6733264706853,0.309629209669841,False
Es krim Magnum,Frozen,1515,1726.0,0.012035535723590956,3.6303345048540447,2.5916663122984307,-1.4493314672508792,8.71000047695897,0.1612821601459027,False
Tisu Tessa,Tisu,2020,499.0,0.019749209779434455,3.9155366789441968,2.9028098980713275,-1.7739707212756053,9.605044079164,0.1773761258956723,False
Pembalut Softex,Tisu,2020,584.0,0.012858781761415902,4.264956947492412,4.700727016544113,-4.948468004934049,13.478381899918872,0.36424959965552794,False
Buku tulis Sinar Dunia,ATK,1515,529.0,0.01675448922724959,4.411097416247408,3.2628430021372354,-1.9840748679415734,10.806269700436388,0.17640142797415193,False
Tisu Nice,Tisu,2020,467.0,0.01635323082209564,4.473583832062001,3.4809435685351415,-2.349065562266876,11.296233226390878,0.1987349334399342,False
Pantyliner Laurier,Tisu,2020,516.0,0.014699467252763734,4.565913227317116,3.3331982615171407,-1.9671553652564793,11.098981819890712,0.17074013859190984,False
Buku tulis Kiky,ATK,2525,803.0,0.016964181546531735,4.91168115825847,2.6933898090084756,-0.3673628673981417,10.190725183915081,0.06821169579717345,False
Paracetamol strip,Obat,1010,558.0,0.013156700732717097,5.3689493533134165,4.804939990504335,-4.048733028075079,14.786631734701912,0.26383139302978886,False
Pensil Faber-Castell,ATK,1515,134.0,0.02181306808114673,5.4071816855635,5.128009072956932,-4.643716097432086,15.458079468559085,0.2916811780430384,False
Ember,RumahTangga,2020,171.0,0.014703557853823688,5.6317043641880655,6.385044531606425,-6.882982917760527,18.146391646136657,0.37776875400826815,False
Popok Sweety isi 10,Bayi,1010,146.0,0.015743830003923733,5.711998074031381,7.151306795561293,-8.304563245268753,19.728559393331516,0.42444416538285523,False
Stabilo,ATK,1010,258.0,0.015836192992972977,6.835467107233037,4.793069124952671,-2.5589483776741995,16.229882592140275,0.15383518987804146,False
Tolak Angin sachet,Obat,1010,260.0,0.018713551704918372,6.9311988893879946,4.301913902788198,-1.5005523600768722,15.362950138852861,0.10713840645370998,False
Lakban,RumahTangga,2525,233.0,0.015447026273633695,7.237675450142997,3.949789813079071,-0.5039125834919824,14.979263483777977,0.06688881024768256,False
Susu formula Dancow 200g,Bayi,2525,204.0,0.015014555443083874,7.3106202980205675,5.61090353699967,-3.686750634498785,18.30799123053992,0.1925983107131306,False
Tali per meter,RumahTangga,2020,203.0,0.017018755344299776,7.8549344864729544,4.90372057801912,-1.756357846444521,17.466226819390428,0.10919285741674756,False
Regulator gas,LPG,1010,115.0,0.025910756070844886,7.893651164497759,3.2704803020316398,1.4835097725157453,14.303792556479772,0.01579552883754065,False
Bubur bayi Promina 120g,Bayi,2525,368.0,0.013828749053319558,8.109247707411884,5.8036706472998,-3.2659467612957247,19.484442176119494,0.1623348372595277,False
Map,ATK,2020,555.0,0.01566714835687952,8.428536052768424,3.9302839837919885,0.7251794445361259,16.13189266100072,0.03199198910755219,False
Pengki,RumahTangga,1010,133.0,0.01458434633282727,9.35830841168076,4.425936641478292,0.6834725943833071,18.033144228978212,0.034479035779803935,False
Bohlam LED Hannochs 9W,RumahTangga,2525,317.0,0.012764610026653782,9.699292596068444,4.594718798383262,0.69364375123725,18.70494144089964,0.0347752823992733,False
Pembalut Laurier,Tisu,1010,299.0,0.013406297675209775,9.768415015435297,6.935282892232931,-3.824739453341248,23.36156948421184,0.15898012038862386,False
Baterai AAA ABC 2pcs,RumahTangga,2525,228.0,0.014561057439806931,10.065231143443723,6.018921351387655,-1.7318547052760795,21.862316992163528,0.0944720902036873,False
Kapas Selection,Tisu,1515,514.0,0.01257551494131167,10.076418916591146,5.3966818262690675,-0.5010774628962249,20.653915296078516,0.06188052872036032,False
Baby powder My Baby 50g,Bayi,2020,268.0,0.01635073399185574,10.836183221928808,3.8493995484676446,3.291360106932225,18.38100633692539,0.004877236482082603,False
Spons cuci piring,Plastik,1010,301.0,0.012616216637116075,11.46949079614647,7.246759819965855,-2.7341584509866053,25.673140043279545,0.11348847286146646,False
Lilin,RumahTangga,1515,100.0,0.02190727890829483,11.586781587111977,8.3064355782305,-4.693832146219803,27.867395320443755,0.16304111006100186,False
Popok Merries isi 10,Bayi,2525,302.0,0.013526234228316834,11.850472612340424,4.740768213753834,2.558566913382908,21.14237831129794,0.012430041702119254,False
Kabel USB,RumahTangga,2525,202.0,0.012884627527495897,12.680571421002252,6.405032008715972,0.12670868391894707,25.234434158085556,0.04772795363612614,False
Gelas plastik,Plastik,2020,664.0,0.011961001372872159,12.931955312623584,5.374866700325227,2.3972165799861394,23.46669404526103,0.01612805089733782,False
Isolasi,RumahTangga,2020,218.0,0.016544867787607966,13.3468797307484,4.259217133693224,4.99881414870968,21.69494531278712,0.001726488669821169,False
Plastik kresek sedang,Plastik,1515,429.0,0.012953798889744655,19.69375690215785,5.8855183810323295,8.158140875334485,31.229372928981217,0.000819455914322198,False
Terminal listrik,RumahTangga,1515,118.0,0.015748387305926384,19.783940089444297,6.691841955419031,6.667929856822996,32.8999503220656,0.0031122621832913033,False
