kategori,n_seri,n_observations,units,price_sd,elasticity,se,ci_low,ci_high,p_value,reliable
Snack,76,38380,108313.0,0.0156043038840246,-1.2321804714414824,0.2746536324191692,-1.770501590983054,-0.6938593518999108,7.246835362018089e-06,True
Minuman,76,38380,159332.0,0.01773418663876927,-0.9784057195044038,0.19573268876361627,-1.3620417894810917,-0.5947696495277159,5.772312328122808e-07,True
Sembako,76,38380,42806.0,0.07374524697522905,-0.9681271587399269,0.07663468298724824,-1.1183311373949334,-0.8179231800849204,0.0,True
Mi,52,26260,82818.0,0.016402758244693717,-0.9490082436947362,0.2742109035111571,-1.486461614576604,-0.4115548728128683,0.0005384330903082102,True
Rokok,52,26260,46160.0,0.034376878193410794,-0.8009351147402591,0.15642339171386327,-1.107524962499431,-0.49434526698108716,3.0504561876476544e-07,True
Sachet,52,26260,111245.0,0.020435703542303525,-0.6608172488131191,0.18193257335976024,-1.0174050925982492,-0.30422940502798906,0.00028100467211866764,True
Deterjen,59,29795,24303.0,0.015616493265564923,-0.1972530696524271,0.5738947805798582,-1.3220868395889491,0.927580700284095,0.7310647901837601,False
Perawatan,66,33330,21746.0,0.016600423486329847,-0.12573361997134713,0.5490803028370873,-1.2019310135320382,0.9504637735893439,0.8188770828202276,False
LPG,36,18180,6412.0,0.028334844917613223,-0.06250793025932032,0.4219001341973039,-0.889432193286036,0.7644163327673953,0.8822179832219703,False
Frozen,35,17675,15999.0,0.013440325424168455,0.06588075903342264,0.6645042193534759,-1.23654751089939,1.3683090289662354,0.9210249495830269,False
ATK,59,29795,8789.0,0.020004735744109704,0.1090501145704879,0.6826866550326616,-1.2290157292935289,1.4471159584345046,0.873088488322586,False
Bumbu,56,28280,31768.0,0.03266710992350409,0.2419874977936002,0.23808363773831634,-0.22465643217349981,0.7086314277607002,0.30944036836299627,False
Obat,49,24745,12986.0,0.01864732853117963,0.9521517180902718,0.6002672358197213,-0.2243720641163819,2.1286755002969255,0.11269099028028351,False
Plastik,49,24745,7051.0,0.015694822464008308,1.5626712296644338,0.9347631961904121,-0.2694646348687739,3.394807094197642,0.0945776702288017,False
Tisu,40,20200,5792.0,0.015596777505991394,2.555441152296988,1.2196534533290577,0.164920383772035,4.945961920821941,0.036151524404221425,False
Bayi,40,20200,2591.0,0.016297784088412037,2.6847955485328314,1.6940765894385075,-0.6355945667666432,6.005185663832306,0.1130087008542835,False
RumahTangga,74,37370,3653.0,0.016268425205757192,5.926382150721748,1.1473271061891035,3.6776210225911052,8.175143278852392,2.399490723892228e-07,False
