,importance
rmean_28,0.4668237
rmean_14,0.35130522
zero_share_28,0.055837266
rmean_7,0.05093006
same_dow_mean,0.015888685
fase_akademik,0.008798692
rstd_28,0.005535605
produk,0.005480926
week_of_year,0.004340955
akhir_pekan,0.0040676957
warung_id,0.0039845747
day_of_week,0.0035319878
day_of_month,0.0033420285
kategori,0.0030645714
month,0.0030275444
lag_7,0.002670384
libur_nasional,0.002513746
lag_13,0.0011023654
gajian,0.00092849083
lag_8,0.000911288
lag_14,0.0008583498
price_chg_7,0.00077535043
harga_jual,0.0007438307
margin_pct,0.00071366486
price_rel_28,0.00063471
lag_28,0.000585973
lag_9,0.0005599035
rstd_7,0.0005448443
lag_21,0.00049756165
