warung_id,produk,kategori,pred_7d
W4,Mi goreng Indomie,Mi,80.24677
W5,Kopi Kapal Api sachet,Sachet,61.968918
W4,Kopi Kapal Api sachet,Sachet,57.563774
W1,Aqua 600ml,Minuman,53.477566
W2,Pocari Sweat 350ml,Minuman,40.442753
W5,Surya 16 batang,Rokok,38.60902
W2,Indomie Cup,Mi,38.028812
W2,Teh Botol Sosro 350ml,Minuman,37.680504
W2,Ultra Milk 250ml,Minuman,37.53372
W2,Beng-Beng,Snack,37.49487
W2,Teh Pucuk 350ml,Minuman,35.696358
W4,Ultra Milk 250ml,Minuman,35.36252
W5,Nutrisari sachet,Sachet,35.26915
W1,Teh Gelas 350ml,Minuman,35.04133
W2,Kratingdaeng 150ml,Minuman,34.351135
W4,Indomie Cup,Mi,33.933094
W4,Kopi susu Good Day sachet,Sachet,33.370308
W2,Mi soto Indomie,Mi,32.943245
W2,Nutrisari sachet,Sachet,32.483383
W1,Extra Joss,Minuman,32.43524
W2,Dancow sachet,Sachet,32.07852
W2,Extra Joss,Minuman,31.40197
W4,Keripik kentang Chitato 68g,Snack,30.555758
W2,Le Minerale 1.5L,Minuman,30.272552
W5,Kopi susu Torabika sachet,Sachet,30.190554
W5,Dancow sachet,Sachet,30.13687
W4,Extra Joss sachet,Sachet,30.109518
W2,Permen karet Big Babol,Snack,30.086206
W4,Chocolatos sachet,Sachet,30.040783
W2,Roma Kelapa 300g,Snack,29.95381
W1,Kopi susu Good Day sachet,Sachet,29.847672
W1,Extra Joss sachet,Sachet,29.505846
W4,Basreng 100g,Snack,29.20386
W4,Nescafe 220ml,Minuman,29.054752
W2,Bihun Rose Brand 320g,Mi,28.953066
W2,Teh Sariwangi 1 kantong,Sachet,28.6902
W6,Aqua 600ml,Minuman,28.270214
W5,Korek gas,Rokok,27.992043
W4,Pocari Sweat 350ml,Minuman,27.462694
W1,Nutrisari sachet,Sachet,27.145864
W5,Extra Joss sachet,Sachet,26.6417
W2,Frestea 350ml,Minuman,26.363035
W4,Mi goreng Sedaap,Mi,26.20538
W4,Mi kari ayam Indomie,Mi,25.945272
W5,Kopi ABC sachet,Sachet,25.863316
W1,Cappuccino Good Day sachet,Sachet,25.725311
W1,Kopi Torabika sachet,Sachet,25.62611
W5,Gudang Garam Filter 12 batang,Rokok,25.590235
W1,Le Minerale 600ml,Minuman,25.408434
W1,Teh Sariwangi 1 kantong,Sachet,25.386114
W4,Kopiko 78C 240ml,Minuman,25.279919
W4,Roma Kelapa 300g,Snack,25.14933
W2,Spaghetti La Fonte 225g,Mi,25.106012
W1,Pocari Sweat 500ml,Minuman,24.963377
W2,Snack jagung Cheetos,Snack,24.843645
W2,Basreng 100g,Snack,24.768791
W2,Extra Joss sachet,Sachet,24.75197
W1,Teh Tong Tji sachet,Sachet,24.694023
W5,Indomilk 190ml,Minuman,24.579643
W5,Kopi susu Good Day sachet,Sachet,24.350094
W4,Kacang sukro Garuda 80g,Snack,24.303932
W2,Mi jumbo Indomie,Mi,24.297953
W4,Le Minerale 600ml,Minuman,24.126472
W2,Mi goreng Sarimi,Mi,24.087078
W4,Frestea 350ml,Minuman,23.996721
W5,Korek kayu,Rokok,23.911682
W2,Kopiko 78C 240ml,Minuman,23.765263
W2,Oreo 119g,Snack,23.486607
W3,Kopi Good Day sachet,Sachet,23.361212
W1,Teh Pucuk 350ml,Minuman,23.315908
W5,Djarum Super 12 batang,Rokok,23.036196
W4,Aqua 1.5L,Minuman,22.806126
W2,Astor,Snack,22.797106
W4,Oatmeal Quaker 35g,Mi,22.763577
W2,Bubur instan 50g,Mi,22.645386
W5,Teh Tong Tji sachet,Sachet,22.10155
W4,Indomilk 190ml,Minuman,21.869635
W5,Kopiko 78C 240ml,Minuman,21.456953
W2,Buavita 250ml,Minuman,21.38727
W2,Sprite 390ml,Minuman,21.377623
W4,Kukubima sachet,Minuman,21.299961
W5,Buavita 250ml,Minuman,21.281034
W6,Santan Kara 65ml,Sembako,21.277124
W4,Kacang kulit Garuda 100g,Snack,20.972845
W1,Good Day 250ml,Minuman,20.49302
W5,Teh Pucuk 350ml,Minuman,20.380253
W5,Aqua 330ml,Minuman,20.201643
W3,Beras medium 1kg,Sembako,20.087116
W4,Makaroni 200g,Mi,20.028423
W3,Buavita 250ml,Minuman,19.975807
W2,Mi kuah Sedaap,Mi,19.948336
W4,Makaroni pedas 100g,Snack,19.903664
W2,Kacang atom Garuda 100g,Snack,19.762032
W5,Aqua 1.5L,Minuman,19.750118
W3,Ultra Milk 250ml,Minuman,19.689564
W5,Pocari Sweat 350ml,Minuman,19.667696
W3,Telur ayam 1 butir,Sembako,19.534264
W2,Snack kentang Qtela 60g,Snack,19.528713
W1,Milo sachet,Sachet,19.418941
W4,Kerupuk 100g,Snack,19.197258
W5,Teh Botol Sosro 350ml,Minuman,18.8855
W2,Kopi susu Torabika sachet,Sachet,18.884647
W2,Teh Sariwangi 25 kantong,Sachet,18.867239
W5,Sprite 390ml,Minuman,18.867165
W4,Kopi ABC sachet,Sachet,18.423874
W1,Beng-Beng,Snack,18.390589
W4,Mi jumbo Indomie,Mi,18.29136
W6,Kecap manis ABC 135ml,Bumbu,18.128141
W6,Pocari Sweat 500ml,Minuman,18.090672
W2,Korek gas,Rokok,18.084673
W6,Kopi Good Day sachet,Sachet,18.076996
W4,Khong Guan 200g,Snack,17.83768
W4,Teh Tong Tji sachet,Sachet,17.700375
W6,Indomilk 190ml,Minuman,16.906185
W6,Nutrisari sachet,Sachet,16.787928
W6,Le Minerale 600ml,Minuman,16.717611
W1,Teh Sariwangi 25 kantong,Sachet,16.483204
W1,Tembakau linting,Rokok,16.396078
W4,Kuaci Rebo 100g,Snack,16.272635
W6,Saus sambal sachet ABC,Bumbu,16.233032
W3,Teh Gelas 350ml,Minuman,16.226778
W2,Beras medium 1kg,Sembako,16.223866
W5,Good Day 250ml,Minuman,16.144135
W3,Teh Pucuk 350ml,Minuman,16.13373
W6,Kopi Kapal Api sachet,Sachet,16.082
W1,Coca-Cola 390ml,Minuman,15.95086
W4,Teh Sariwangi 25 kantong,Sachet,15.626479
W4,Kratingdaeng 150ml,Minuman,15.59399
W2,Teh Tong Tji sachet,Sachet,15.589535
W1,Nescafe 220ml,Minuman,15.471615
W3,Kopi susu Good Day sachet,Sachet,15.41542
W1,Mi goreng Indomie,Mi,15.264135
W3,Pocari Sweat 350ml,Minuman,15.090987
W1,Surya 12 batang,Rokok,15.038212
W3,Indomilk 190ml,Minuman,14.952241
W3,Teh Tong Tji sachet,Sachet,14.887957
W6,Minyakita 1L,Sembako,14.856934
W5,Coca-Cola 390ml,Minuman,14.84057
W3,Kopi Torabika sachet,Sachet,14.669554
W5,Telur ayam 1 butir,Sembako,14.488686
W6,Extra Joss,Minuman,14.442976
W5,Djarum Super 16 batang,Rokok,14.414053
W4,Permen Kopiko,Snack,13.9538555
W2,Permen Relaxa,Snack,13.859304
W1,Gudang Garam 16 batang,Rokok,13.807359
W3,Kopi susu Torabika sachet,Sachet,13.789377
W3,Sunlight sachet,Deterjen,13.780594
W5,Esse 16 batang,Rokok,13.675602
W1,Aqua 330ml,Minuman,13.583119
W3,Saus tiram Saori 133ml,Bumbu,13.580984
W3,Pocari Sweat 500ml,Minuman,13.558908
W1,Korek kayu,Rokok,13.520241
W6,Minyak goreng Sania 1L,Sembako,13.511384
W2,Keripik kentang Chitato 68g,Snack,13.337027
W1,LA Ice 16 batang,Rokok,13.102655
W6,Kopiko 78C 240ml,Minuman,12.982627
W3,Teh Botol Sosro 350ml,Minuman,12.940591
W3,Good Day 250ml,Minuman,12.925724
W6,Gula pasir Rose Brand 1kg,Sembako,12.835216
W6,Cuka 100ml,Bumbu,12.805652
W6,Buavita 250ml,Minuman,12.657906
W1,Cokelat SilverQueen,Snack,12.6383705
W6,Garam Refina 500g,Sembako,12.6187
W1,Permen karet Big Babol,Snack,12.609807
W3,Sprite 390ml,Minuman,12.58923
W1,Basreng 100g,Snack,12.560826
W2,Esse 16 batang,Rokok,12.341102
W3,Korek gas,Rokok,12.311493
W2,Chocolatos sachet,Sachet,12.17686
W1,Kopiko 78C 240ml,Minuman,12.167072
W6,Dancow sachet,Sachet,12.015805
W1,Keripik kentang Chitato 68g,Snack,12.007092
W1,Sampoerna Mild 16 batang,Rokok,11.978086
W3,Kaldu bubuk Royco 100g,Bumbu,11.906903
W6,Sprite 390ml,Minuman,11.899311
W3,Kopiko 78C 240ml,Minuman,11.785102
W1,Better,Snack,11.781813
W5,Sampoerna A 16 batang,Rokok,11.723208
W1,Le Minerale 1.5L,Minuman,11.689944
W5,Mi goreng Indomie,Mi,11.65785
W6,Teh Gelas 350ml,Minuman,11.655378
W6,Terasi ABC 20g,Bumbu,11.607806
W6,Penyedap Royco,Bumbu,11.491431
W6,Minyak goreng Fortune 1L,Sembako,11.353141
W3,Rinso sachet,Deterjen,11.083107
W1,Kukubima sachet,Minuman,11.068338
W3,Nutrisari sachet,Sachet,11.050103
W3,Garam Refina 500g,Sembako,11.030719
W3,Surya 16 batang,Rokok,11.010017
W6,Kopi Torabika sachet,Sachet,11.008544
W5,Ultra Milk 250ml,Minuman,10.866902
W5,Santan Kara 65ml,Sembako,10.74074
W6,Sunlight sachet,Deterjen,10.708688
W3,Milo sachet,Sachet,10.671884
W1,Djarum Super 16 batang,Rokok,10.669875
W1,Kacang atom Garuda 100g,Snack,10.660906
W6,Garam Dolphin 500g,Sembako,10.630084
W1,Sampoerna A 16 batang,Rokok,10.599523
W6,Djarum Super 16 batang,Rokok,10.566961
W3,Kecap manis Bango 135ml,Bumbu,10.5636835
W6,Kukubima sachet,Minuman,10.55907
W6,Cappuccino Good Day sachet,Sachet,10.55064
W6,Good Day 250ml,Minuman,10.489626
W6,Le Minerale 1.5L,Minuman,10.455512
W3,Le Minerale 1.5L,Minuman,10.4542885
W3,Chocolatos sachet,Sachet,10.420116
W1,LA Bold 16 batang,Rokok,10.345828
W3,Minyakita 1L,Sembako,10.342607
W5,Minyakita 1L,Sembako,10.319039
W1,Kacang kulit Garuda 100g,Snack,10.288848
W1,Beras medium 1kg,Sembako,10.2503
W6,Kecap manis Sedap 135ml,Bumbu,10.219248
W6,Saus tiram Saori 133ml,Bumbu,10.188174
W5,Mi ayam bawang Indomie,Mi,10.17246
W6,Kratingdaeng 150ml,Minuman,10.125504
W3,Kopi ABC sachet,Sachet,10.101535
W3,Penyedap Royco,Bumbu,9.941866
W2,Marlboro 16 batang,Rokok,9.936585
W5,Saus tiram Saori 133ml,Bumbu,9.893087
W2,Minyak goreng Fortune 1L,Sembako,9.842077
W5,Kaldu bubuk Royco 100g,Bumbu,9.77074
W2,Tepung terigu Segitiga Biru 1kg,Sembako,9.736545
W3,Djarum Super 16 batang,Rokok,9.695523
W3,Minyak goreng Fortune 1L,Sembako,9.653285
W2,Gudang Garam Filter 12 batang,Rokok,9.6355715
W2,Gudang Garam 16 batang,Rokok,9.626814
W6,Mi ayam bawang Indomie,Mi,9.595132
W5,Astor,Snack,9.539345
W1,Kecap manis ABC 135ml,Bumbu,9.470457
W3,Terasi ABC 20g,Bumbu,9.459195
W5,Tepung terigu Segitiga Biru 1kg,Sembako,9.453404
W2,Margarin Blue Band 200g,Sembako,9.447051
W3,Bawang goreng 50g,Bumbu,9.413562
W1,Mi kuah Sedaap,Mi,9.373807
W1,Telur ayam 1 butir,Sembako,9.364145
W2,Tempura 250g,Frozen,9.244367
W2,LA Bold 16 batang,Rokok,9.123579
W3,Tepung beras Rose Brand 500g,Sembako,9.111676
W6,Teh Sariwangi 1 kantong,Sachet,9.110407
W6,Tepung terigu Segitiga Biru 1kg,Sembako,9.105289
W6,Tepung beras Rose Brand 500g,Sembako,9.083994
W6,Korek gas,Rokok,9.079556
W6,Korek kayu,Rokok,9.050307
W3,Tepung terigu Segitiga Biru 1kg,Sembako,9.048288
W5,Permen karet Big Babol,Snack,9.038975
W3,Sikat,Deterjen,8.983235
W2,Es krim cone Wall's,Frozen,8.909665
W3,Teh Sariwangi 25 kantong,Sachet,8.88109
W6,Gudang Garam 16 batang,Rokok,8.875514
W3,Sampoerna Mild 16 batang,Rokok,8.843362
W6,Karbol 500ml,Deterjen,8.83469
W6,Marlboro 16 batang,Rokok,8.834435
W5,Saus tomat ABC 135ml,Bumbu,8.817643
W6,Telur ayam 1kg,Sembako,8.816627
W6,Kaldu bubuk Royco 100g,Bumbu,8.755605
W1,Makaroni pedas 100g,Snack,8.751285
W6,Daia sachet,Deterjen,8.709203
W6,LA Bold 16 batang,Rokok,8.697523
W6,Gula pasir Gulaku 1kg,Sembako,8.669602
W3,Kecap manis ABC 135ml,Bumbu,8.645841
W2,Kaldu bubuk Royco 100g,Bumbu,8.634026
W1,Bubur instan 50g,Mi,8.61608
W3,Kecap manis Sedap 135ml,Bumbu,8.610058
W6,Chocolatos sachet,Sachet,8.576099
W6,Minyak goreng Bimoli 1L,Sembako,8.506884
W4,Korek gas,Rokok,8.500075
W4,Garam Refina 500g,Sembako,8.438734
W6,Milo sachet,Sachet,8.435415
W2,Antangin sachet,Obat,8.427785
W3,Pop Mie,Mi,8.376165
W5,Kecap asin ABC 135ml,Bumbu,8.346624
W3,Kratingdaeng 150ml,Minuman,8.300837
W3,Penyedap Masako,Bumbu,8.273504
W4,Korek kayu,Rokok,8.261632
W6,Nescafe 220ml,Minuman,8.258445
W6,Saus sambal ABC 135ml,Bumbu,8.233746
W3,Merica bubuk Ladaku,Bumbu,8.126297
W6,Bayclin 500ml,Deterjen,8.124107
W3,Kantong sampah,Deterjen,8.102485
W4,Sunlight sachet,Deterjen,8.091339
W1,Snack jagung Cheetos,Snack,8.055517
W6,Merica bubuk Ladaku,Bumbu,8.01383
W5,Makaroni pedas 100g,Snack,8.00428
W3,Minyak goreng Bimoli 1L,Sembako,7.9698687
W6,Molto sachet,Deterjen,7.9658117
W3,Aqua 330ml,Minuman,7.964437
W6,Surya 12 batang,Rokok,7.90901
W6,Kopi ABC sachet,Sachet,7.880925
W1,Cuka 100ml,Bumbu,7.8440614
W3,Tepung terigu Kompas 1kg,Sembako,7.7975483
W3,Margarin Blue Band 200g,Sembako,7.7453723
W2,Sampoerna A 16 batang,Rokok,7.7214584
W3,Telur ayam 1kg,Sembako,7.6721306
W6,Frestea 350ml,Minuman,7.6713905
W6,Penyedap Masako,Bumbu,7.668339
W5,Bubur instan 50g,Mi,7.6515613
W5,Better,Snack,7.627988
W5,Basreng 100g,Snack,7.558198
W5,Kerupuk 100g,Snack,7.5089493
W3,Saus tomat ABC 135ml,Bumbu,7.492489
W6,Esse 16 batang,Rokok,7.4861507
W2,FreshCare 10ml,Obat,7.454353
W5,Wafer Tango 115g,Snack,7.418885
W3,Le Minerale 600ml,Minuman,7.358359
W3,Djarum Super 12 batang,Rokok,7.3474007
W5,Kecap manis ABC 135ml,Bumbu,7.3255873
W5,Minyak goreng Bimoli 1L,Sembako,7.2883377
W1,Kaldu bubuk Royco 100g,Bumbu,7.2634296
W5,Snack jagung Cheetos,Snack,7.261613
W2,LPG 3kg,LPG,7.221971
W1,Garam Refina 500g,Sembako,7.196054
W1,Es krim cone Wall's,Frozen,7.1940665
W6,Roma Kelapa 300g,Snack,7.1812844
W4,Deodoran Rexona sachet,Perawatan,7.1686773
W1,Astor,Snack,7.1417494
W3,Esse 16 batang,Rokok,7.0710874
W5,Mayones Maestro 100g,Bumbu,7.0643063
W5,Rinso sachet,Deterjen,7.0419493
W2,Deodoran Rexona sachet,Perawatan,6.9867096
W5,Klem selang,LPG,6.9853964
W3,Marlboro 16 batang,Rokok,6.9684086
W3,Margarin Blue Band 500g,Sembako,6.967287
W4,Nugget Fiesta 250g,Frozen,6.966888
W1,Mi jumbo Indomie,Mi,6.9585977
W3,Sampoerna A 16 batang,Rokok,6.955752
W5,Kecap manis Sedap 135ml,Bumbu,6.938438
W3,Surya 12 batang,Rokok,6.93186
W1,Karbol 500ml,Deterjen,6.9302406
W1,Pop Mie,Mi,6.898992
W5,Mi kari ayam Indomie,Mi,6.894222
W3,Tembakau linting,Rokok,6.8723416
W1,Minyakita 1L,Sembako,6.861493
W5,Gula pasir Rose Brand 1kg,Sembako,6.8086553
W6,LA Ice 16 batang,Rokok,6.803613
W5,Indomie Cup,Mi,6.7920213
W1,Saus sambal ABC 135ml,Bumbu,6.7510433
W6,Es krim Magnum,Frozen,6.749812
W4,Sosis So Nice,Frozen,6.713105
W2,Tepung beras Rose Brand 500g,Sembako,6.702506
W3,Sunlight 400ml,Deterjen,6.6906433
W2,Kecap manis Bango 135ml,Bumbu,6.687802
W2,Minyak goreng Bimoli 1L,Sembako,6.6832876
W4,Gula pasir curah 1kg,Sembako,6.672142
W3,Mi goreng Sedaap,Mi,6.6547513
W4,Minyak goreng Fortune 1L,Sembako,6.646303
W1,Garam Dolphin 500g,Sembako,6.636876
W1,Telur ayam 1kg,Sembako,6.6342425
W4,Beras medium 1kg,Sembako,6.633351
W6,Kacang kulit Garuda 100g,Snack,6.61529
W2,Es krim Magnum,Frozen,6.5414953
W4,Gudang Garam 16 batang,Rokok,6.4768553
W1,Rinso sachet,Deterjen,6.475929
W6,Downy sachet,Deterjen,6.436754
W6,Makaroni 200g,Mi,6.407666
W6,Bakso 250g,Frozen,6.4073677
W6,Snack jagung Cheetos,Snack,6.3837433
W3,Gula pasir Gulaku 1kg,Sembako,6.3614435
W2,Shampoo Sunsilk sachet,Perawatan,6.3504896
W3,Wafer Tango 115g,Snack,6.343461
W3,Mi goreng Sarimi,Mi,6.3422613
W2,Daia sachet,Deterjen,6.3399577
W2,Saus tomat ABC 135ml,Bumbu,6.3384933
W2,Molto sachet,Deterjen,6.333434
W6,Pop Mie,Mi,6.3099413
W6,Djarum Super 12 batang,Rokok,6.2632647
W6,Better,Snack,6.260777
W5,LPG 3kg,LPG,6.235765
W4,Cuka 100ml,Bumbu,6.2198505
W6,Sikat,Deterjen,6.217209
W3,Es krim Magnum,Frozen,6.2166586
W6,Attack sachet,Deterjen,6.213004
W2,Sikat,Deterjen,6.18485
W4,LA Bold 16 batang,Rokok,6.176381
W5,Terasi ABC 20g,Bumbu,6.1708527
W2,Spons (kebersihan),Deterjen,6.1606474
W4,Spons (kebersihan),Deterjen,6.156943
W2,Attack sachet,Deterjen,6.1537333
W4,Tepung terigu Kompas 1kg,Sembako,6.1397033
W2,Mayones Maestro 100g,Bumbu,6.1179585
W2,Sampoerna Mild 16 batang,Rokok,6.095035
W2,Garam Dolphin 500g,Sembako,6.0920753
W3,Karbol 500ml,Deterjen,6.0844574
W5,Keripik kentang Chitato 68g,Snack,6.0827007
W2,Pasta gigi Pepsodent 75g,Perawatan,6.045791
W5,Khong Guan 200g,Snack,6.008005
W6,Spons (kebersihan),Deterjen,5.9687195
W2,Terasi ABC 20g,Bumbu,5.945384
W4,Bakso 250g,Frozen,5.9262657
W4,Minyakita 1L,Sembako,5.92335
W1,Permen Relaxa,Snack,5.9142013
W1,Kuaci Rebo 100g,Snack,5.9109597
W4,Shampoo Sunsilk sachet,Perawatan,5.9088845
W1,Kecap manis Bango 135ml,Bumbu,5.903217
W4,Hansaplast 10 pcs,Obat,5.895302
W1,Makaroni 200g,Mi,5.8940854
W2,Gula pasir Rose Brand 1kg,Sembako,5.892995
W5,Roma Kelapa 300g,Snack,5.864928
W1,Mi goreng Sedaap,Mi,5.8514104
W5,Mi goreng Sarimi,Mi,5.8487883
W5,Cuka 100ml,Bumbu,5.8471045
W2,Minyak kayu putih Cap Lang 30ml (Obat),Obat,5.8202806
W2,Cuka 100ml,Bumbu,5.811842
W5,Shampoo Sunsilk sachet,Perawatan,5.79547
W3,Attack sachet,Deterjen,5.790858
W4,Rinso 800g,Deterjen,5.787903
W5,Bayclin 500ml,Deterjen,5.7724895
W1,Kantong sampah,Deterjen,5.772124
W5,Deodoran Rexona 45ml,Perawatan,5.7664804
W4,Sikat,Deterjen,5.760807
W6,Permen karet Big Babol,Snack,5.7307324
W4,Sabun cair Lifebuoy 250ml,Perawatan,5.729746
W5,Makaroni 200g,Mi,5.722504
W1,Penyedap Royco,Bumbu,5.721724
W1,Es krim cup Wall's,Frozen,5.7193413
W3,Soklin sachet,Deterjen,5.661599
W5,Garam Dolphin 500g,Sembako,5.6589184
W1,Mayones Maestro 100g,Bumbu,5.654746
W2,Penyedap Royco,Bumbu,5.6532483
W4,Deodoran Rexona 45ml,Perawatan,5.648402
W5,Minyak goreng Sania 1L,Sembako,5.617751
W2,Minyak rem 100ml,LPG,5.6125865
W5,Daia sachet,Deterjen,5.59056
W6,Mi goreng Sarimi,Mi,5.590059
W5,Bakso 250g,Frozen,5.579062
W5,Tepung beras Rose Brand 500g,Sembako,5.575684
W1,Minyak goreng Sania 1L,Sembako,5.566305
W6,Es krim cup Wall's,Frozen,5.565894
W1,Tepung beras Rose Brand 500g,Sembako,5.5341034
W3,Spons (kebersihan),Deterjen,5.517571
W5,Wipol 450ml,Deterjen,5.511645
W5,Attack sachet,Deterjen,5.4982567
W3,Permen Relaxa,Snack,5.482798
W4,Djarum Super 12 batang,Rokok,5.477355
W4,Balsem Geliga 20g,Obat,5.4684463
W6,Cornetto,Frozen,5.4598475
W1,Bayclin 500ml,Deterjen,5.45345
W6,Soklin sachet,Deterjen,5.440733
W5,Super Pell 450ml,Deterjen,5.4249444
W1,Shampoo Sunsilk sachet,Perawatan,5.414055
W6,Super Pell 450ml,Deterjen,5.404566
W5,Masker,Obat,5.4019785
W3,Mi soto Indomie,Mi,5.3579197
W3,Mi jumbo Indomie,Mi,5.3435082
W2,Pulpen Pilot,ATK,5.3409324
W5,Diapet strip,Obat,5.328468
W4,Soklin sachet,Deterjen,5.3235235
W2,Kentang frozen 500g,Frozen,5.3228955
W3,Rinso 800g,Deterjen,5.3056955
W6,Sabun batang Lifebuoy,Perawatan,5.282401
W3,Oreo 119g,Snack,5.2745543
W1,Downy sachet,Deterjen,5.230195
W1,Wipol 450ml,Deterjen,5.214577
W3,Roma Kelapa 300g,Snack,5.208071
W1,Sunlight 400ml,Deterjen,5.1840634
W6,Kuaci Rebo 100g,Snack,5.1773763
W4,Minyak rambut Gatsby 75g,Perawatan,5.175827
W4,Saus sambal ABC 135ml,Bumbu,5.1685233
W1,Penyedap Masako,Bumbu,5.1644764
W3,Cornetto,Frozen,5.1614003
W6,Mi goreng Sedaap,Mi,5.161178
W1,Sosis So Nice,Frozen,5.1536474
W5,Downy sachet,Deterjen,5.1481547
W2,Saus sambal sachet ABC,Bumbu,5.1363335
W1,Mi goreng Sarimi,Mi,5.135079
W2,Sosis So Nice,Frozen,5.134332
W3,Deodoran Rexona sachet,Perawatan,5.1331124
W6,Tisu Paseo,Tisu,5.1293907
W4,Bayclin 500ml,Deterjen,5.1215296
W3,Sosis So Nice,Frozen,5.114471
W6,Makaroni pedas 100g,Snack,5.0916615
W4,Sabun batang Lifebuoy,Perawatan,5.086365
W2,Paracetamol Sanmol strip,Obat,5.0819035
W1,Paracetamol strip,Obat,5.077176
W5,Karbol 500ml,Deterjen,5.048469
W6,Sosis So Nice,Frozen,5.03665
W1,Tempura 250g,Frozen,5.0150785
W3,Super Pell 450ml,Deterjen,5.014972
W4,Gula pasir Gulaku 1kg,Sembako,5.013635
W1,Daia sachet,Deterjen,5.0045805
W6,Kentang frozen 500g,Frozen,4.988066
W6,Keripik kentang Chitato 68g,Snack,4.964898
W4,Sampoerna Mild 16 batang,Rokok,4.959112
W6,Mi jumbo Indomie,Mi,4.922488
W3,Sabun cair Lifebuoy 250ml,Perawatan,4.887722
W4,Sikat gigi Formula,Perawatan,4.87319
W6,Spaghetti La Fonte 225g,Mi,4.864142
W6,Sikat gigi Formula,Perawatan,4.8606873
W3,Snack kentang Qtela 60g,Snack,4.856876
W3,Keripik kentang Chitato 68g,Snack,4.8186584
W2,Balsem Geliga 20g,Obat,4.8076754
W3,Snack jagung Chiki,Snack,4.7977867
W1,Rinso 800g,Deterjen,4.784371
W5,Snack kentang Qtela 60g,Snack,4.7837567
W5,Pop Mie,Mi,4.78318
W5,Cornetto,Frozen,4.7795253
W3,Basreng 100g,Snack,4.777904
W6,Snack jagung Chiki,Snack,4.7483816
W1,Kentang frozen 500g,Frozen,4.7452397
W6,Oatmeal Quaker 35g,Mi,4.690567
W1,Cornetto,Frozen,4.6787853
W3,Bihun Rose Brand 320g,Mi,4.672448
W4,Kecap manis Sedap 135ml,Bumbu,4.659802
W4,Es krim cup Wall's,Frozen,4.648005
W6,Sabun batang Lux,Perawatan,4.6374826
W6,Shampoo Clear sachet,Perawatan,4.6231995
W5,Tempura 250g,Frozen,4.6116605
W3,Bubur instan 50g,Mi,4.607767
W4,Terasi ABC 20g,Bumbu,4.5959024
W3,Sikat gigi Formula,Perawatan,4.5932684
W4,Kecap manis ABC 135ml,Bumbu,4.571018
W1,Sikat gigi Formula,Perawatan,4.5600443
W6,Minyak rambut Gatsby 75g,Perawatan,4.551117
W6,Indomie Cup,Mi,4.5467424
W4,Rautan Joyko,ATK,4.543335
W6,Shampoo Pantene sachet,Perawatan,4.520684
W1,Balsem Geliga 20g,Obat,4.497515
W6,Sabun cair Lifebuoy 250ml,Perawatan,4.497299
W4,Sabun batang Lux,Perawatan,4.492431
W6,Astor,Snack,4.482766
W6,Cokelat SilverQueen,Snack,4.471905
W5,Paracetamol Sanmol strip,Obat,4.460206
W1,Sikat,Deterjen,4.442668
W2,Shampoo H&S sachet,Perawatan,4.4202332
W2,Pasta gigi Sensodyne 40g,Perawatan,4.41272
W6,Rinso 800g,Deterjen,4.3603888
W3,Indomie Cup,Mi,4.3570004
W6,Nugget Fiesta 250g,Frozen,4.347007
W6,LPG 3kg,LPG,4.3310394
W2,Pasta gigi Close Up 65g,Perawatan,4.322879
W1,Gula pasir curah 1kg,Sembako,4.3207593
W3,Cokelat SilverQueen,Snack,4.29628
W1,Shampoo Pantene sachet,Perawatan,4.269553
W4,Shampoo Clear sachet,Perawatan,4.267103
W4,Super Pell 450ml,Deterjen,4.2659864
W3,Shampoo Pantene sachet,Perawatan,4.2545195
W4,Gunting Joyko,ATK,4.2480626
W4,Buku gambar,ATK,4.2259393
W4,Mama Lemon 400ml,Deterjen,4.2145567
W3,Nugget Fiesta 250g,Frozen,4.206401
W5,Shampoo Pantene sachet,Perawatan,4.20277
W3,Nugget So Good 250g,Frozen,4.1831903
W3,Sabun batang Lux,Perawatan,4.17617
W1,Minyak goreng Bimoli 1L,Sembako,4.1720796
W1,Gula pasir Gulaku 1kg,Sembako,4.1554666
W2,Parfum Gatsby 100ml,Perawatan,4.113382
W2,Pomade Gatsby 80g,Perawatan,4.103893
W2,Shampoo Clear sachet,Perawatan,4.1000514
W2,Sunlight 400ml,Deterjen,4.086422
W1,Sabun batang Lux,Perawatan,4.0853825
W1,Pengharum mobil,LPG,4.075488
W6,Body lotion Citra 100ml,Perawatan,4.042839
W3,Deodoran Rexona 45ml,Perawatan,4.032709
W4,Esse 16 batang,Rokok,4.0242634
W4,Merica bubuk Ladaku,Bumbu,4.022142
W1,Saus sambal sachet ABC,Bumbu,4.014912
W6,Mi kari ayam Indomie,Mi,4.009762
W1,Merica bubuk Ladaku,Bumbu,4.007115
W3,Parfum Gatsby 100ml,Perawatan,3.9844992
W3,Shampoo Sunsilk sachet,Perawatan,3.9821813
W2,Mama Lemon 400ml,Deterjen,3.9609718
W3,Masker,Obat,3.944931
W2,Wipol 450ml,Deterjen,3.9389246
W6,Beng-Beng,Snack,3.9182842
W2,Beras medium SPHP 5kg,Sembako,3.891522
W5,Shampoo H&S sachet,Perawatan,3.8676286
W6,Sabun batang Nuvo,Perawatan,3.858304
W3,Permen karet Big Babol,Snack,3.8490934
W5,Sabun batang Lifebuoy,Perawatan,3.8479762
W5,Es krim cup Wall's,Frozen,3.836806
W2,Body lotion Citra 100ml,Perawatan,3.8278985
W2,Buku gambar,ATK,3.8025026
W3,Es krim cup Wall's,Frozen,3.7977104
W5,Vitamin C CDR,Obat,3.7806976
W1,Oatmeal Quaker 35g,Mi,3.754443
W6,Pasta gigi Pepsodent 75g,Perawatan,3.7400389
W1,Shampoo H&S sachet,Perawatan,3.7394657
W3,Mama Lemon 400ml,Deterjen,3.7097101
W3,Snack jagung Cheetos,Snack,3.6853743
W6,Basreng 100g,Snack,3.6752353
W1,Pasta gigi Sensodyne 40g,Perawatan,3.6465929
W4,Saus tomat ABC 135ml,Bumbu,3.6368582
W5,Minyak rambut Gatsby 75g,Perawatan,3.631152
W2,Pulpen Standard AE7,ATK,3.6296272
W5,Nugget So Good 250g,Frozen,3.6255836
W3,Pasta gigi Pepsodent 75g,Perawatan,3.5973098
W5,Sabun batang Lux,Perawatan,3.5851607
W3,Astor,Snack,3.5838552
W2,Amplop,ATK,3.5811858
W6,Pomade Gatsby 80g,Perawatan,3.5673563
W5,Sunlight 400ml,Deterjen,3.551792
W3,Pasta gigi Close Up 65g,Perawatan,3.5423167
W1,Vitamin C CDR,Obat,3.5409286
W2,Diapet strip,Obat,3.5346124
W5,Paracetamol strip,Obat,3.5224447
W6,Beras medium SPHP 5kg,Sembako,3.5070019
W5,Pengharum mobil,LPG,3.4493082
W5,Oli motor 0.8L,LPG,3.448971
W3,Tempura 250g,Frozen,3.4489222
W3,Mi kari ayam Indomie,Mi,3.443035
W4,Diapet strip,Obat,3.4403203
W5,Body lotion Citra 100ml,Perawatan,3.4354856
W1,Shampoo Clear sachet,Perawatan,3.4220665
W3,Beras medium SPHP 5kg,Sembako,3.4123752
W1,Body lotion Citra 100ml,Perawatan,3.403478
W3,Pengharum mobil,LPG,3.3878505
W6,Kacang sukro Garuda 80g,Snack,3.3652265
W2,Tisu basah Cussons,Tisu,3.2954276
W6,Vitamin C CDR,Obat,3.2950501
W6,Gelas plastik,Plastik,3.2885935
W1,FreshCare 10ml,Obat,3.2737532
W5,Pomade Gatsby 80g,Perawatan,3.272726
W3,Sabun batang Lifebuoy,Perawatan,3.2646575
W5,Nugget Fiesta 250g,Frozen,3.257946
W4,Pulpen Standard AE7,ATK,3.2460685
W3,Lem ban,LPG,3.2121663
W2,Salonpas 10 pcs,Obat,3.2085207
W3,Kacang atom Garuda 100g,Snack,3.1914396
W6,Sabun batang Dettol,Perawatan,3.182064
W1,Sabun batang Nuvo,Perawatan,3.1690402
W4,FreshCare 10ml,Obat,3.1599648
W1,Lem ban,LPG,3.158071
W6,Plastik kresek kecil,Plastik,3.1562662
W5,Beras medium SPHP 5kg,Sembako,3.1392207
W5,Pasta gigi Sensodyne 40g,Perawatan,3.1368608
W4,Antangin sachet,Obat,3.1109183
W4,Buku tulis Sinar Dunia,ATK,3.0953455
W2,Oli motor 0.8L,LPG,3.0836954
W5,Plastik klip,Plastik,3.0663238
W6,Tisu basah Cussons,Tisu,3.0382695
W6,Oli motor 0.8L,LPG,3.03535
W6,Pasta gigi Close Up 65g,Perawatan,3.0191078
W3,LPG 3kg,LPG,3.0158153
W3,Tusuk sate,Plastik,3.014575
W3,Cotton bud Selection,Tisu,3.0031438
W6,Kacang atom Garuda 100g,Snack,2.945621
W1,Rautan Joyko,ATK,2.9379363
W3,FreshCare 10ml,Obat,2.9287524
W6,Cotton bud Selection,Tisu,2.9171538
W1,Beras premium 5kg,Sembako,2.897664
W3,Oatmeal Quaker 35g,Mi,2.8961668
W4,Tisu basah Mitu,Tisu,2.8876154
W5,Beras premium 5kg,Sembako,2.8727713
W3,Kapas Selection,Tisu,2.8670416
W6,Antangin sachet,Obat,2.8513708
W2,Pembalut Softex,Tisu,2.8449721
W6,Spons cuci piring,Plastik,2.83471
W1,Plastik klip,Plastik,2.833296
W3,Oli motor 0.8L,LPG,2.8265796
W3,Plastik es,Plastik,2.8192987
W4,Pengharum mobil,LPG,2.8100247
W6,Diapet strip,Obat,2.8081298
W4,Penghapus Faber-Castell,ATK,2.807402
W3,Sedotan,Plastik,2.8044076
W4,Gelas plastik,Plastik,2.7955835
W1,Pasta gigi Close Up 65g,Perawatan,2.79479
W1,Oralit sachet,Obat,2.7932649
W3,Aluminium foil,Plastik,2.790169
W6,Plastik kiloan,Plastik,2.7845068
W6,Pembalut Softex,Tisu,2.7838564
W3,Gelas plastik,Plastik,2.778491
W3,Plastik kiloan,Plastik,2.7597785
W1,Oli motor 0.8L,LPG,2.7565916
W6,Minyak rem 100ml,LPG,2.755512
W3,Tisu basah Cussons,Tisu,2.7466896
W5,Oralit sachet,Obat,2.736898
W3,Sendok plastik,Plastik,2.7313418
W6,Pengharum mobil,LPG,2.7253408
W1,Penghapus Faber-Castell,ATK,2.7221751
W6,Plastik klip,Plastik,2.721871
W3,Tisu Tessa,Tisu,2.717293
W2,Kapas Selection,Tisu,2.716595
W4,Oralit sachet,Obat,2.7117326
W3,Body lotion Citra 100ml,Perawatan,2.6923811
W6,Selang gas,LPG,2.6725411
W3,Pomade Gatsby 80g,Perawatan,2.6721034
W1,Stabilo,ATK,2.6714957
W1,Selang gas,LPG,2.654364
W1,Minyak rambut Gatsby 75g,Perawatan,2.6409976
W4,Beras medium SPHP 5kg,Sembako,2.6327922
W5,Minyak kayu putih Cap Lang 30ml (Obat),Obat,2.6325274
W4,Pantyliner Laurier,Tisu,2.6156683
W6,Kapas Selection,Tisu,2.6095312
W1,Minyak rem 100ml,LPG,2.60286
W6,Tusuk sate,Plastik,2.5952
W3,Minyak rem 100ml,LPG,2.5887456
W2,Lap dapur,Plastik,2.55843
W6,Beras premium 5kg,Sembako,2.5354078
W4,Klem selang,LPG,2.5321732
W6,Tolak Angin sachet,Obat,2.5165436
W1,Sedotan,Plastik,2.5017765
W3,Lap dapur,Plastik,2.492271
W3,Tusuk gigi,Plastik,2.491941
W5,Sendok plastik,Plastik,2.4888356
W6,Sedotan,Plastik,2.4856002
W1,Minyak kayu putih Cap Lang 30ml (Obat),Obat,2.4706185
W1,Pembalut Laurier,Tisu,2.4670877
W2,Tusuk sate,Plastik,2.4649806
W3,Khong Guan 200g,Snack,2.4635775
W1,Sendok plastik,Plastik,2.4619348
W1,Lap dapur,Plastik,2.4608781
W3,Antangin sachet,Obat,2.451958
W2,Spidol Snowman,ATK,2.4518607
W6,Plastik kresek sedang,Plastik,2.4426167
W3,Pembalut Softex,Tisu,2.440247
W5,Pembalut Softex,Tisu,2.4338713
W1,Correction pen Joyko,ATK,2.422957
W2,Lem Fox 10g,ATK,2.4163713
W4,Buku tulis Kiky,ATK,2.4139807
W5,Oli motor 1L,LPG,2.4110994
W2,Plastic wrap,Plastik,2.4078782
W4,Lap dapur,Plastik,2.3749204
W5,Plastik es,Plastik,2.3638818
W2,Gelas plastik,Plastik,2.359709
W6,FreshCare 10ml,Obat,2.3380275
W3,Selang gas,LPG,2.3356342
W1,Spidol Snowman,ATK,2.322557
W6,Plastik es,Plastik,2.3027918
W3,Kacang kulit Garuda 100g,Snack,2.2834191
W5,Sedotan,Plastik,2.2773895
W2,Pembalut Laurier,Tisu,2.274973
W2,Sendok plastik,Plastik,2.2687206
W6,Tisu basah Mitu,Tisu,2.2517874
W1,Tisu Tessa,Tisu,2.2460418
W2,Aluminium foil,Plastik,2.2375903
W3,Pembalut Charm,Tisu,2.2308373
W5,Promag strip,Obat,2.2292514
W6,Tisu Nice,Tisu,2.2266788
W1,Tusuk gigi,Plastik,2.2247732
W5,Tusuk sate,Plastik,2.2081964
W3,Oralit sachet,Obat,2.1939628
W2,Pantyliner Laurier,Tisu,2.19277
W2,Bohlam LED Philips 5W,RumahTangga,2.1647816
W6,Salonpas 10 pcs,Obat,2.1616435
W5,Tisu basah Cussons,Tisu,2.133415
W1,Plastik kresek kecil,Plastik,2.1201406
W1,Promag strip,Obat,2.1135802
W6,Aluminium foil,Plastik,2.111549
W4,Pembalut Charm,Tisu,2.0908601
W6,Oralit sachet,Obat,2.0879877
W4,Plastik es,Plastik,2.0872428
W3,Tisu Paseo,Tisu,2.0338805
W3,Tolak Angin sachet,Obat,2.0326571
W4,Plastik kresek kecil,Plastik,2.0202081
W5,Tisu Nice,Tisu,2.012598
W3,Salonpas 10 pcs,Obat,1.9985348
W4,Beras premium 5kg,Sembako,1.9974581
W2,Pembalut Charm,Tisu,1.9964743
W5,Tisu basah Mitu,Tisu,1.9843378
W6,Pembalut Charm,Tisu,1.9734075
W1,Tisu Paseo,Tisu,1.9671412
W6,Balsem Geliga 20g,Obat,1.9651527
W5,Pembalut Charm,Tisu,1.9633819
W2,Buku tulis Kiky,ATK,1.9620904
W5,Tisu Tessa,Tisu,1.9215991
W1,Tisu basah Cussons,Tisu,1.9200103
W1,Tisu basah Mitu,Tisu,1.8926115
W2,Plastik kresek kecil,Plastik,1.8880038
W1,Salonpas 10 pcs,Obat,1.8851111
W2,Minyak kayu putih Cap Lang 30ml (Bayi),Bayi,1.8635508
W5,Rautan Joyko,ATK,1.8519955
W6,Minyak kayu putih Cap Lang 30ml (Obat),Obat,1.834938
W5,Plastik kresek kecil,Plastik,1.8301601
W3,Plastik kresek sedang,Plastik,1.8233306
W4,Plastik kresek sedang,Plastik,1.8173462
W3,Promag strip,Obat,1.8149608
W3,Minyak kayu putih Cap Lang 30ml (Bayi),Bayi,1.8126893
W6,Minyak kayu putih Cap Lang 30ml (Bayi),Bayi,1.8096821
W1,Lem Fox 10g,ATK,1.8088146
W3,Oli motor 1L,LPG,1.8060298
W2,Buku tulis Sinar Dunia,ATK,1.7967659
W3,Minyak telon My Baby 60ml,Bayi,1.7957706
W1,Tisu Nice,Tisu,1.7895751
W1,Pulpen Standard AE7,ATK,1.7840966
W3,Balsem Geliga 20g,Obat,1.7829843
W3,Minyak kayu putih Cap Lang 30ml (Obat),Obat,1.7790067
W5,Lem Alteco,RumahTangga,1.7778913
W2,Beras premium 5kg,Sembako,1.773992
W6,Promag strip,Obat,1.7571449
W6,Minyak telon My Baby 60ml,Bayi,1.7225909
W3,Pantyliner Laurier,Tisu,1.714238
W2,Baby powder My Baby 50g,Bayi,1.7026014
W5,Sapu lidi,RumahTangga,1.6969507
W5,Gayung,RumahTangga,1.6931976
W1,Gayung,RumahTangga,1.6836227
W4,Tisu Tessa,Tisu,1.6789083
W5,Map,ATK,1.6758602
W1,Pantyliner Laurier,Tisu,1.6711091
W2,Tali per meter,RumahTangga,1.6563476
W5,Isolasi,RumahTangga,1.6500196
W1,Biskuit bayi Promina 100g,Bayi,1.6193888
W5,Aluminium foil,Plastik,1.6009572
W6,Lem Alteco,RumahTangga,1.5884604
W1,Spons cuci piring,Plastik,1.572974
W4,Tisu Nice,Tisu,1.558508
W5,Plastic wrap,Plastik,1.527982
W6,Popok Sweety isi 10,Bayi,1.5159807
W1,Minyak kayu putih Cap Lang 30ml (Bayi),Bayi,1.5109069
W5,Hanger,RumahTangga,1.5022478
W4,Map,ATK,1.4963971
W5,Minyak telon My Baby 60ml,Bayi,1.471904
W5,Sapu ijuk,RumahTangga,1.4567057
W6,Bubur bayi Promina 120g,Bayi,1.453844
W3,Buku tulis Sinar Dunia,ATK,1.4487798
W1,Bohlam LED Hannochs 9W,RumahTangga,1.4446247
W1,Aluminium foil,Plastik,1.4312767
W6,Oli motor 1L,LPG,1.426352
W1,Bohlam LED Philips 5W,RumahTangga,1.4249651
W2,Biskuit bayi Promina 100g,Bayi,1.421537
W4,Aluminium foil,Plastik,1.4213984
W5,Bohlam LED Hannochs 9W,RumahTangga,1.4159036
W6,Popok Merries isi 10,Bayi,1.3874336
W5,Pulpen Pilot,ATK,1.384685
W4,Oli motor 0.8L,LPG,1.3797872
W3,Bubur bayi Promina 120g,Bayi,1.3740827
W6,Baby powder My Baby 50g,Bayi,1.3724093
W1,Bubur bayi Promina 120g,Bayi,1.3662071
W2,Hanger,RumahTangga,1.363774
W1,Penggaris Butterfly 30cm,ATK,1.3628421
W4,Baby powder My Baby 50g,Bayi,1.358096
W3,Pulpen Standard AE7,ATK,1.3545732
W6,Buku tulis Kiky,ATK,1.3516738
W4,Selang gas,LPG,1.3414243
W1,Keset,RumahTangga,1.3247268
W5,Lakban,RumahTangga,1.3042556
W5,Buku tulis Kiky,ATK,1.293987
W3,Biskuit bayi Promina 100g,Bayi,1.2801608
W3,Buku tulis Kiky,ATK,1.2778372
W1,Amplop,ATK,1.2733117
W1,Popok Merries isi 10,Bayi,1.2381921
W2,Bohlam LED Hannochs 9W,RumahTangga,1.2376854
W5,Baby powder My Baby 50g,Bayi,1.2375641
W5,Pengki,RumahTangga,1.2332371
W1,Sapu lidi,RumahTangga,1.2246878
W5,Buku gambar,ATK,1.2193269
W2,Popok Merries isi 10,Bayi,1.2175368
W3,Popok Merries isi 10,Bayi,1.2154728
W2,Bubur bayi Promina 120g,Bayi,1.2145982
W3,Amplop,ATK,1.2134899
W5,Popok Sweety isi 10,Bayi,1.2116158
W6,Lakban,RumahTangga,1.1962816
W5,Bubur bayi Promina 120g,Bayi,1.186918
W3,Hansaplast 10 pcs,Obat,1.1816732
W5,Correction pen Joyko,ATK,1.1770906
W1,Baby oil My Baby 50ml,Bayi,1.1759878
W5,Pensil Faber-Castell,ATK,1.166455
W2,Baby oil My Baby 50ml,Bayi,1.1464486
W5,Baterai AAA ABC 2pcs,RumahTangga,1.1433134
W3,Gunting Joyko,ATK,1.1413877
W1,Tali per meter,RumahTangga,1.1377039
W1,Cutter Joyko,ATK,1.1338685
W5,Penggaris Butterfly 30cm,ATK,1.1251372
W6,Popok MamyPoko isi 10,Bayi,1.1251332
W3,Lem Fox 10g,ATK,1.122124
W5,Ember,RumahTangga,1.1190546
W2,Regulator gas,LPG,1.1110997
W1,Terminal listrik,RumahTangga,1.1105691
W5,Minyak kayu putih Cap Lang 30ml (Bayi),Bayi,1.1061432
W2,Ember,RumahTangga,1.1039106
W3,Isolasi,RumahTangga,1.0988405
W3,Popok MamyPoko isi 10,Bayi,1.0929791
W5,Cutter Joyko,ATK,1.0911435
W1,Susu formula SGM 200g,Bayi,1.0825356
W6,Pengki,RumahTangga,1.0782369
W6,Regulator gas,LPG,1.0775967
W6,Map,ATK,1.0758691
W3,Map,ATK,1.0649519
W4,Popok Merries isi 10,Bayi,1.058642
W3,Susu formula SGM 200g,Bayi,1.0575495
W6,Stabilo,ATK,1.0519068
W3,Hanger,RumahTangga,1.0447682
W1,Kabel USB,RumahTangga,1.0329188
W4,Susu formula SGM 200g,Bayi,1.0285515
W1,Susu formula Dancow 200g,Bayi,1.0231432
W2,Lilin,RumahTangga,1.0228539
W3,Baterai AAA ABC 2pcs,RumahTangga,1.0218269
W6,Rautan Joyko,ATK,1.0179913
W5,Kabel USB,RumahTangga,1.003418
W6,Isolasi,RumahTangga,0.9989469
W6,Amplop,ATK,0.99298143
W2,Baterai AAA ABC 2pcs,RumahTangga,0.99271184
W6,Buku gambar,ATK,0.98353606
W1,Baterai AAA ABC 2pcs,RumahTangga,0.9817311
W3,Susu formula Dancow 200g,Bayi,0.9786342
W1,Baterai AA ABC 2pcs,RumahTangga,0.9784329
W3,Buku gambar,ATK,0.9776288
W3,Spidol Snowman,ATK,0.97004527
W3,Gayung,RumahTangga,0.969643
W2,Terminal listrik,RumahTangga,0.96347487
W1,Lakban,RumahTangga,0.9582966
W6,Gayung,RumahTangga,0.9492928
W6,Bohlam LED Hannochs 9W,RumahTangga,0.946217
W6,Susu formula Dancow 200g,Bayi,0.9453455
W5,Susu formula Dancow 200g,Bayi,0.94462717
W3,Bohlam LED Hannochs 9W,RumahTangga,0.942896
W4,Gayung,RumahTangga,0.94220185
W6,Correction pen Joyko,ATK,0.94143206
W3,Tali per meter,RumahTangga,0.93219846
W6,Cutter Joyko,ATK,0.9312626
W6,Spidol Snowman,ATK,0.92764616
W3,Cutter Joyko,ATK,0.9230715
W6,Pensil Faber-Castell,ATK,0.9213762
W2,Senter,RumahTangga,0.9196367
W4,Susu formula Dancow 200g,Bayi,0.9179471
W4,Isolasi,RumahTangga,0.9171175
W1,Senter,RumahTangga,0.9120558
W3,Lem Alteco,RumahTangga,0.90745634
W2,Pel,RumahTangga,0.9009051
W4,Minyak telon My Baby 60ml,Bayi,0.8984448
W6,Tali per meter,RumahTangga,0.89787436
W6,Baterai AA ABC 2pcs,RumahTangga,0.89416385
W3,Ember,RumahTangga,0.88710713
W3,Pensil Faber-Castell,ATK,0.8748808
W6,Kabel USB,RumahTangga,0.86823004
W6,Ember,RumahTangga,0.857102
W3,Lakban,RumahTangga,0.84933645
W6,Gunting Joyko,ATK,0.8478959
W6,Hanger,RumahTangga,0.84679925
W6,Baterai AAA ABC 2pcs,RumahTangga,0.84610903
W3,Baterai AA ABC 2pcs,RumahTangga,0.84501106
W4,Hanger,RumahTangga,0.84489506
W6,Terminal listrik,RumahTangga,0.8405172
W3,Kabel USB,RumahTangga,0.83834505
W3,Lilin,RumahTangga,0.8368676
W4,Kabel USB,RumahTangga,0.8349146
W3,Bohlam LED Philips 5W,RumahTangga,0.8274121
W6,Penggaris Butterfly 30cm,ATK,0.82667714
W6,Lilin,RumahTangga,0.824985
W3,Penggaris Butterfly 30cm,ATK,0.82481825
W4,Pel,RumahTangga,0.8083669
W6,Sapu lidi,RumahTangga,0.80827713
W1,Charger,RumahTangga,0.8063711
W3,Sapu lidi,RumahTangga,0.8019473
W4,Senter,RumahTangga,0.8019264
W4,Lakban,RumahTangga,0.7995905
W4,Sapu lidi,RumahTangga,0.77746165
W4,Charger,RumahTangga,0.71739644
W3,Charger,RumahTangga,0.71739644
W2,LPG 5.5kg,LPG,0.6643764
W3,LPG 5.5kg,LPG,0.66416293
W1,LPG 5.5kg,LPG,0.65598166
W5,Beras premium 10kg,Sembako,0.5588913
W2,Beras premium 10kg,Sembako,0.5575458
W1,Beras premium 10kg,Sembako,0.55222595
W6,Beras premium 10kg,Sembako,0.5515828
W3,Beras premium 10kg,Sembako,0.5515828
W4,Beras premium 10kg,Sembako,0.5515828
W2,LPG 12kg,LPG,0.5452136
